location,lon,lat,method
10000 N BURR AV,-122.737568345561,45.595556136435,census-address
1001 SE 60TH AV,-122.602288947704,45.530374894088,census-address
10010 SW Terwilliger Blvd,-122.678641811776,45.453116047233,census-address
1010 SW TAYLORS FERRY Rd,-122.688712150055,45.463343283247,census-address
10101 SW 55TH AV,-122.733485981173,45.452363136911,census-address
10125 N MACRUM AV,-122.730466216565,45.596507072838,census-address
10220 SW LANCASTER RD,-122.698646941601,45.45114124209,census-address
10232 N Midway Ave,-122.734758319921,45.597272457148,census-address
1040 NW 10th Ave,-122.681296514183,45.530419197264,census-address
10445/10446 NE 6TH DR,-122.660558914862,45.598024651619,census-address
10457/10445 NE 6th Dr,-122.660508321729,45.598085276448,census-address
10547 SW 14TH DR,-122.693106635479,45.449227007457,census-address
10573 NW Skyline Blvd,-122.827893185924,45.599844322111,census-address
10588/10585 NW Skyline Blvd,-122.828716445926,45.599897235713,census-address
10604/10575 NW Skyline Blvd,-122.829065585716,45.599870794798,census-address
10614 NW ST HELENS RD (LINNTON COMMUNITY CEN),,,not located
10641 SW 14TH DR,-122.694689855494,45.447976172196,census-address
10729 NW Brooks Rd,-122.857185672825,45.598227297637,census-address
10738 NW OLD CORNELIUS PASS RD,-122.866802796169,45.600338355672,census-address
10800 NW Skyline Blvd,-122.832608485547,45.600475567344,census-address
10800 SW Barbur Blvd,-122.729202119065,45.447535836055,census-address
10819 SW CAPITOL HWY (HOLLY FARM PARK),-122.725408176918,45.447371700132,census-address
10925 SW 55TH AVE,-122.73344090316,45.446489953972,census-address
110 N TOMAHAWK ISLAND DR,-122.670731668083,45.606505109966,census-address
11016 NW Skyline Blvd,-122.832678870986,45.603414539118,census-address
1106 SE CORA ST,-122.654069522062,45.492072434539,census-address
11105 S SOUTHRIDGE DR,-122.67355342878,45.444620970142,census-address
11135 NW Skyline Blvd,-122.83314202834,45.604509622525,census-address
1114 NW 53rd Dr,-122.732637956742,45.530151655966,census-address
1122 SW STEPHENSON ST,-122.690743477789,45.439898930305,census-address
11240 SW Barbur Blvd,-122.734214018688,45.444788409311,census-address
1126 NE 21ST AV,-122.644762429934,45.530811282696,census-address
11270 NW SKYLINE BLVD,-122.834861667472,45.607324956005,census-address
11301 NW Skyline Blvd,-122.836472620486,45.606831235588,census-address
11315 NW Brooks Rd,-122.857055867653,45.604862946728,census-address
11380 NW SKYLINE BLVD,-122.845710317815,45.604939176528,census-address
1150 NW 9TH AV,-122.680311096225,45.531201784799,census-address
11523/11516 NW Skyline Blvd,-122.852952027856,45.605843158046,census-address
11536 NW SKYLINE BLVD (SKYLINE EL),-122.856974136982,45.606986717086,census-address
11630 NW Skyline Blvd,-122.85803521988,45.607239418824,census-address
11640 SW BOONES FERRY RD,-122.685466280242,45.440848473078,census-address
11703 NW OLD CORNELIUS PASS RD,-122.865409573596,45.607986768497,census-address
12021 NW McNamee Rd,-122.833471716571,45.609493185113,census-address
12100 SW Lesser Rd,-122.741048337496,45.438478667854,census-address
1211 SW Highland Rd,-122.724005219735,45.513424339019,census-address
1221 SW ARNOLD ST,-122.690718003021,45.445718914372,census-address
12248 NW Skyline Blvd,-122.862760741872,45.609529355742,census-address
1231 SE 92ND AV (CLARK ELEM),-122.569214743883,45.514156129205,census-address
1235 SW ARNOLD ST,-122.690777137698,45.44568785173,census-address
12443 NW GERMANTOWN RD,-122.80236579168,45.581083961197,census-address
12525 NW Germantown Rd,-122.80373420283,45.581779632994,census-address
1258/1255/1266 SW TAYLORS FERRY RD,,,not located
12610/12615 NW Skyline Blvd,-122.865021529487,45.612641935392,census-address
1278 SW TAYLORS FERRY RD,-122.691106518104,45.461838579913,census-address
12875 NW OLD GERMANTOWN RD,-122.811881693245,45.579549203296,census-address
12875 NW Old Germantown Rd,-122.811881693245,45.579549203296,census-address
12925 NW ROCK CREEK RD,-122.886448830382,45.614644215645,census-address
13000 NW OLD GERMANTOWN RD,-122.811853451233,45.578648023027,census-address
13020 NW Germantown Rd,-122.810467719872,45.583877684504,census-address
13106 NW Germantown Rd,-122.811308723581,45.584312338981,census-address
13118 NW OLD GERMANTOWN RD,-122.811386685074,45.577601915288,census-address
1317 SW Taylors Ferry Rd,-122.691464855814,45.461084542744,census-address
13200 NW Old Germantown Rd,-122.812520063328,45.577386798703,census-address
1321 SW KARI LN,-122.693310836169,45.447679844336,census-address
13253 NW McNamee Rd,-122.841448315117,45.618478566388,census-address
1330 SW STEPHENSON ST,-122.692525824628,45.43991029288,census-address
13508 NW Springville Rd,-122.816342819697,45.567610964986,census-address
13625 NW Old Germantown Rd,-122.816329407524,45.581379719927,census-address
1370/1375 SW Taylors Ferry Rd,-122.691935527899,45.459983376062,census-address
13700 NW Newberry Rd,-122.81758550937,45.612164706082,census-address
13939 GERMANTOWN RD,-122.822228302535,45.585535936451,census-address
1401 SW Highland Rd,-122.723414467077,45.512439136332,census-address
14049 NW Cornelius Pass Rd,-122.864593626627,45.62501138458,census-address
1405 SW Kari Ln,-122.693665050288,45.448811751967,census-address
1406 SW CUSTER DR,-122.693450756381,45.469926067925,census-address
1409 SW MAPLECREST DR,-122.692969037145,45.451201374117,census-address
1417 SW HIGHLAND PKWY,-122.729277364433,45.51235250371,census-address
14190 NW McNamee Rd,-122.845974526947,45.625877164878,census-address
14275 NW SKYLINE BLVD,-122.880835579681,45.624469381704,census-address
1430/1420 SW Bertha Blvd,-122.693979063115,45.471269117038,census-address
14315 NW Cornelius Pass Rd,-122.865150090968,45.626737372629,census-address
14323 NW Skyline Blvd,-122.881650834211,45.624695174709,census-address
14355 N BYBEE LAKE CT,-122.755606171434,45.629574006384,census-address
1436 SE SPOKANE ST(SELLWOOD CH-STOP ON 15TH),-122.651661106339,45.464978026716,census-address
1436 SE SPOKANE ST(SELLWOOD CH-STOP ON 15TH) [NE,-122.651661106339,45.464978026716,census-address
1436 SE SPOKANE ST(SELLWOOD CH-STOP ON 15TH) [NW,-122.651661106339,45.464978026716,census-address
14440 NW McNamee Rd,-122.850120499776,45.625874387997,census-address
14625 NW GERMANTOWN RD,-122.828571703364,45.583841735864,census-address
14819 NW McNamee Rd,-122.853669269446,45.631510349493,census-address
14838 NW Newberry Rd,-122.830452272058,45.60405961175,census-address
14940 NW Newberry Rd,-122.831023664498,45.60434190628,census-address
14960 NW Newberry Rd,-122.831137775976,45.604398026489,census-address
1515 SE UMATILLA ST (SELLWOOD MS),-122.650668707679,45.462952130766,census-address
15230 NW CORNELIUS PASS RD,-122.865657916437,45.632904680614,census-address
1528 SW Maplecrest Dr,-122.694961664385,45.453608720492,census-address
15446 NW Cornelius Pass Rd,-122.864298654835,45.633467800311,census-address
1557 NE WEIDLER ST,-122.649915324094,45.534367795104,census-address
15610 NW GERMANTOWN RD,,,not located
15710 NW McNamee Rd,-122.852693354822,45.641590493336,census-address
15725 NW SHELTERED NOOK RD,-122.867178804138,45.636747019106,census-address
161 NE 82ND AV(VESTAL),-122.579132322029,45.524850737868,census-address
16115 NW Elliott Rd,-122.896749150436,45.640123398453,census-address
1612 SW Taylors Ferry Rd,-122.695005014245,45.458514076755,census-address
16223 NW Rock Creek Rd,-122.892350846128,45.640154009238,census-address
16230 NW SHELTERED NOOK RD,-122.867452666899,45.638678620802,census-address
1630 NE 38TH AV,-122.623902851226,45.534884592748,census-address
1670 SW Sunset Blvd,-122.695272684863,45.480583120721,census-address
16946 NW ST HELENS RD,-122.843222267433,45.647007894847,census-address
17045 NW ST HELENS RD,-122.844158694514,45.647266515116,census-address
17045 NW St Helens Rd,-122.844158694514,45.647266515116,census-address
1725 SW Multnomah Blvd,-122.695509988934,45.465942876367,census-address
17528 NW ST HELENS RD,-122.848952327673,45.650057663987,census-address
1765 SE 32ND PL (EDWARDS SCHOOL),-122.631672770513,45.510220737092,census-address
17677/17600 NW Skyline Blvd,-122.897537849388,45.650876562132,census-address
1771 N FLINT AV,-122.668829624216,45.535522729341,census-address
17819 NW SKYLINE BLVD,-122.898443001625,45.651993397377,census-address
18030 NW JOHNSON RD,-122.916219831603,45.653845693765,census-address
18038 NW Johnson Rd,-122.915855563881,45.653924166224,census-address
1807 SW BROADWAY DR,-122.698172734868,45.505884687382,census-address
1818 SW Broadway Dr,-122.69816685805,45.50576853559,census-address
18375 NW Johnson Rd,-122.902891775127,45.65691750062,census-address
18445 NW Logie Trail Rd,-122.866063911473,45.661830153433,census-address
1849 SW SALMON ST (MAC),-122.692168274414,45.520266450595,census-address
18600 NW SKYLINE BLVD,-122.901903377339,45.657416202403,census-address
1910 SW STEPHENSON ST,-122.697596774209,45.440009877587,census-address
1915 NE 33RD AVE (BEVERLY CLEARY FERNWOOD),-122.630747184848,45.536581807708,census-address
19210 NW Logie Trail Rd,-122.879262764627,45.65753056634,census-address
19325 NW MORGAN RD,-122.876102922759,45.666945734213,census-address
19379 NW MORGAN RD,-122.877127815915,45.666635312716,census-address
1960 SW STEPHENSON ST,-122.698155787615,45.440016093041,census-address
1972 NW FLANDERS ST,-122.691785441387,45.52557724073,census-address
2008 SW Taylors Ferry Rd,-122.698325277225,45.4587807335,census-address
2020 SW ARNOLD ST,-122.698524047016,45.446461138945,census-address
2033 NW GLISAN ST,-122.693083673905,45.526381680532,census-address
2033 NW GLISAN ST(MLC),-122.693083673905,45.526381680532,census-address
2033 NW Glisan St,-122.693083673905,45.526381680532,census-address
2045 S River Pkwy,-122.67533317144,45.507321874733,census-address
20505 NW MORGAN RD,-122.886330682737,45.663399776048,census-address
2065 S River Pkwy,-122.675212394261,45.507309879734,census-address
211/213 Hidalgo,,,not located
2111 SW ARNOLD ST,-122.699512095599,45.446612223112,census-address
2121 SW Multnomah Blvd,-122.701296779505,45.465414011584,census-address
2133 N ARGYLE ST,-122.688295008279,45.58459203762,census-address
21555 NW SKYLINE BLVD,,,not located
2212 SW Taylors Ferry Rd,-122.700200767203,45.458109823845,census-address
2221 SW BROADWAY DR,-122.700762202798,45.50584795058,census-address
22241/22238 NW Beck Rd,-122.904559033557,45.641407300431,census-address
2225 SE 87TH AV (HARRISON PARK),-122.574302041286,45.506657910575,census-address
2233 SW BOUNDARY ST,-122.699693268544,45.484837308444,census-address
224 HIDALGO,,,not located
22542 NW BECK RD,-122.904413610142,45.64122502368,census-address
2271 SE 41ST AV (RICHMOND SCHOOL),-122.620427799475,45.506395259329,census-address
2289 SW HUMPHREY PARK RD,,,not located
2294 SW HUMPHREY PARK RD,-122.726637518433,45.508472920018,census-address
2294/2302 SW VERMONT ST,-122.699062310321,45.475980550608,census-address
2300 SW Sunset Blvd,-122.700599368745,45.486447713349,census-address
2326 NE LOMBARD ST,-122.642123125711,45.574666409572,census-address
2414 NE RODNEY AV,-122.664066341557,45.540083549946,census-address
2425 SW VISTA AV (AINSWORTH SCHOOL),-122.699525973886,45.509220006323,census-address
2488 SW SHERWOOD DR,-122.701400251408,45.502232859696,census-address
2515 SW Beaverton Hillsdale Hwy,-122.70273727061,45.480124864925,census-address
2535 SW BERTHA BLVD,-122.702818571041,45.479366626706,census-address
2607/2551 SW HUME CT,-122.703577473245,45.464509231265,census-address
2630 SW Taylors Ferry Rd,-122.704016647275,45.458041542051,census-address
2633 SW Huber St,-122.703668155636,45.451822472421,census-address
2641 SW SPRING GARDEN ST (SPRING TERRACE APT) [NW,-122.704167293048,45.462760158094,census-address
2641 SW SPRING GARDEN ST (SPRING TERRACE APT) [SE,-122.704167293048,45.462760158094,census-address
2703 SW BERTHA BLVD,-122.704117746771,45.479482278786,census-address
2712 SW Patton Rd,-122.705388531716,45.505053377596,census-address
2714/2716 SW Beaverton Hillsdale Hwy,-122.705094383021,45.480479743804,census-address
2715 SW Taylors Ferry Rd,-122.704841942933,45.458148547019,census-address
2739 SW SPRING GARDEN ST,-122.704916421498,45.462547808836,census-address
2756 SW BOUNDARY ST,-122.70547750141,45.485004842852,census-address
2818 SE 71ST AV,-122.589753136895,45.50223796398,census-address
2818 SW 1ST AV,-122.678607288779,45.502806063513,census-address
2838 SW SAM JACKSON PARK RD,-122.690031635239,45.502631609631,census-address
2850 SW FAIRVIEW BLVD,-122.711695808812,45.519513828126,census-address
2917 SW Fairview Blvd,-122.70977311523,45.521249968203,census-address
2936 SW CUSTER ST,-122.707324852166,45.469714054664,census-address
3000 SE POWELL BLVD,-122.634467244414,45.497039393114,census-address
3027 SW Ridge Dr,-122.70747286287,45.454604856699,census-address
3028 NE 92ND AV,-122.569893338461,45.544349052435,census-address
3048 SW MILES ST (WEST HILLS LEARNING CTR),-122.708126482303,45.470983729542,census-address
3101 MCNARY PKWY (MMCKNARY AND CONDOLEA),,,not located
3105 SW Barbur Blvd,-122.680937750861,45.50074508637,census-address
3119 SE Holgate (GROUT EL),-122.633437527246,45.490650709597,census-address
3124 SW ARNOLD ST,-122.708475473689,45.4450909381,census-address
3124 SW TAYLORS FERRY RD,-122.708425317233,45.457362295735,census-address
3145 SE 92nd Ave,-122.568073734789,45.499348619013,census-address
318 SW PALATINE HILL RD,,,not located
3200 NW SKYLINE BLVD,-122.760976894103,45.544983750046,census-address
3228/3212 SW BEAVERTON HILLSDALE HWY,,,not located
3238 SE 92ND AV,-122.568211532432,45.49853619998,census-address
3262 SW FAIRMOUNT BLVD,-122.703769930711,45.493729868677,census-address
3278 SW BEAVERTON HILLSDALE HWY,,,not located
3323 SW MULTNOMAH BLVD,-122.710865224213,45.466896673948,census-address
3323 SW MULTNOMAH BLVD (GRACE MANOR APTS),-122.710865224213,45.466896673948,census-address
3345 SW ILLINOIS ST,-122.711360014443,45.479404839587,census-address
3351 SW SPRING GARDEN ST,-122.71120981915,45.463577876808,census-address
3392 SW FAIRMOUNT BLVD,-122.711030664611,45.500570091649,census-address
3415 NE 64TH AV,-122.5974299807,45.547640325418,census-address
3515 SW Barbur Blvd,,,not located
3525 SW POMONA ST,-122.713189000362,45.44542319514,census-address
3541 SW Beaverton Hillsdale Hwy,-122.711842957172,45.48247003397,census-address
3602 SW Beaverton Hillsdale Hwy,,,not located
3606 NE 42ND AV (BEAUMONT MS),-122.620301473001,45.549201701273,census-address
3610 SW Greenleaf Dr,-122.714677596316,45.501769381612,census-address
3611 SW HUMPHREY BLVD,-122.714382516803,45.502554192584,census-address
3615 SW BOUNDARY ST,-122.714306000914,45.484877457092,census-address
3643 SW VERMONT ST,-122.714745813959,45.476194153693,census-address
3648 SW Beaverton Hillsdale Hwy,,,not located
3707 NE COLUMBIA BLVD,-122.62487492531,45.572687009746,census-address
3720 SW DOSCH RD,-122.711658136545,45.49640320687,census-address
3737 SW HUMPHREY BLVD,-122.715107246292,45.503306720967,census-address
374 NW MACLEAY BLVD,-122.70626861681,45.52633997862,census-address
3825 SW Scholls Ferry Rd,-122.742674673641,45.495528579387,census-address
3842 SW KANAN DR,-122.716291152778,45.481120922869,census-address
3913 SW DOLPH CT,-122.717376321687,45.461864928731,census-address
3939 N Marine Dr,-122.711897455717,45.617126160959,census-address
3940 SW SHATTUCK RD,-122.726670599288,45.494507684494,census-address
3949 SE 91ST AV,-122.570059674737,45.49354232218,census-address
4000 SW PENDLETON ST,-122.718661710764,45.481118078812,census-address
4001 SW Scholls Ferry Rd,-122.743416180838,45.494111315219,census-address
4004/4005 SW Scholls Ferry Rd,-122.7431795909,45.49431638617,census-address
4013 NE 18TH AV (SABIN SCHOOL),-122.647328360958,45.551373196435,census-address
4105 SE 98TH AV,-122.562884358709,45.49227624391,census-address
4157 NE ROYAL CT (LAURELHURST SCHOOL),-122.620174767711,45.528838290855,census-address
4163 SW COUNCIL CREST DR,-122.700464192841,45.493275511419,census-address
4220 SW Shattuck Rd,-122.727665241539,45.492769599528,census-address
4240 SW HUBER ST,-122.720879281627,45.452241860795,census-address
4310 SW TAYLORS FERRY RD,-122.72202942342,45.454640272033,census-address
4336 SW Pendleton St,-122.721676308733,45.4811291886,census-address
4360 NE PORTLAND HWY,-122.618329753148,45.570010411595,census-address
4401 SE EVERGREEN ST(LEWIS SCHOOL),-122.618188436738,45.473321403553,census-address
4408 SW VESTA ST,-122.722321864171,45.441045188373,census-address
4430 N TRENTON ST (ROSA PARKS SCHOOL),-122.712753213487,45.58861817607,census-address
4430 N TRENTON ST(REGENCE B&G CLUB),-122.712753213487,45.58861817607,census-address
4439 SW BEAVERTON HILLSDALE HWY,-122.722746399234,45.485787070061,census-address
4506 SE CESAR E CHAVEZ BLVD,-122.622711629315,45.490186953397,census-address
4515 SW CAMERON RD,-122.723471325671,45.483543562308,census-address
4530 SW FAIRHAVEN DR,-122.723393133987,45.515547777552,census-address
4541 SW FAIRHAVEN DR,-122.724148658638,45.515401550198,census-address
4541 SW SHATTUCK RD,-122.729327009432,45.490505614918,census-address
4616 SW FAIRVIEW BLVD,-122.724968026795,45.515821123886,census-address
4616 SW PATTON RD,-122.724165598839,45.498389390041,census-address
4617 SE MILWAUKIE AV,-122.65100871779,45.489443418663,census-address
4635 SW Shattuck Rd,-122.729626297149,45.489979552456,census-address
4645 SW CAMERON RD,-122.725250323524,45.483558432455,census-address
4645 SW FAIRVIEW BLVD,-122.725276947595,45.51593480333,census-address
465 NE Davis St,-122.661081425138,45.524416408198,census-address
4650 SW Taylors Ferry Rd,-122.725395689803,45.454667419843,census-address
4651 SW MAPLEWOOD RD,-122.724630784311,45.469333323363,census-address
4701 SE BUSH ST (CRESTON EL),-122.613996417441,45.49519499375,census-address
4702 SW SLAVIN RD,-122.679865213435,45.489150762261,census-address
4703 SW PATTON RD,-122.725462020377,45.498252061001,census-address
4705 NE 7TH AV (KING ELEMENTARY ON NE 7TH AV),-122.658638952864,45.556872196755,census-address
4706 SW Garden Home Rd,-122.72529851212,45.465337180345,census-address
4711/4718 SW SHATTUCK RD,-122.729827083511,45.489546855932,census-address
4737 N Fessenden St,-122.716416346649,45.591253619979,census-address
4810 SW FAIRHAVEN DR,-122.726204550911,45.514086485525,census-address
4820 SW Barbur Blvd,-122.682672784025,45.488466476043,census-address
4824 SW GARDEN HOME RD,-122.726448441424,45.464624552937,census-address
4828 SW DOSCH RD (ST ANDREWS AFTER CARE),-122.710258375988,45.488214415162,census-address
4840 NE PORTLAND HWY,,,not located
4878 SW Garden Home Rd,-122.726245719341,45.464177216598,census-address
4901 SW FAIRHAVEN DR,-122.727332292762,45.513775323283,census-address
4910 SW 45TH AV (CREEKSIDE APTS),-122.723116237495,45.487529824269,census-address
4911 NE 82ND AV  (STUDIO 6),-122.578636224165,45.558692208045,census-address
4911 NE 82ND AV (STUDIO 6 HOTEL),-122.578636224165,45.558692208045,census-address
4911 SW HAMILTON ST,-122.727515100801,45.490791655819,census-address
4912 NE PORTLAND HWY,,,not located
4931 SW Beaverton Hillsdale Hwy,-122.727468095056,45.486911521809,census-address
4931 SW Garden Home Rd,-122.727179704336,45.463556807621,census-address
4937 SW Fairhaven Dr,-122.727737825866,45.513992680281,census-address
4938 SW Barbur Blvd,-122.6826335231,45.487783683662,census-address
4944 SW Barbur Blvd,-122.682622764997,45.487706216994,census-address
4946 SW Barbur Blvd,-122.682619178962,45.487680394771,census-address
4969 SW HUMPHREY PARK CRST,-122.727775761798,45.507357529184,census-address
50 KERR PKWY [BLUFFS APT EAST ENTRANCE),,,not located
5008/5009 SW Barnes Rd,-122.727995433191,45.518596898454,census-address
5014 SW SLAVIN RD,-122.680316904952,45.487204958321,census-address
5020 SW Fairhaven Dr,-122.728740981503,45.51434029462,census-address
5041 SW Beaverton Hillsdale Hwy,-122.728825333994,45.487113519839,census-address
5100 NW Skyline Blvd,-122.783203252807,45.559852393847,census-address
5103 N WILLIS BLVD (CESAR CHAVEZ),-122.718954505241,45.58412967338,census-address
5105 SE 97TH AV (LENT SCHOOL),-122.563513285318,45.485709135831,census-address
5110 SW SLAVIN RD,-122.68161547059,45.486714559338,census-address
5124 SW DOLPH CT,-122.729679864739,45.461807282528,census-address
5131 SW 38th Pl (WAIT BY TIMBERLEE SIGN),,,not located
5136 SW 19TH DR,-122.698022996281,45.486019838184,census-address
5215 SE PARDEE ST,-122.608739166553,45.489744494502,census-address
5221 N HAIGHT AV,-122.670136554908,45.561114119242,census-address
5233 SW HEWETT BLVD,-122.730191542667,45.503427295833,census-address
5250 NE MARTIN LUTHER KING JR BLVD (BLAZERS),-122.661379049493,45.561216495518,census-address
5300 NE CULLY BLVD (VILLA DE CLARA VISTA APT),-122.595457071874,45.561342117807,census-address
5330 SW TAYLORS FERRY RD,-122.731913380616,45.454718239797,census-address
5401 NE PRESCOTT ST,-122.608200189415,45.555555715399,census-address
5405 SW Shattuck Rd,-122.734371669268,45.484852635635,census-address
5410 SE HARNEY DR,-122.607654094625,45.462862809976,census-address
5410 SE Harney Dr,-122.607654094625,45.462862809976,census-address
5420 SW VERMONT ST,-122.732741122411,45.476277746032,census-address
5428 SW Garden Home Rd,-122.732686184225,45.46453436049,census-address
5505 SW 23RD AV,-122.70082505221,45.483779083384,census-address
5505 SW 23RD AV (GRAY),-122.70082505221,45.483779083384,census-address
5518 S Corbett Ave,-122.676734283996,45.483632692212,census-address
5530 SE 72ND AVE(MT SCOTT COMM CNTR),-122.589162239031,45.48274043769,census-address
5575 SW MULTNOMAH BLVD,-122.734493735313,45.467561122862,census-address
5626 SE WOODWARD ST (CLINTON PARK),-122.604742972566,45.501353189965,census-address
5663 SW Garden Home Rd,-122.735579729574,45.465250300949,census-address
5704 SW BEAVERTON HILLSDALE HWY,-122.736078454398,45.486988793756,census-address
5720 SW BOUNDARY ST,-122.736171312685,45.485765096513,census-address
5735 SW Taylors Ferry Rd,-122.73592888454,45.454866165104,census-address
5754 NW SKYLINE BLVD,-122.788880230167,45.564443585554,census-address
5800 SE DIVISION ST (ATKINSON SCHOOL),-122.603426469114,45.505292225209,census-address
5817 SW BEAVERTON HILLSDALE HWY,-122.736955957534,45.487102027104,census-address
5838 SW VERMONT ST,-122.736918758818,45.47631721065,census-address
5854 SW BEAVERTON HILLSDALE HWY,-122.737827299962,45.486989683762,census-address
5910 SW 30TH AV,-122.707660520691,45.481189146158,census-address
5924 SW VERMONT ST,-122.737774882437,45.476326167183,census-address
5929 NW Skyline Blvd,-122.790392843972,45.566445731643,census-address
5935 SW ILLINOIS ST,-122.737940190138,45.479438769875,census-address
5947 NW Cornell Rd,-122.73970520765,45.532857059076,census-address
6005 SW BOUNDARY ST,-122.737904852199,45.485894418552,census-address
6010 SW 30TH AV (HERITAGE APTS),-122.707655531414,45.480331240828,census-address
6014 SW Shattuck Rd,-122.737149834262,45.481585172416,census-address
6019 SW Vermont St,,,not located
6023 SE FLAVEL DR,-122.601851869169,45.462122005796,census-address
6031 N MONTANA AV,-122.680233744105,45.566641626821,census-address
6042 SW CANBY ST,,,not located
6055 SW Beaverton Hillsdale Hwy,-122.739440929676,45.48712140005,census-address
6111 SW BEAVERTON HILLSDALE HWY,-122.739949117441,45.487126929993,census-address
6126 SW HAINES ST,-122.740194863489,45.436828969987,census-address
6129 SW MULTNOMAH BLVD,-122.74088194047,45.467594137825,census-address
6134 SW 18th Dr,-122.697257807268,45.479076097461,census-address
6204 NE SIMPSON ST,-122.598596017799,45.565054440122,census-address
6207/6213 SW BEAVERTON HILLSDALE HWY,-122.740820296468,45.487136409894,census-address
621 NW Skyline Blvd,-122.756967446445,45.527808762817,census-address
6216 SW 37th Ave,-122.71531955658,45.479289751897,census-address
623 SE 84TH AV,-122.577248054053,45.517946875463,census-address
6244 N COLUMBIA WY,-122.729612200623,45.593731299414,census-address
6301 SW PALATINE ST (WOODSIDE VISTA APTS #1),-122.741721545844,45.443884073765,census-address
6312/6304 SW BARNES RD,-122.742775498708,45.515792605892,census-address
6318 S CORBETT AV (ACCESS @ TERWILLIGER),-122.676802902461,45.47854019002,census-address
6332 SE DUKE ST,-122.597577031342,45.475778680079,census-address
6336 SW BEAVERTON HILLSDALE HWY,-122.742435108802,45.487028067636,census-address
635 N MARINE DR,-122.672483382639,45.602479970409,census-address
6404 SW 30TH AV,-122.70764496306,45.477661434456,census-address
6415 NE KILLINGSWORTH ST (ARBOR MHP),-122.59659624714,45.562791931103,census-address
6415 NE Killingsworth St,-122.59659624714,45.562791931103,census-address
6426 NE KILLINGSWORTH ST (VILLA DE SUENOS APT [SW,-122.597181805072,45.562679705392,census-address
6434 NE 42ND AV,-122.619478490477,45.569917795725,census-address
651 NE 60th Ave.,-122.602327909715,45.527278178811,census-address
6611 N FESSENDEN ST,-122.730915760681,45.592433991168,census-address
6622/6630 N FESSENDEN ST (MELROSE APT),-122.731077574116,45.592353376193,census-address
6651 SW CAPITOL HWY,-122.703962691355,45.476131300797,census-address
6651 SW CAPITOL HWY (MITTLEMAN JEWISH CC),-122.703962691355,45.476131300797,census-address
6700 NE PRESCOTT ST (SCOTT SCHOOL),-122.594226754858,45.555390201436,census-address
6729 SE POWELL BLVD,-122.594017355841,45.497506940762,census-address
6735/6730 NE KILLINGSWORTH ST,-122.593539792061,45.562763878126,census-address
6801 NW ST HELENS RD,-122.756869936347,45.572340997456,census-address
6808 NE KILLINGSWORTH ST,-122.592337194251,45.562644697609,census-address
6810 NW Skyline Blvd,-122.789950714581,45.57112249622,census-address
6814 NE 47TH AV,-122.614017122076,45.572352531718,census-address
6889 SW CAPITOL HILL RD,-122.696646613759,45.474086699189,census-address
6918 SE 48TH AV,-122.61336573911,45.473099961506,census-address
6965 SW 45TH AV,-122.723233996098,45.474475131407,census-address
700 N ROSA PARKS WY,-122.658254480543,45.570268436661,census-address
7015 NW Skyline Blvd,-122.789895879397,45.570443508965,census-address
7025 NE ALDERWOOD RD,-122.583686498924,45.573166702761,census-address
7039/7036 SW 35th Ave,-122.712943872781,45.473793745085,census-address
706 SW MAPLECREST DR,-122.685803163367,45.451755885799,census-address
7090 SW CANYON DR,-122.74983534587,45.498523658586,census-address
7120/7102 SW Capitol Hill Rd,-122.696180988449,45.472973646361,census-address
7133 SW 35th Ave,-122.71294210157,45.473098986479,census-address
7145 NE HALSEY ST,-122.589646567533,45.5336520595,census-address
719 SW MAPLECREST CT,-122.686031937891,45.453120438826,census-address
7200 SE 60TH AV,-122.602113879229,45.471261998488,census-address
7234 SE 62ND AV (BRENTWOOD COMM CTR),-122.599510595869,45.470792384671,census-address
7236 SW Capitol Hill Rd,-122.696839167484,45.471719026447,census-address
728 NW Skyline Blvd,-122.756042511255,45.525798965545,census-address
7290 SW CANYON LN,-122.75215602293,45.503996739481,census-address
7326 SE FLAVEL ST (WHITMAN SCHOOL),,,not located
7328/7325 SW 35th Ave,-122.712774239562,45.47141720152,census-address
7420 SW 35th Ave,-122.712771690972,45.470885921442,census-address
7439 N CHARLESTON AV (JAMES JOHN SCHOOL),-122.75195800577,45.589487957137,census-address
7452 SW 52ND AV(MAPLEWOOD ELEMENATRY SCHOOL) [,-122.730505175225,45.471087779133,census-address
7455 SW Canyon Dr,-122.75389233548,45.498363696455,census-address
7501 NW Skyline Blvd,-122.794283038724,45.575405636406,census-address
7501 SW CANYON RD,,,not located
7530 NW SKYLINE BLVD,-122.794151890476,45.576554260365,census-address
7555 SW Canyon Rd,,,not located
7617/7616 NW Skyline Blvd,-122.794320029123,45.576703169886,census-address
7688 SW CAPITOL HWY (MULTNOMAH ARTS CENTER),-122.709850957337,45.468575011877,census-address
7704 SW Capitol Hill Rd,-122.699860845977,45.468755834057,census-address
7714 SW 45TH AV/7802 SW 45th Ave,-122.723052962681,45.468350272808,census-address
7740 SE POWELL BLVD,-122.583320447299,45.497363424415,census-address
7740 SW 45TH AV/7738 SW 45th Ave,-122.723052775604,45.468859605691,census-address
7768 SW BURLINGAME AV,-122.687367997259,45.46842030608,census-address
7800 SW Capitol Hill Rd,-122.699864018373,45.468228915808,census-address
7802/7714 SW 45TH AV/7712 SW 45th Ave,-122.723052699605,45.469066522175,census-address
7828 SE ASPEN SUMMIT DR (SCOTT MOUNTAIN APTS) [NE,-122.564668363504,45.46636726007,census-address
7828 SE ASPEN SUMMIT DR (SCOTT MOUNTAIN APTS) [W,-122.564668363504,45.46636726007,census-address
783/815 NW NAITO PKWY,-122.674060092982,45.528786774229,census-address
7913 SE 92ND AVE,-122.568634414223,45.465977774328,census-address
7929 NW Skyline Blvd,-122.795590970367,45.578379203585,census-address
7948 SE ASPEN SUMMIT DR,,,not located
7980 SW Capitol Hill Rd,-122.699759718686,45.466395436203,census-address
8015 SE MARTINS ST,-122.581354422174,45.478997576978,census-address
8024 SW VALLEY VIEW CT,-122.758644685908,45.49922665396,census-address
8030 NW Skyline Blvd,-122.799561909246,45.583162022926,census-address
8042 NW SKYLINE BLVD,-122.799608311775,45.583198698232,census-address
8042/8142 NW SKYLINE BLVD,-122.799608311775,45.583198698232,census-address
8102 SW 61st (Stop on Garden Home)/6033 SW Ga,,,not located
8107 SW 45th Ave,-122.723244825747,45.466021397916,census-address
8125 N EMERALD AV (,-122.70000996915,45.582164255552,census-address
8125 SW Canyon Rd,,,not located
8130 NW Thompson Rd,-122.759454728967,45.543429000914,census-address
8138 SW 35TH AV,-122.712746540773,45.46580266047,census-address
8149 SE ASPEN SUMMIT DR,,,not located
815 SW Taylors Ferry Rd,-122.68672249797,45.462880780418,census-address
8210 SE Aspen Summit Dr,,,not located
8212 NE SANDY BLVD (COLUMBIA KNOLL APT),-122.578432911995,45.552458393541,census-address
825 SE 51ST AV (GLENCOE SCHOOL),-122.610510211317,45.516915713623,census-address
8250 SW CANYON LN,-122.761077714809,45.499392969589,census-address
8275 SW CANYON RD,-122.761675965594,45.498631309115,census-address
831 SW Taylors Ferry Rd,-122.686859590784,45.462903744954,census-address
8310 NW KAISER RD,-122.840656376616,45.582693773708,census-address
8340 NE BROADWAY (BROADWAY VANTAGE APT),-122.577223030849,45.534929131872,census-address
835 SW BROADWAY DR,-122.685960950789,45.504244908756,census-address
840 NE 41ST AV,-122.620701156888,45.528984641114,census-address
8420 SW Canyon Ln,-122.76355457645,45.498977299514,census-address
8421 SE 92ND AVE,-122.568693857693,45.462656809012,census-address
8510 SE STEELE ST,-122.574019853967,45.484597888374,census-address
8563 NW SKYLINE BLVD,-122.801525824352,45.583901300003,census-address
8611 SW 50TH AV,-122.727893675326,45.462735685732,census-address
8625 SE HARNEY ST,-122.57426457787,45.463286482006,census-address
8630 SW Barbur Blvd,-122.702799832362,45.462671982574,census-address
8651 NW Skyline Blvd,-122.802654054544,45.584592260243,census-address
8704 N Columbia Blvd,-122.752134148157,45.604784192666,census-address
8707 SW 62ND AV (ASH CREEK WOODS),-122.740612022304,45.462356988925,census-address
8708 NW Kaiser Rd,-122.841751623936,45.585142486432,census-address
8713 SE FLAVEL ST,-122.573727840003,45.468601366568,census-address
8722 NW Skyline Blvd,-122.803423304216,45.585216508773,census-address
8738 N BANK CIR,,,not located
8760 N BANK ST (PARK SIDE/RIDGECREST APTS),,,not located
8778 N COLUMBIA BLVD,-122.750180248299,45.603899046096,census-address
8928 SW 26th Ave,-122.703732152106,45.460529413313,census-address
8935 SW 52ND AV,-122.730477621413,45.460826237022,census-address
8937 N WESTANNA AV,-122.73123846059,45.587793203845,census-address
8970 N BANK ST,,,not located
900 SW Taylors Ferry Rd,-122.687642571862,45.463140230382,census-address
9000 NE MLK JR BLVD (FOX RUN MHP MLK ENTRANC),,,not located
9000 NE MLK JR BLVD (FOX RUN MHP MLK ENTRANC) [NE,,,not located
9021 SW 55TH AV,-122.734142439207,45.460169260707,census-address
9025 SE Flavel St,-122.570734731725,45.468539879414,census-address
9030 N Newman Ave,,,not located
9030 SE COOPER ST (KELLY SCHOOL),-122.571078474098,45.473339694683,census-address
908 SW GAINES ST,-122.689549319067,45.49683497332,census-address
908 SW Gaines St,-122.689549319067,45.49683497332,census-address
911 SW STEPHENSON CT,-122.687646221951,45.441276073106,census-address
9143 NW GERMANTOWN RD,-122.774384188048,45.58745501519,census-address
9157 NW GERMANTOWN RD,-122.774598860411,45.587543572371,census-address
920 SW Taylors Ferry Rd,-122.68780581422,45.463218872517,census-address
921 NE 91ST AV,-122.569945094721,45.529460169793,census-address
921 SW 57th Ave,-122.735362755193,45.516327179819,census-address
9248/9245 NW Skyline Blvd,-122.805620790071,45.587918624623,census-address
925 NW HOYT ST,-122.680539242872,45.527324844035,census-address
927 MAPLECREST CT,-122.687836264325,45.453132456724,census-address
9281 SW BOONES FERRY RD,-122.683252542806,45.458298138387,census-address
930 SW Skyline Blvd,-122.731206682741,45.515531102811,census-address
9330 SE HAROLD ST (WATTLES BOYS & GIRLS CLUB),-122.567670394775,45.48272992854,census-address
9364/9325 NW SKYLINE BLVD,-122.810999097666,45.589728580483,census-address
941 NW NAITO PKWY,-122.675302662417,45.529830090006,census-address
9420 NW KAISER RD,-122.844514915816,45.591855339746,census-address
9437 NW Germantown Rd,-122.779170659311,45.588725772234,census-address
9512 N Oswego Ave,-122.745867791914,45.596135790855,census-address
9532 SW 18TH PL,-122.695329359657,45.455777964354,census-address
9637 SW 62ND AV,-122.740944533224,45.45583983894,census-address
9800 NE 6th Dr,-122.66394504137,45.593626133089,census-address
9842 NW SKYLINE BLVD,-122.819644397487,45.595548483102,census-address
9843 NW Germantown Rd,-122.782249558807,45.590073557723,census-address
9863/9861 SW 35TH DR (WESTBROOK VILLAGE APTS),-122.712117018701,45.454694271977,census-address
9867 SW 35th Av,-122.712899767788,45.45295869667,census-address
9871 SW 35TH DR,-122.712156455228,45.454657510648,census-address
9900 SW 55TH AV,-122.733331766905,45.453965121138,census-address
9964 NW KAISER ROAD,-122.863090876412,45.595565785192,census-address
ACCESS @ TERWILLIGER GT AND ST LZ ON DAKOTA,,,not located
ART 4 LIFE ABERNETHY,,,not located
ASTOR SCHOOL (5601 N YALE ST),-122.729951288832,45.57831918196,census-address
BEACH SCHOOL (1710 N HUMBOLDT ST),-122.685020562031,45.558341152507,census-address
BECKET @ MASARYK ST,,,not located
CESAR CHAVEZ SCHOOL (5103 N WILLIS BLVD),-122.718954505241,45.58412967338,census-address
CHAPMAN,,,not located
CHAPMAN GT & ST & CAB LOADING ON NW RALEIGH,,,not located
CHIEF JOSEPH SCHOOL (2409 N SARATOGA ST),-122.691593656188,45.572689738199,census-address
E BURNSIDE ST @ NE 50TH AV,-122.6120412,45.5228932,osm-intersection
E BURNSIDE ST @ NE 58TH AV,-122.6043314,45.5228783,osm-intersection
E BURNSIDE ST @ NE 92ND PL,-122.5684089,45.5227046,osm-intersection
E BURNSIDE ST @ SE 50TH AV,-122.6120412,45.5228932,osm-intersection
E BURNSIDE ST @ SE 60TH AV,-122.6023342,45.5228679,osm-intersection
E BURNSIDE ST @ SE 80TH AV,-122.5814747,45.5227893,osm-intersection
E BURNSIDE ST @ SE 90TH AV,-122.5713918,45.5227385,osm-intersection
FAUBION SCHOOL (2930 NE DEKUM ST),-122.635078868196,45.571825697527,census-address
FOX RUN MOBILE HOME PARK VANCOUVER WY ENTRANC,,,not located
HAYHURST SCHOOL (5037 SW IOWA ST),-122.72926036594,45.479972617562,census-address
HIDALGO @ KERR PKWY,-122.726205,45.439588,osm-nearest-pair
JACKSON,,,not located
JACKSON (SW 35TH AV @ SW MARICARA ST),,,not located
JEFFERSON PKWY @ CERVANTES,-122.7257549,45.4345327,osm-intersection
KERR PKWY @ MCNARY PKWY (BLUFFS APT),-122.7200862,45.4354707,osm-intersection
MARKHAM (10531 SW CAPITOL HWY),-122.724373224731,45.44911215901,census-address
MCNARY PKWY @ HIDALGO,-122.7185448,45.4363632,osm-intersection
MCNARY PKWY @ JEFFERSON PKWY (CLUB APEX),-122.7154936,45.4348288,osm-intersection
MLK SCHOOL (NE 6TH AV @ NE ALBERTA ST),,,not located
MORRISON BRG No Intersection,,,not located
N AINSWORTH ST @ N ALBINA AV,-122.6749174,45.5664131,osm-intersection
N AINSWORTH ST @ N COMMERCIAL AV,-122.6712518,45.5664411,osm-intersection
N AINSWORTH ST @ N DENVER AV,-122.687504,45.5663479,osm-intersection
N AINSWORTH ST @ N MOORE AV,-122.6679733,45.566439,osm-intersection
N ALBERTA ST @ N KERBY AV,-122.6729897,45.5590152,osm-intersection
N ALBERTA ST @ N MICHIGAN AV,-122.6770427,45.5590024,osm-intersection
N ALBINA AV @ N BALDWIN ST,-122.6743562,45.5786325,osm-intersection
N ALBINA AV @ N MORGAN ST,-122.6748245,45.5744363,osm-intersection
N ALBINA AV @ N ROSA PARKS WY,-122.674877,45.5699295,osm-intersection
N ARGYLE ST @ N BRANDON AV,-122.6890492,45.5845318,osm-intersection
N BALDWIN ST @ N ALBINA AV,-122.6743562,45.5786325,osm-intersection
N BRANDON AV @ N ARGYLE ST,-122.6890492,45.5845318,osm-intersection
N BRANDON AV @ N KILPATRICK ST,-122.6890442,45.5823984,osm-intersection
N BRIDGETON RD @ N MOORE AV,-122.6671066,45.6026573,osm-intersection
N BROUGHTON DR @ N FIR AV,-122.689099,45.617573,osm-nearest-pair
N BROUGHTON DR @ N SCOULER AV,-122.6894117,45.6178269,osm-intersection
N BRUCE AV @ N CENTRAL ST,-122.7611839,45.6019826,osm-intersection
N BRYANT ST @ N GREENWICH AV,-122.6832392,45.5735147,osm-intersection
N BRYANT ST @ N NEWCASTLE AV,-122.6898767,45.5735151,osm-intersection
N BRYANT ST @ N VINCENT AV,-122.7016054,45.5736074,osm-intersection
N BURRAGE AV @ N TERRY ST,-122.6948399,45.5798433,osm-intersection
N CENTRAL ST @ N BRUCE AV,-122.7611839,45.6019826,osm-intersection
N COLUMBIA BLVD @ N CONGRESS AV,-122.6717174,45.5835987,osm-intersection
N CRAWFORD ST @ N SALEM AV,-122.7584973,45.5862765,osm-intersection
N DENVER AV @ N KILPATRICK ST,-122.6868965,45.5823895,osm-intersection
N ENDICOTT AV @ N WILLIS BLVD,-122.701416,45.5840043,osm-intersection
N FARRAGUT ST @ N FENWICK AV,-122.6847441,45.5788296,osm-intersection
N FESSENDEN ST @ N GENEVA AV,-122.7272581,45.5914794,osm-intersection
N FESSENDEN ST @ N OSWEGO AV,-122.7460102,45.5960313,osm-intersection
N FESSENDEN ST @ N TIOGA AV,-122.7411991,45.5948902,osm-intersection
N FISKE AV @ N WILLIS BLVD,-122.7163793,45.5840929,osm-intersection
N FLINT AV No Intersection,-122.6687325,45.5379985,osm-street-near-neighbours
N GREENWICH AV @ N BRYANT ST,-122.6832392,45.5735147,osm-intersection
N HAYDEN ISLAND DR @ N BEGONIA AV,-122.6835947,45.6145062,osm-intersection
N HAYDEN ISLAND DR @ N SOUTH SHORE,-122.6892022,45.6153643,osm-intersection
N HOUGHTON ST @ N DRUMMOND AV,-122.6994399,45.5870816,osm-intersection
N HUNT ST @ N BURRAGE AV,-122.6947895,45.5851421,osm-intersection
N JOHNSWOOD DR @ N POLK AV,-122.7401973,45.5991805,osm-intersection
N KERBY AV @ N ALBERTA ST,-122.6729897,45.5590152,osm-intersection
N KILLINGSWORTH ST @ N COMMERCIAL AV,-122.6711372,45.5626973,osm-intersection
N KILLINGSWORTH ST @ N HAIGHT AV,-122.6702096,45.5627017,osm-intersection
N KILPATRICK ST @ N BRANDON AV,-122.6890442,45.5823984,osm-intersection
N KILPATRICK ST @ N DENVER AV,-122.6868965,45.5823895,osm-intersection
N KILPATRICK ST @ N DWIGHT AV,-122.7145446,45.5823411,osm-intersection
N KILPATRICK ST @ N FOSS AV,-122.710263,45.5823302,osm-intersection
N LOMBARD ST @ N CHASE AV,-122.7048452,45.5771207,osm-intersection
N LOMBARD ST @ N HURST AV,-122.7090046,45.5771662,osm-intersection
N LOMBARD ST @ N MISSISSIPPI AV,-122.6763362,45.5772074,osm-intersection
N LOMBARD ST @ N NEWELL AV,-122.733319,45.5857263,osm-intersection
N LOMBARD ST @ N RENO AVE,-122.7613142,45.5980861,osm-intersection
N MACRUM AV @ N BANK ST,-122.7304046,45.5968517,osm-intersection
N MACRUM AV @ N MEARS ST,-122.7303787,45.5945739,osm-intersection
N MACRUM AV @ N PRINCETON ST,-122.7362175,45.582368,osm-intersection
N MARINE DR @ N ANCHOR WY,-122.6759537,45.6029401,osm-intersection
N MARINE DR @ N PIER 99 ST,-122.6850585,45.606871,osm-intersection
N MARINE DR No Intersection,-122.6766042,45.6030256,osm-street-near-neighbours
N MIDDLE SHORE @ N SOUTH SHORE,-122.6904685,45.6136685,osm-intersection
N MIDWAY AV @ N MEARS ST,-122.7349215,45.5945649,osm-intersection
N MONTANA AV @ N WATTS ST,-122.6802032,45.5813829,osm-intersection
N NEWELL AV @ N LOMBARD ST,-122.733319,45.5857263,osm-intersection
N OBERLIN ST @ N WESTANNA AV,-122.733095,45.5839529,osm-intersection
N OSWEGO AV @ N FESSENDEN ST,-122.7460102,45.5960313,osm-intersection
N PENINSULAR AV @ N BALDWIN ST,-122.6972435,45.5784719,osm-intersection
N PENINSULAR AV @ N HOUGHTON ST,-122.6971878,45.5870498,osm-intersection
N PENINSULAR AV @ N RUSSET ST,-122.6972433,45.5777833,osm-intersection
N POLK AV @ N JOHNSWOOD DR,-122.7401973,45.5991805,osm-intersection
N PORTSMOUTH AV @ N WILLIS BLVD,-122.722603,45.5844362,osm-intersection
N PRINCETON ST @ N MACRUM AV,-122.7362175,45.582368,osm-intersection
N ROSA PARKS WY @ N COMMERCIAL AV,-122.671232,45.5699335,osm-intersection
N ROSA PARKS WY @ N KERBY AV,-122.6728321,45.5699369,osm-intersection
N ROSA PARKS WY @ N MICHIGAN AV,-122.6768251,45.5699579,osm-intersection
N SCOULER AV @ N BROUGHTON DR,-122.6894117,45.6178269,osm-intersection
N SKIDMORE ST @ N BORTHWICK AV,-122.6733843,45.554585,osm-intersection
N SOUTH SHORE @ N HAYDEN ISLAND DR,-122.6892022,45.6153643,osm-intersection
N SOUTH SHORE @ N MIDDLE SHORE,-122.6904685,45.6136685,osm-intersection
N TERRY ST @ N ALBINA AV,-122.6743536,45.5800041,osm-intersection
N TOMAHAWK ISLAND DR @ N HAYDEN BAY DR,-122.6752085,45.6095183,osm-intersection
N TRENTON ST @ N SEWARD AV,-122.7033314,45.5886013,osm-intersection
N VANCOUVER AV @ N LOMBARD ST,-122.668434,45.5772185,osm-intersection
N WASHBURNE AV @ N FARRAGUT ST,-122.7053813,45.5793466,osm-intersection
N WASHBURNE AV @ N KILPATRICK ST,-122.7053575,45.5823066,osm-intersection
N WATTS ST @ N MONTANA AV,-122.6802032,45.5813829,osm-intersection
N WAYLAND AV @ N WILLAMETTE BLVD,-122.7110936,45.5752286,osm-intersection
N WESTANNA AV @ N OBERLIN ST,-122.733095,45.5839529,osm-intersection
N WILLAMETTE BLVD @ N HARVARD ST,-122.7204823,45.5738496,osm-intersection
N WILLIS BLVD @ N ENDICOTT AV,-122.701416,45.5840043,osm-intersection
N WILLIS BLVD @ N FISKE AV,-122.7163793,45.5840929,osm-intersection
N WILLIS BLVD @ N FOSS AV,-122.7102314,45.5840248,osm-intersection
N WILLIS BLVD @ N PORTSMOUTH AV,-122.722603,45.5844362,osm-intersection
NE 13TH AV @ NE FALOMA RD,-122.651914,45.5968893,osm-intersection
NE 13TH AV @ NE GERTZ RD,-122.6519197,45.5909152,osm-intersection
NE 13TH AV @ NE MARINERS LP,-122.652035,45.5985958,osm-intersection
NE 13TH AV @ NE MEADOW DR,-122.6519189,45.5925325,osm-intersection
NE 15TH AV @ NE HIGHLAND ST,-122.6500454,45.5691199,osm-intersection
NE 17TH AV @ NE MORGAN ST,-122.6483455,45.5741108,osm-intersection
NE 20TH AV @ NE EVERETT ST,-122.645483,45.5250199,osm-intersection
NE 24TH AV @ NE SKIDMORE ST,-122.640966,45.554339,osm-intersection
NE 26TH AV @ NE BROADWAY ST,,,not located
NE 27TH AV @ NE EMERSON ST,-122.6378755,45.5615314,osm-intersection
NE 27TH AV @ NE SKIDMORE ST,-122.6379262,45.5543299,osm-intersection
NE 27TH AV@NE FREMONT ST (ALAMEDA),-122.6380687,45.5482356,osm-intersection
NE 28TH AV @ NE WEIDLER ST,-122.6367102,45.5344707,osm-intersection
NE 29TH AV @ NE GLISAN ST,-122.635908,45.5264651,osm-intersection
NE 30TH AV @ NE OREGON ST,-122.6344942,45.5285998,osm-intersection
NE 33RD AV @ NE MASON ST,-122.6306861,45.5530419,osm-intersection
NE 37TH AV @ NE KILLINGSWORTH ST,-122.6255282,45.5627573,osm-intersection
NE 3RD AV @ NE DAVIS ST,-122.6627348,45.5243576,osm-intersection
NE 3RD AV @ NE WASCO ST,-122.6626842,45.5322268,osm-intersection
NE 42ND AV @ NE EMERSON ST,-122.6204113,45.5614925,osm-intersection
NE 42ND AV @ NE PRESCOTT ST,-122.62041,45.5555612,osm-intersection
NE 42ND AV @ NE SIMPSON ST,-122.6204233,45.5651085,osm-intersection
NE 42ND AV @ NE WYGANT ST,-122.6204102,45.5574864,osm-intersection
NE 42ND AV@ NE HOLMAN ST,-122.6204372,45.5685736,osm-intersection
NE 47TH AV @ NE BEECH ST,-122.6149876,45.5501043,osm-intersection
NE 47TH AV @ NE CRYSTAL LN,-122.6140178,45.576983,osm-intersection
NE 47TH AV @ NE SHAVER ST,-122.614954,45.5518826,osm-intersection
NE 47TH AV @ NE SKIDMORE ST,-122.6149312,45.5537281,osm-intersection
NE 48TH AV @ NE SISKIYOU ST,-122.6137146,45.5454148,osm-intersection
NE 50TH AV @ NE KLICKITAT ST,-122.6116699,45.5469398,osm-intersection
NE 52ND AVE @ NE AINSWORTH ST,-122.6091937,45.5664364,osm-intersection
NE 52ND AVE @ NE GOING ST,-122.6095971,45.5569577,osm-intersection
NE 53RD AV @ NE DAVIS ST,-122.6088812,45.5243679,osm-intersection
NE 53RD AV @ NE HALSEY ST,-122.608851,45.5337248,osm-intersection
NE 54TH AV @ NE STANTON ST,-122.6076403,45.5437144,osm-intersection
NE 55TH AV @ NE KILLINGSWORTH ST,-122.6060893,45.5627485,osm-intersection
NE 56TH AV @ NE KLICKITAT ST,-122.6055859,45.5469133,osm-intersection
NE 57TH AV @ NE PRESCOTT ST,-122.6044563,45.5554815,osm-intersection
NE 57TH AV @ NE STANTON ST,-122.6045904,45.5437057,osm-intersection
NE 60TH AV @ E BURNSIDE ST,-122.6023342,45.5228679,osm-intersection
NE 60TH AV @ NE EMERSON ST,-122.6008383,45.5616637,osm-intersection
NE 60TH AV @ NE EVERETT ST,-122.6022756,45.5250309,osm-intersection
NE 60TH AV @ NE HOYT ST,-122.602274,45.5272193,osm-intersection
NE 60TH AV @ NE SIMPSON ST,-122.6008317,45.5651071,osm-intersection
NE 60TH AV @ NE WASCO ST,-122.6021837,45.5322839,osm-intersection
NE 62ND AV @ NE FREMONT ST,-122.5993817,45.5482132,osm-intersection
NE 62ND AV @ NE HALSEY ST,-122.6002199,45.5337015,osm-intersection
NE 63RD AV @ NE OREGON ST,-122.598661,45.5282944,osm-intersection
NE 65TH AV @ NE 66TH AV,-122.5967125,45.5361287,osm-intersection
NE 65TH AV @ NE BROADWAY ST,,,not located
NE 65TH AV @ NE HASSALO ST,-122.5964593,45.529866,osm-intersection
NE 69TH AV @ NE CLACKAMAS ST,-122.5918757,45.5328475,osm-intersection
NE 69TH AV @ NE MULTNOMAH ST,-122.5918815,45.5315956,osm-intersection
NE 6TH AV @ NE CLACKAMAS ST,-122.6596391,45.5329333,osm-intersection
NE 6TH AV @ NE MORGAN ST,-122.6593513,45.5744358,osm-intersection
NE 6TH AV @ NE MULTNOMAH ST,-122.6596307,45.5315035,osm-intersection
NE 6TH AV @ NE PACIFIC ST,-122.6596634,45.5293221,osm-intersection
NE 6TH DR @ NE SOUTH SHORE RD,-122.6607051,45.5977204,osm-intersection
NE 6TH DR @ NE WALKER ST,-122.6634922,45.5943356,osm-intersection
NE 71ST AV @ NE GLISAN ST,-122.5898596,45.5264499,osm-intersection
NE 72ND AV @ NE KILLINGSWORTH ST,,,not located
NE 72ND AV @ NE SISKIYOU ST,-122.5890003,45.5445299,osm-intersection
NE 76TH AV @ NE KLICKITAT ST,-122.584881,45.5463799,osm-intersection
NE 78TH AV @ NE HOLLADAY ST,-122.5829493,45.5298331,osm-intersection
NE 79TH AV @ NE GLISAN ST,-122.5824269,45.5264292,osm-intersection
NE 7TH AV @ NE COOK ST,-122.6585666,45.5472049,osm-nearest-pair
NE 80TH AV @ NE ALBERTA ST,-122.5800089,45.5591384,osm-intersection
NE 80TH AV @ NE FREMONT ST,-122.5807875,45.548161,osm-intersection
NE 80TH AV @ NE MULTNOMAH ST,-122.5810059,45.5316028,osm-intersection
NE 81ST AV @ NE FAILING ST,-122.579714,45.5510078,osm-intersection
NE 82ND AV @ NE EUGENE ST,-122.5789641,45.5380335,osm-intersection
NE 82ND AV @ NE HOLLADAY ST,-122.5790437,45.5301873,osm-intersection
NE 82ND AV @ NE RUSSELL ST,-122.57891,45.5408725,osm-intersection
NE 82ND AV @ NE SCHUYLER ST,-122.5790717,45.5356803,osm-intersection
NE 83RD AV @ NE SISKIYOU ST,-122.5777883,45.5445155,osm-intersection
NE 87TH AV @ NE PACIFIC ST,-122.5736155,45.5294745,osm-intersection
NE 88TH AV @ NE HALSEY ST,-122.5725795,45.533525,osm-intersection
NE 8TH AV @ NE HOLLAND ST,-122.6566373,45.5758762,osm-intersection
NE 90TH AV @ NE HASSALO ST,-122.5714707,45.530885,osm-intersection
NE 91ST AV @ NE HASSALO ST,-122.5698595,45.5308718,osm-intersection
NE 92ND AV @ NE FREMONT ST,-122.5690519,45.5487104,osm-intersection
NE 92ND AV @ NE TILLAMOOK ST,-122.5684833,45.5371189,osm-intersection
NE 9TH AV @ NE ALBERTA ST,-122.656567,45.5591074,osm-intersection
NE AINSWORTH ST @ NE 42ND AV,-122.620431,45.5664377,osm-intersection
NE AINSWORTH ST @ NE 46TH AV,-122.6155775,45.5664433,osm-intersection
NE AINSWORTH ST @ NE 57TH AV,-122.6044111,45.5664361,osm-intersection
NE AINSWORTH ST @ NE LOMBARD ST,-122.599072,45.5666108,osm-intersection
NE ALAMEDA ST @ NE 41ST AV,-122.6208642,45.5454122,osm-intersection
NE ALAMEDA ST @ NE 45TH AV,-122.616846,45.5427416,osm-intersection
NE ALAMEDA ST No Intersection,-122.640972,45.551843,osm-street-near-neighbours
NE ALBERTA ST @ NE 19TH AV,-122.6458235,45.5590766,osm-intersection
NE ALBERTA ST @ NE 9TH AV,-122.656567,45.5591074,osm-intersection
NE ALBERTA ST @ NE CLEVELAND AV,-122.665614,45.5591039,osm-intersection
NE ALBERTA ST @ NE MARTIN LUTHER KING JR BLVD [NE,-122.6615688,45.5591231,osm-intersection
NE ALBERTA ST @ NE MARTIN LUTHER KING JR BLVD [SW,-122.6615688,45.5591231,osm-intersection
NE BRIDGETON RD @ NE 5TH AV,-122.6604704,45.6017088,osm-intersection
NE BROADWAY ST @ NE 65TH AV,,,not located
NE BROADWAY ST @ NE 67TH AV,,,not located
NE BROADWAY ST @ NE 84TH AV,,,not located
NE CESAR E CHAVEZ BLVD @ NE TILLAMOOK ST,,,not located
NE COLUMBIA BLVD @ NE 63RD AV,-122.5985768,45.5684595,osm-intersection
NE COLUMBIA BLVD @ NE 66TH AV,-122.5951425,45.5679229,osm-intersection
NE DAVIS ST @ NE 12TH AV,-122.6536083,45.5243354,osm-intersection
NE DAVIS ST @ NE 66TH AV,-122.5957136,45.5241502,osm-intersection
NE DEKUM ST @ NE 29TH AV,-122.636001,45.571883,osm-intersection
NE EMERSON ST @ NE 27TH AV,-122.6378755,45.5615314,osm-intersection
NE EMERSON ST @ NE GARFIELD AV,-122.6626348,45.5616275,osm-intersection
NE EVERETT ST @ NE 20TH AV,-122.645483,45.5250199,osm-intersection
NE FAILING ST @ NE 14TH AV,-122.6517985,45.5507797,osm-intersection
NE FAILING ST @ NE MALLORY AV,-122.6636575,45.5507978,osm-intersection
NE FREMONT DR @ NE 85TH AV,-122.5757438,45.5466704,osm-intersection
NE FREMONT DR @ NE DUDDLESON ST,-122.5757438,45.5466704,osm-intersection
NE FREMONT ST @ NE 20TH AV,-122.645251,45.5482331,osm-intersection
NE FREMONT ST @ NE 45TH AV,-122.6171277,45.5482923,osm-intersection
NE FREMONT ST @ NE 62ND AV,-122.5993817,45.5482132,osm-intersection
NE FREMONT ST @ NE 80TH AV,-122.5807875,45.548161,osm-intersection
NE FREMONT ST @ NE 88TH AV,-122.5719203,45.5481314,osm-intersection
NE FREMONT ST @ NE 92ND AV,-122.5690519,45.5487104,osm-intersection
NE FREMONT ST @ NE FREMONT DR,-122.5770318,45.5481456,osm-intersection
NE GERTZ RD @ NE 17TH AV,-122.6483231,45.5901642,osm-intersection
NE GERTZ RD @ NE GERTZ CT,-122.665992,45.5909742,osm-intersection
NE GLISAN ST @ NE 63RD AV,-122.5985663,45.5264743,osm-intersection
NE GLISAN ST @ NE 68TH AV,-122.5934652,45.5264589,osm-intersection
NE GLISAN ST @ NE 71ST AV,-122.5898596,45.5264499,osm-intersection
NE GLISAN ST @ NE 74TH AV,-122.5868155,45.5264437,osm-intersection
NE HALSEY ST @ NE 53RD AV,-122.608851,45.5337248,osm-intersection
NE HALSEY ST @ NE 62ND AV,-122.6002199,45.5337015,osm-intersection
NE HALSEY ST @ NE 72ND AV,-122.5893804,45.5335958,osm-intersection
NE HALSEY ST @ NE 77TH AV,-122.5841824,45.5336015,osm-intersection
NE HALSEY ST @ NE 88TH AV,-122.5725795,45.533525,osm-intersection
NE HASSALO ST @ NE 84TH AV,-122.5763412,45.5309463,osm-intersection
NE HASSALO ST @ NE 90TH AV,-122.5714707,45.530885,osm-intersection
NE HASSALO ST @ NE 91ST AV,-122.5698595,45.5308718,osm-intersection
NE HIGHLAND ST @ NE 15TH AV,-122.6500454,45.5691199,osm-intersection
NE HOLLAND ST @ NE 8TH AV,-122.6566373,45.5758762,osm-intersection
NE HOLMAN ST @ NE 38TH AV,-122.6245175,45.5682802,osm-intersection
NE HOLMAN ST @ NE 41ST AV,-122.6217864,45.5685747,osm-nearest-pair
NE HOYT ST @ NE 60TH AV,-122.602274,45.5272193,osm-intersection
NE KILLINGSWORTH ST @ NE 15TH AV,-122.6500817,45.5627241,osm-intersection
NE KILLINGSWORTH ST @ NE 37TH AV,-122.6255282,45.5627573,osm-intersection
NE KILLINGSWORTH ST @ NE 45TH AV,-122.6169351,45.5627862,osm-intersection
NE KILLINGSWORTH ST @ NE 48TH AV,-122.6134053,45.5627687,osm-intersection
NE KILLINGSWORTH ST @ NE 49TH AV,-122.6119687,45.5627608,osm-intersection
NE KILLINGSWORTH ST @ NE 52ND AVE,-122.6095313,45.5627496,osm-intersection
NE KILLINGSWORTH ST @ NE 55TH AV,-122.6060893,45.5627485,osm-intersection
NE KILLINGSWORTH ST @ NE 57TH AV,-122.6043909,45.5627494,osm-intersection
NE KILLINGSWORTH ST @ NE 60TH AV,-122.6008375,45.5627486,osm-intersection
NE KILLINGSWORTH ST @ NE 72ND AV,,,not located
NE KILLINGSWORTH ST No Intersection,-122.6204119,45.5628049,osm-street-near-neighbours
NE KLICKITAT ST @ NE 45TH AV,-122.6167492,45.5469604,osm-intersection
NE KLICKITAT ST @ NE 50TH AV,-122.6116699,45.5469398,osm-intersection
NE KLICKITAT ST @ NE 56TH AV,-122.6055859,45.5469133,osm-intersection
NE LOMBARD ST @ NE AINSWORTH ST,-122.599072,45.5666108,osm-intersection
NE LOMBARD ST @ NE MALLORY AV,-122.6633525,45.5772113,osm-intersection
NE LOMBARD ST @ NE MARTIN LUTHER KING JR BLVD [N,-122.6613489,45.5772194,osm-intersection
NE MALLORY AV @ NE LOMBARD ST,-122.6633525,45.5772113,osm-intersection
NE MARTIN LUTHER KING JR BLVD @ NE LOMBARD ST [N,-122.6613489,45.5772194,osm-intersection
NE MORGAN ST @ NE 17TH AV,-122.6483455,45.5741108,osm-intersection
NE MORGAN ST @ NE 6TH AV,-122.6593513,45.5744358,osm-intersection
NE MORRIS ST @ NE RODNEY AV,-122.6641213,45.5445833,osm-intersection
NE MULTNOMAH ST @ NE 19TH AV,-122.6466931,45.5314598,osm-intersection
NE MULTNOMAH ST @ NE 6TH AV,-122.6596307,45.5315035,osm-intersection
NE MULTNOMAH ST @ NE 77TH AV,-122.5839146,45.531584,osm-intersection
NE MULTNOMAH ST @ NE 80TH AV,-122.5810059,45.5316028,osm-intersection
NE OREGON ST @ NE 63RD AV,-122.598661,45.5282944,osm-intersection
NE PACIFIC ST @ NE 6TH AV,-122.6596634,45.5293221,osm-intersection
NE PACIFIC ST @ NE 87TH AV,-122.5736155,45.5294745,osm-intersection
NE PRESCOTT ST @ NE 15TH AV,-122.6498992,45.5554632,osm-intersection
NE PRESCOTT ST @ NE 22ND AV,-122.6429201,45.5554168,osm-intersection
NE PRESCOTT ST @ NE 34TH AV,-122.6296749,45.5551889,osm-intersection
NE PRESCOTT ST @ NE 42ND AV,-122.62041,45.5555612,osm-intersection
NE PRESCOTT ST @ NE 57TH AV,-122.6044563,45.5554815,osm-intersection
NE PRESCOTT ST @ NE 62ND AV,-122.5992724,45.5554557,osm-intersection
NE PRESCOTT ST @ NE 72ND AV,-122.5887426,45.5554394,osm-intersection
NE PRESCOTT ST @ NE 78TH PL,-122.5816284,45.5554287,osm-intersection
NE PRESCOTT ST @ NE 79TH AV,-122.5816284,45.5554287,osm-intersection
NE PRESCOTT ST @ NE 9TH AV,-122.6566116,45.5554946,osm-intersection
NE PRESCOTT ST @ NE CESAR E CHAVEZ BLVD,,,not located
NE SHAVER ST @ NE CESAR E CHAVEZ BLVD,,,not located
NE SISKIYOU ST @ NE 48TH AV,-122.6137146,45.5454148,osm-intersection
NE SISKIYOU ST @ NE 77TH AV,-122.5839361,45.5445443,osm-intersection
NE SISKIYOU ST @ NE 83RD AV,-122.5777883,45.5445155,osm-intersection
NE SKIDMORE ST @NE 37TH  (@ BETHANY LUTHERAN) [N,-122.6255595,45.5536766,osm-intersection
NE SKIDMORE ST @NE 37TH  (@ BETHANY LUTHERAN) [S,-122.6255595,45.5536766,osm-intersection
NE STANTON ST @ NE 54TH AV,-122.6076403,45.5437144,osm-intersection
NE THOMPSON ST @ NE 24TH AV,-122.6412608,45.5389652,osm-nearest-pair
NE TILLAMOOK & NE 90TH AV(HANCOCK PARK),-122.5708449,45.5371319,osm-intersection
NE TILLAMOOK ST @ NE 41ST AV,-122.620945,45.5377725,osm-intersection
NE TILLAMOOK ST @ NE 73RD AV,-122.5877997,45.5372754,osm-intersection
NE TOMAHAWK ISLAND DR @ NE YACHT HARBOR DR,-122.6603427,45.604254,osm-intersection
NE VANCOUVER WY @ NE 3RD DR,-122.6627065,45.5912948,osm-intersection
NE WASCO ST @ NE 3RD AV,-122.6626842,45.5322268,osm-intersection
NW 11TH AV @ NW FLANDERS ST (WEE VILLAGE DC) [NW,-122.6822293,45.525813,osm-intersection
NW 11TH AV @ NW FLANDERS ST (WEE VILLAGE DC) [SW,-122.6822293,45.525813,osm-intersection
NW 13TH AV @ NW QUIMBY ST,-122.6845637,45.5336178,osm-intersection
NW 14TH AV @ NW RALEIGH ST,-122.6855876,45.5343126,osm-intersection
NW 17TH AV @ NW LOVEJOY ST,-122.688475,45.529975,osm-intersection
NW 17TH AV @ NW RIVERSCAPE ST,-122.688207,45.5382969,osm-intersection
NW 18TH AV @ NW GLISAN ST,-122.6893792,45.5263937,osm-intersection
NW 20TH AV @ NW KEARNEY ST,-122.6925042,45.529193,osm-intersection
NW 20TH AV @ NW PETTYGROVE ST,-122.6926434,45.5327669,osm-intersection
NW 23RD AV @ NW JOHNSON ST,-122.6985627,45.5283699,osm-intersection
NW 23RD AV No Intersection,-122.6982868,45.5234583,osm-street-near-neighbours
NW 26TH AV @ NW PETTYGROVE ST,-122.7047378,45.532511,osm-intersection
NW 26TH AV @ NW THURMAN ST,-122.7048352,45.535386,osm-intersection
NW 26TH DR No Intersection,-122.7023058,45.5441789,osm-street-near-neighbours
NW 32ND AV @ NW THURMAN ST,-122.7146895,45.5359156,osm-intersection
NW 4TH AV @ NW FLANDERS ST,-122.6745031,45.5259523,osm-intersection
NW BARTHOLOMEW DR @ NW BIRKENDENE ST,-122.778508,45.538753,osm-intersection
NW BARTHOLOMEW DR @ NW PINNACLE DR,-122.7724756,45.5395132,osm-intersection
NW BENSON ST @ NW BENSON LN,-122.767155,45.539914,osm-intersection
NW BENSON ST @ NW TERRACEVIEW CT,-122.7672912,45.538748,osm-intersection
NW BEUHLA VISTA TERR @ NW HERMOSA BLVD,-122.710377,45.525414,osm-intersection
NW BIRKENDENE ST @ NW PINNACLE DR,-122.763653,45.543659,osm-intersection
NW BRIDGE AV @ NW SPRINGVILLE RD,-122.771433,45.5851966,osm-intersection
NW CHAPIN DR @ NW MILLER RD,-122.7722164,45.5475875,osm-intersection
NW CORNELIUS PASS RD @ NW PLAINVIEW RD,-122.8634602,45.607431,osm-intersection
NW CORNELL RD @ NW GREENLEAF RD,-122.754611,45.532164,osm-intersection
NW CORNELL RD @ NW SUMMIT CT,-122.707428,45.531906,osm-intersection
NW CORNELL RD @ NW WESTOVER RD,-122.7106452,45.5324783,osm-intersection
NW CUMBERLAND RD @ NW ARIEL TERR,-122.7109144,45.5292075,osm-intersection
NW CUMBERLAND RD @ NW LURAY TERR,-122.7100776,45.5299816,osm-intersection
NW DAVIS ST @ NW NAITO PKWY,-122.670259,45.5245994,osm-intersection
NW DEVOTO LN @ NW LEWIS LN,-122.7742394,45.5499177,osm-intersection
NW DEVOTO LN @ NW MEARES DR,-122.7727271,45.551435,osm-intersection
NW DEVOTO LN @ NW THOMPSON RD,-122.7795243,45.5483923,osm-intersection
NW ENGLEMAN ST @ NW MILL RIDGE RD,-122.7799909,45.5357966,osm-intersection
NW ENGLEMAN ST @NW MAYFIELD RD (NORTH),-122.7783292,45.5353411,osm-intersection
NW EVERETT ST @ NW 22ND PL,-122.6974382,45.5248184,osm-intersection
NW FLANDERS ST @ NW 4TH AV,-122.6745031,45.5259523,osm-intersection
NW FLEISCHNER ST @ NW ENGLEMAN ST,-122.7757734,45.532957,osm-intersection
NW FLEISCHNER ST @ NW MARVIN LN,-122.7751608,45.5319433,osm-intersection
NW FRONT AV No Intersection,-122.6885821,45.5379726,osm-street-near-neighbours
NW GERMANTOWN RD @ NW LILAC AV,-122.782374,45.5892875,osm-intersection
NW GLISAN ST @ NW 13TH AV,-122.6842883,45.5264859,osm-intersection
NW GLISAN ST @ NW 18TH AV,-122.6893792,45.5263937,osm-intersection
NW GLISAN ST @ NW 20TH AV,-122.6924093,45.5263388,osm-intersection
NW HAWKINS BLVD @ NW SKYLINE BLVD,-122.7577694,45.5338226,osm-intersection
NW HAZELTINE ST @ NW SKYLINE BLVD,-122.7595,45.5375317,osm-intersection
NW HERMOSA BLVD @ NW BEUHLA VISTA TERR,-122.710377,45.525414,osm-intersection
NW HERMOSA BLVD @ NW VERDE VISTA TERR,-122.713472,45.524268,osm-intersection
NW JOHNSON ST @ NW 11TH AV,-122.6823327,45.5286567,osm-intersection
NW JOHNSON ST @ NW 23RD AV,-122.6985627,45.5283699,osm-intersection
NW MACLEAY BLVD @ NW BEUHLA VISTA TERR,-122.7044105,45.5255451,osm-intersection
NW MACLEAY BLVD @ NW WARRENTON TERR,-122.713646,45.5278454,osm-intersection
NW MARING DR @ NW 98TH PL,-122.7781905,45.5299722,osm-intersection
NW MARVIN LN @ NW FLEISCHNER ST,-122.7751608,45.5319433,osm-intersection
NW MAYFIELD RD @NW ENGLEMAN ST (SOUTH),-122.7783292,45.5353411,osm-intersection
NW MEARES DR @ NW SKYLINE BLVD,-122.7723692,45.5518253,osm-intersection
NW MILL POND RD @ NW BRITTNEY CT,-122.7830955,45.5414942,osm-intersection
NW MILL RIDGE RD @ NW ENGLEMAN ST,-122.7799909,45.5357966,osm-intersection
NW MILLER RD & MILLER HILL DR (NORTH END),,,not located
NW MILLER RD & WOOD ROSE LP (SOUTH ENT),,,not located
NW MILLER RD @ NW BARTHOLOMEW DR,-122.7803599,45.5383474,osm-intersection
NW MILLER RD @ NW CHAPIN DR,-122.7722164,45.5475875,osm-intersection
NW MILLER RD @ NW DURRETT ST (FOREST PARK),-122.7791135,45.5422433,osm-intersection
NW MILLER RD @ NW HAWKINS BLVD,-122.7649486,45.5320792,osm-intersection
NW MILLER RD @ NW HAZELTINE ST,-122.7680167,45.5350761,osm-intersection
NW MILLER RD @ NW KENT CT,-122.7766708,45.5442039,osm-intersection
NW MILLER RD @ NW SPENCER ST,-122.7756936,45.5447235,osm-intersection
NW MILLER RD @ NW THOMPSON RD,-122.7728266,45.5473142,osm-intersection
NW NAITO PKWY @ NW IRONSIDE TERR,-122.6753458,45.52992,osm-intersection
NW NEWBERRY RD @ NW SKYLINE BLVD,-122.833405,45.6056526,osm-intersection
NW NEWBERRY RD No Intersection,-122.8176548,45.6121828,osm-street-near-neighbours
NW OLD CORNELIUS PASS RD @ NW 185TH PL,-122.8674142,45.6068027,osm-intersection
NW OVERTON ST @ NW 11TH AV,-122.6824739,45.5322275,osm-intersection
NW PETTYGROVE ST @ NW 20TH AV,-122.6926434,45.5327669,osm-intersection
NW PETTYGROVE ST @ NW 26TH AV,-122.7047378,45.532511,osm-intersection
NW PINNACLE DR @ NW BARTHOLOMEW DR,-122.7724756,45.5395132,osm-intersection
NW PINNACLE DR @ NW BENSON ST,-122.767491,45.5404,osm-intersection
NW PINNACLE DR @ NW BIRKENDENE ST,-122.763653,45.543659,osm-intersection
NW PINNACLE DR @ NW CRESTVIEW WY,-122.7687889,45.5401229,osm-intersection
NW PINNACLE DR @ NW TIMBER RIDGE CT,-122.7642348,45.5417322,osm-intersection
NW QUIMBY ST @ NW 13TH AV,-122.6845637,45.5336178,osm-intersection
NW QUIMBY ST @ NW 14TH AV,-122.6855738,45.5336097,osm-intersection
NW RALEIGH ST @ NW 14TH AV,-122.6855876,45.5343126,osm-intersection
NW RALEIGH ST @ NW 26TH AV (CHAPMAN),-122.7048496,45.5339604,osm-nearest-pair
NW RIGGS DR @ NW DEVOTO LN,-122.776298,45.550138,osm-intersection
NW RIGGS DR @ NW SKYLINE HEIGHTS DR,-122.779371,45.5508581,osm-intersection
NW RIVERSCAPE ST @ NW 17TH AV,-122.688207,45.5382969,osm-intersection
NW SALTZMAN RD @ NW RUBICON LN,-122.7863199,45.5608649,osm-intersection
NW SEBLAR DR @ NW SEBLAR CT,-122.7214773,45.52268,osm-intersection
NW SEBLAR DR @ NW SEBLAR TERR,-122.7231705,45.5225023,osm-intersection
NW SKYLINE BLVD @ NW ASH ST,-122.8264365,45.5979294,osm-intersection
NW SKYLINE BLVD @ NW BRYNWOOD LN,-122.7556854,45.5253939,osm-intersection
NW SKYLINE BLVD @ NW CEDAR ST,-122.8329218,45.6019375,osm-intersection
NW SKYLINE BLVD @ NW CHAPIN DR,-122.768435,45.5480869,osm-intersection
NW SKYLINE BLVD @ NW CRESAP LN,-122.7610423,45.5448863,osm-intersection
NW SKYLINE BLVD @ NW GLENDOVEER DR,-122.8213493,45.5958669,osm-intersection
NW SKYLINE BLVD @ NW GREENLEAF RD,-122.7489648,45.5251072,osm-intersection
NW SKYLINE BLVD @ NW HAWKINS BLVD,-122.7577694,45.5338226,osm-intersection
NW SKYLINE BLVD @ NW HAZELTINE ST,-122.7595,45.5375317,osm-intersection
NW SKYLINE BLVD @ NW MACTAVISH LN,-122.8264283,45.5985242,osm-intersection
NW SKYLINE BLVD @ NW MEARES DR,-122.7723692,45.5518253,osm-intersection
NW SKYLINE BLVD @ NW NEWBERRY RD,-122.833405,45.6056526,osm-intersection
NW SKYLINE BLVD @ NW OLD SKYLINE BLVD,-122.8124017,45.5901224,osm-intersection
NW SKYLINE BLVD @ NW RAMSEY DR,-122.7587701,45.5400497,osm-intersection
NW SKYLINE BLVD @ NW REED DR,-122.7587701,45.5400497,osm-intersection
NW SKYLINE BLVD @ NW RIDGETOP CT,-122.7607535,45.54398,osm-intersection
NW SKYLINE BLVD @ NW ROYAL BLVD,-122.7424834,45.5211599,osm-intersection
NW SKYLINE BLVD @ NW SALTZMAN RD,-122.7851066,45.5612422,osm-intersection
NW SKYLINE BLVD @ NW SARGENT LN,-122.8045048,45.5857924,osm-intersection
NW SKYLINE BLVD @ NW SKYLINE CREST RD,-122.7543648,45.5249349,osm-intersection
NW SKYLINE BLVD @ NW SKYLINE HEIGHTS DR,-122.7744468,45.5522928,osm-intersection
NW SKYLINE BLVD @ NW SKYVIEW DR,-122.8230399,45.5961158,osm-intersection
NW SKYLINE BLVD @ NW VERNON CT,-122.7846555,45.5599719,osm-intersection
NW SKYLINE BLVD No Intersection,-122.7756317,45.5528727,osm-street-near-neighbours
NW SKYLINE HEIGHTS DR @ NW RIGGS DR,-122.779371,45.5508581,osm-intersection
NW SKYLINE HEIGHTS DR @ NW SUNSET CIR,-122.7817173,45.5508412,osm-intersection
NW SKYVIEW DR @ NW RED CEDAR CT,-122.8299618,45.5924004,osm-intersection
NW SPRINGVILLE RD @ NW SPRINGVILLE LN,-122.8174281,45.5676402,osm-intersection
NW ST HELENS RD @ NW 107TH AV,,,not located
NW ST HELENS RD @ NW 55TH AV,,,not located
NW ST HELENS RD @ NW BURLINGTON DR,,,not located
NW ST HELENS RD @ NW CHESTNUT LN,,,not located
NW ST HELENS RD @ NW HARBOR BLVD,,,not located
NW ST HELENS RD @ NW HARBORTON DR,,,not located
NW ST HELENS RD @ NW HOGE AV,,,not located
NW ST HELENS RD @ NW KING RD,,,not located
NW ST HELENS RD @ NW RIVERVIEW DR,,,not located
NW THOMPSON RD @ NW DEVOTO LN,-122.7795243,45.5483923,osm-intersection
NW THOMPSON RD @ NW JACKSON LN,-122.7758892,45.5488647,osm-intersection
NW THOMPSON RD @ NW MAPLEVIEW TERR,-122.7669995,45.545068,osm-intersection
NW THOMPSON RD @ NW MILLER RD,-122.7728266,45.5473142,osm-intersection
NW THURMAN ST @ NW 23RD PL,-122.6998542,45.5354807,osm-intersection
NW THURMAN ST @ NW 32ND AV,-122.7146895,45.5359156,osm-intersection
NW THURMAN ST @ NW GORDON ST,-122.7197101,45.5385266,osm-intersection
NW THURMAN ST No Intersection,-122.7146895,45.5359156,osm-street-near-neighbours
NW WESTOVER RD @ NW CORNELL RD,-122.7106452,45.5324783,osm-intersection
ODYSSEY SCHOOL,,,not located
PARTRIDGE LN @ WALKING WOODS DR,-122.714083,45.438351,osm-intersection
RIEKE SCHOOL (1405 SW VERMONT ST),-122.689632324111,45.476081301278,census-address
ROSE CITY PARK (NE 57TH AV @ NE THOMPSON ST),,,not located
ROSEWAY HEIGHTS GT LOAD ON ALAMEDA,,,not located
S BRUGGER ST @ S CORBETT LN,-122.6765775,45.4555484,osm-intersection
S CORBETT AV @ S BOUNDARY ST,-122.676786,45.4850615,osm-intersection
S CORBETT AV @ S CUSTER ST,-122.6764383,45.4692759,osm-intersection
S CORBETT AV @ S GAINES ST,-122.6759404,45.4964958,osm-intersection
S CORBETT AV @ S HAMILTON ST,-122.6762459,45.4908693,osm-intersection
S GAINES ST @ S MOODY AV,-122.6718831,45.4964296,osm-intersection
S HAMILTON ST @ S CORBETT AV,-122.6762459,45.4908693,osm-intersection
S IOWA ST @ S HOOD AV,-122.6748455,45.4798573,osm-intersection
S IOWA ST @ S KELLY AV,-122.6758608,45.4798631,osm-intersection
S KELLY AV @ S IOWA ST,-122.6758608,45.4798631,osm-intersection
S MONTGOMERY ST @ S RIVER DR,-122.6733332,45.509026,osm-intersection
S MOODY AV @ S GAINES ST,-122.6718831,45.4964296,osm-intersection
S MOODY AV @ S LOWELL ST,-122.6719608,45.4939651,osm-intersection
S NEVADA ST @ S MACADAM AV,-122.67157,45.4729812,osm-intersection
S PALATINE HILL RD @ S BRUGGER ST,-122.6747514,45.4555315,osm-intersection
S RIVER DR @ S MONTGOMERY ST,-122.6733332,45.509026,osm-intersection
S TAYLORS FERRY RD @ S MACADAM AV,-122.6716664,45.4712934,osm-intersection
S TERWILLIGER PL @ S RIVERSIDE ST,-122.6755808,45.4503649,osm-intersection
S VIRGINIA AV @ S FLORIDA ST,-122.6739011,45.4751231,osm-intersection
S VIRGINIA AV @ S NEVADA ST,-122.6739202,45.4729994,osm-intersection
SCOTT GT SUMMER LZ ON PRESCOTT,,,not located
SE 100TH AV @ SE STEELE ST,-122.5608773,45.4843333,osm-intersection
SE 101ST AV @ SE CLINTON ST,-122.5595895,45.5026927,osm-intersection
SE 101ST AV @ SE YUKON ST,-122.5597929,45.4791433,osm-intersection
SE 102ND AV @ SE REEDWAY ST,-122.5584891,45.4811648,osm-intersection
SE 103RD AV @ SE MT SCOTT BLVD,-122.5578655,45.4651677,osm-intersection
SE 104TH AV @ SE ELLIS ST,-122.5557707,45.4817876,osm-intersection
SE 105TH AV @ SE CLINTON ST,-122.5554876,45.502652,osm-intersection
SE 10TH AV @ SE RHONE ST,-122.6558928,45.4963906,osm-intersection
SE 13TH AV @ SE REX ST,-122.6529987,45.4700542,osm-intersection
SE 14TH AV @ SE LAFAYETTE ST,-122.6513441,45.4967812,osm-intersection
SE 16TH AV @ SE SHERRETT ST,-122.6490459,45.461476,osm-intersection
SE 16TH AV @ SE SPOKANE ST,-122.6490339,45.4650331,osm-intersection
SE 19TH AV @ SE NEHALEM ST,-122.6450562,45.4657486,osm-intersection
SE 19TH AV @ SE TENINO ST,-122.6450568,45.4636093,osm-intersection
SE 20TH AV @ SE HAROLD ST,-122.6454379,45.4831248,osm-intersection
SE 21ST AV @ SE UMATILLA ST,-122.6430873,45.4628938,osm-intersection
SE 26TH AVE & SE TIBBETTS ST,-122.6396583,45.500525,osm-intersection
SE 28TH AV @ SE COLT DR,-122.6375293,45.486467,osm-intersection
SE 28TH AV @ SE KNAPP ST,-122.634491,45.471954,osm-intersection
SE 29TH AV @ SE CLINTON ST,-122.6356103,45.5035411,osm-intersection
SE 29TH AV @ SE TAYLOR ST,-122.6360975,45.5150278,osm-intersection
SE 31ST AV @ SE REX ST,-122.6314072,45.4695074,osm-intersection
SE 31ST AV @ SE WOODWARD ST,-122.6335688,45.5019481,osm-intersection
SE 32ND AV @ SE BYBEE BLVD,-122.630384,45.473395,osm-intersection
SE 32ND AV @ SE SHERRETT ST,-122.6298976,45.4614929,osm-intersection
SE 32ND AV @ SE TOLMAN ST,-122.6303721,45.4766049,osm-intersection
SE 34TH AV @ SE MARTINS ST,-122.62823,45.478469,osm-intersection
SE 35TH AV @ SE WOODWARD ST,-122.6286042,45.5019507,osm-intersection
SE 35TH PL @ SE HARRISON ST,-122.6276127,45.5087924,osm-intersection
SE 36TH AV @ SE BROOKLYN ST,-122.62624,45.501232,osm-intersection
SE 37TH AV @ SE CORA ST,-122.6246523,45.491682,osm-intersection
SE 37TH AV @ SE GRANT ST,-122.6257183,45.5073523,osm-intersection
SE 38TH AV @ SE FRANKLIN ST,-122.6238511,45.4990888,osm-intersection
SE 42ND AV @ SE BOISE ST,-122.6189738,45.4927399,osm-intersection
SE 42ND AV @ SE CARUTHERS ST,-122.6190616,45.5054782,osm-intersection
SE 42ND AV @ SE CORA ST,-122.6189938,45.4916724,osm-intersection
SE 45TH AV @ SE EVERGREEN ST,-122.616034,45.4732724,osm-intersection
SE 45TH AV @ SE HARNEY ST,-122.6158743,45.4630078,osm-intersection
SE 45TH AV @ SE NEHALEM ST,-122.6159141,45.4656997,osm-intersection
SE 45TH AV @ SE OGDEN ST,-122.6159968,45.4711974,osm-intersection
SE 46TH AV @ SE LONG ST,-122.6148651,45.4884813,osm-intersection
SE 48TH AV @ SE HENRY ST,-122.6134378,45.4762938,osm-intersection
SE 49TH AV @ SE WOODSTOCK BLVD,-122.6124134,45.4791711,osm-intersection
SE 52ND AV @ SE BOISE ST,-122.6090186,45.4927367,osm-intersection
SE 52ND AV @ SE FRANKLIN ST,-122.6090468,45.4989147,osm-intersection
SE 52ND AV @ SE HENDERSON ST,-122.6100069,45.4698059,osm-intersection
SE 52ND AV @ SE KNIGHT ST,-122.6087365,45.4800666,osm-intersection
SE 52ND AV @ SE MITCHELL ST,-122.6087473,45.4856805,osm-intersection
SE 54TH AV @ SE DIVISION ST,-122.6070463,45.505329,osm-intersection
SE 57TH AV @ SE TOLMAN ST,-122.6047532,45.4773765,osm-intersection
SE 58TH AV @ SE HOLGATE BLVD,-122.6039818,45.4902819,osm-intersection
SE 58TH AV @ SE RAYMOND ST,-122.604045,45.486665,osm-intersection
SE 60TH AV @ SE ASH ST,-122.60233,45.5216335,osm-intersection
SE 60TH AV @ SE HARNEY ST,-122.6022033,45.4631114,osm-intersection
SE 60TH AV @ SE HAWTHORNE BLVD,-122.6018642,45.5119044,osm-intersection
SE 62ND AV @ SE LAFAYETTE ST,-122.5994096,45.4965428,osm-intersection
SE 62ND AV @ SE RHONE ST,-122.5994158,45.4958519,osm-intersection
SE 62ND AV @ SE TENINO ST,-122.5996425,45.4641479,osm-intersection
SE 63RD AV @ SE DUKE ST,-122.5983858,45.47583,osm-intersection
SE 63RD AV @ SE OGDEN ST,-122.5981412,45.4710641,osm-intersection
SE 66TH AV @ SE CENTER ST,-122.595302,45.493932,osm-intersection
SE 66TH AV @ SE MITCHELL ST (ARLETA EL),-122.5957151,45.4854543,osm-intersection
SE 67TH AV @ SE CENTER ST,-122.5942873,45.4938932,osm-intersection
SE 67TH AV @ SE HOLGATE BLVD,-122.5943144,45.4902818,osm-intersection
SE 67TH AV @ SE TOLMAN ST,-122.5944938,45.477369,osm-intersection
SE 6TH AV @ SE SPOKANE ST,-122.6600316,45.4650391,osm-intersection
SE 71ST AV @ SE DIVISION ST,-122.5897994,45.5053811,osm-intersection
SE 71ST AV @ SE MORRISON ST,-122.5897268,45.5174468,osm-intersection
SE 71ST AV @ SE POWELL BLVD,-122.5899063,45.4974776,osm-intersection
SE 71ST AV @ SE WOODWARD ST,-122.5898562,45.5014329,osm-intersection
SE 72ND AV @ SE DUKE ST,-122.5893488,45.4758844,osm-intersection
SE 72ND AV @ SE FOSTER RD,-122.5891466,45.4865023,osm-intersection
SE 72ND AV @ SE HARNEY ST,-122.5893716,45.4632715,osm-intersection
SE 72ND AV @ SE LAFAYETTE ST,-122.5891408,45.4963206,osm-intersection
SE 72ND AV @ SE NEHALEM ST,-122.5893704,45.4654177,osm-intersection
SE 72ND AV @ SE UMATILLA ST,-122.5893707,45.4636573,osm-intersection
SE 74TH AV @ SE CENTER ST,-122.586916,45.4938352,osm-intersection
SE 75TH AV @ SE DIVISION ST,-122.5857711,45.5053903,osm-intersection
SE 76TH AV @ SE ASH ST,-122.5847707,45.5214558,osm-intersection
SE 76TH AV @ SE MARKET ST,-122.5853023,45.5108249,osm-intersection
SE 76TH AV @ SE WASHINGTON ST,-122.5852633,45.5183993,osm-intersection
SE 76TH AV @ SE YAMHILL ST,-122.5852537,45.5160364,osm-intersection
SE 78TH AV @ SE WOODWARD ST,-122.5829002,45.5014363,osm-intersection
SE 79TH AV @ SE ASH ST,-122.5824587,45.5211301,osm-intersection
SE 79TH AV @ SE HOLGATE BLVD,-122.5825721,45.4902516,osm-intersection
SE 80TH AV @ BRIDGER DRIVEWAY,,,not located
SE 80TH AV @ SE SALMON ST,-122.5814491,45.5141905,osm-intersection
SE 82ND AV @ SE CLINTON ST,-122.5787641,45.5034629,osm-intersection
SE 82ND AV @ SE KELLY ST,-122.5787178,45.4991822,osm-intersection
SE 82ND AV @ SE LAFAYETTE ST,-122.5787409,45.4961858,osm-intersection
SE 82ND AV @ SE TOLMAN ST,-122.5790502,45.4776578,osm-intersection
SE 82ND AV @ SE WOODSTOCK BLVD,-122.579015,45.4794668,osm-intersection
SE 82ND AV No Intersection,-122.5790253,45.4789397,osm-street-near-neighbours
SE 84TH PL @ SE TOLMAN ST,-122.5764316,45.4775941,osm-intersection
SE 85TH AV @ SE BROOKLYN ST,-122.5750122,45.5005052,osm-intersection
SE 85TH AV @ SE KELLY ST,-122.5750123,45.4991629,osm-intersection
SE 85TH AV @ SE POWELL BLVD,-122.5749963,45.4974496,osm-intersection
SE 86TH AV @ SE TOLMAN ST,-122.5745089,45.4775197,osm-intersection
SE 86TH AV @ SE WOODSTOCK BLVD,-122.574452,45.4793192,osm-intersection
SE 87TH AV @ SE LIEBE ST,-122.5733067,45.4869052,osm-intersection
SE 88TH AV & SE STEELE ST,-122.5723115,45.4846523,osm-intersection
SE 88TH AV @ SE CORA ST,-122.5723626,45.4910438,osm-intersection
SE 88TH AV @ SE ELLIS ST,-122.5720235,45.4822713,osm-intersection
SE 88TH AV @ SE PARDEE ST,-122.5723165,45.4890395,osm-intersection
SE 89TH AV @ SE BROOKLYN ST,-122.5717836,45.5005029,osm-intersection
SE 89TH AV @ SE CRYSTAL SPRINGS BLVD,-122.5719081,45.4649592,osm-intersection
SE 89TH AV @ SE HARNEY ST,-122.5718573,45.463203,osm-intersection
SE 8TH AV @ SE FRANKLIN ST,-122.6578262,45.4996932,osm-intersection
SE 92ND AV & SE REEDWAY ST,-122.5686121,45.4813252,osm-intersection
SE 92ND AVE @ SE BUSH ST,-122.5685234,45.494488,osm-intersection
SE 92ND AVE @ SE CLINTON ST,-122.5683641,45.5023836,osm-intersection
SE 92ND AVE @ SE CRYSTAL SPRINGS BLVD,-122.568623,45.4647198,osm-intersection
SE 92ND AVE @ SE DIVISION ST,-122.5686362,45.5044296,osm-intersection
SE 92ND AVE @ SE DUKE ST,-122.5686382,45.4755908,osm-intersection
SE 92ND AVE @ SE GLENWOOD ST,-122.5686354,45.4738803,osm-intersection
SE 92ND AVE @ SE HARNEY CT,-122.5686212,45.4627285,osm-intersection
SE 92ND AVE @ SE HARRISON ST,-122.5691021,45.508921,osm-intersection
SE 92ND AVE @ SE SCHILLER ST,-122.5685908,45.4878683,osm-intersection
SE 92ND AVE @ SE TOLMAN ST,-122.5686286,45.4774149,osm-intersection
SE 92ND AVE @ SE WOODSTOCK BLVD,-122.5686334,45.4791334,osm-intersection
SE 96TH AV @ SE MARKET ST,-122.564327,45.5109431,osm-intersection
SE 97TH AV @ SE ELLIS ST,-122.563468,45.4819817,osm-intersection
SE 97TH AV @ SE FOSTER RD,-122.5634662,45.4783869,osm-intersection
SE 97TH AV @ SE HENRY ST,-122.5634899,45.4768585,osm-intersection
SE 97TH AV @ SE HOLGATE BLVD,-122.5634738,45.4899153,osm-intersection
SE 97TH AV @ SE PARDEE ST,-122.5634831,45.488831,osm-intersection
SE 98TH AV @ SE BOISE ST,-122.5628358,45.4916391,osm-intersection
SE 99TH AV @ SE HOLGATE BLVD,-122.5622282,45.489886,osm-intersection
SE 9TH AV @ SE HARNEY ST,-122.6569783,45.4621868,osm-intersection
SE 9TH AV @ SE SPOKANE ST,-122.6569877,45.4650416,osm-intersection
SE ALDER ST @ SE 9TH AV,-122.6567032,45.5179273,osm-intersection
SE ASH ST @ SE 15TH AV,-122.6505829,45.5214729,osm-intersection
SE BELMONT ST @ SE 33RD AV,-122.6309534,45.5164528,osm-intersection
SE BELMONT ST @ SE 53RD AV,-122.6088414,45.5165439,osm-intersection
SE BIRCH ST @ SE ELLIOTT AV,-122.6513997,45.5068486,osm-intersection
SE BOISE ST @ SE 52ND AV,-122.6090186,45.4927367,osm-intersection
SE BOISE ST @ SE 98TH AV,-122.5628358,45.4916391,osm-intersection
SE BROOKLYN ST @ SE 85TH AV,-122.5750122,45.5005052,osm-intersection
SE BYBEE BLVD @ SE 18TH AV,-122.6467528,45.4738525,osm-intersection
SE BYBEE BLVD @ SE 32ND AV,-122.630384,45.473395,osm-intersection
SE BYBEE BLVD @ SE CESAR E CHAVEZ BLVD,,,not located
SE CENTER ST @ SE 66TH AV,-122.595302,45.493932,osm-intersection
SE CENTER ST @ SE 74TH AV,-122.586916,45.4938352,osm-intersection
SE CESAR E CHAVEZ BLVD @ SE BYBEE BLVD,,,not located
SE CESAR E CHAVEZ BLVD @ SE HENRY ST,,,not located
SE CESAR E CHAVEZ BLVD @ SE KELLY ST,,,not located
SE CESAR E CHAVEZ BLVD @ SE LAFAYETTE CT,,,not located
SE CESAR E CHAVEZ BLVD @ SE MORRISON ST,,,not located
SE CESAR E CHAVEZ BLVD @ SE REX ST,,,not located
SE CLATSOP ST @ SE 16TH AV,-122.6490272,45.4607548,osm-intersection
SE CLATSOP ST @ SE 19TH AV,-122.6450764,45.4607541,osm-intersection
SE CLATSOP ST @ SE CLATSOP CT,-122.5602546,45.4615728,osm-intersection
SE CLAYBOURNE ST @ SE 89TH AV,-122.5717567,45.4747887,osm-intersection
SE CLINTON ST @ SE 101ST AV,-122.5595895,45.5026927,osm-intersection
SE CLINTON ST @ SE 105TH AV,-122.5554876,45.502652,osm-intersection
SE CLINTON ST @ SE 29TH AV,-122.6356103,45.5035411,osm-intersection
SE CLINTON ST @ SE 79TH AV,-122.5819167,45.5034564,osm-intersection
SE CLINTON ST @ SE 80TH AV,-122.5808626,45.5034603,osm-intersection
SE CLINTON ST @ SE 84TH PL,-122.5754969,45.5033484,osm-intersection
SE CORA ST @ SE 37TH AV,-122.6246523,45.491682,osm-intersection
SE CORA ST @ SE 42ND AV,-122.6189938,45.4916724,osm-intersection
SE CRYSTAL SPRINGS BLVD @ SE 89TH AV,-122.5719081,45.4649592,osm-intersection
SE CRYSTAL SPRINGS BLVD @ SE 92ND AVE,-122.568623,45.4647198,osm-intersection
SE CRYSTAL SPRINGS BLVD @ SE CESAR E CHAVEZ BLV,,,not located
SE DIVISION ST @ SE 28TH AV,-122.6376334,45.5048028,osm-intersection
SE DIVISION ST @ SE 34TH AV,-122.6295727,45.5047931,osm-intersection
SE DIVISION ST @ SE 43RD AV,-122.6180441,45.5052689,osm-intersection
SE DIVISION ST @ SE 48TH AV,-122.6130199,45.5052993,osm-intersection
SE DIVISION ST @ SE 54TH AV,-122.6070463,45.505329,osm-intersection
SE DIVISION ST @ SE 59TH AV,-122.6027522,45.505354,osm-intersection
SE DIVISION ST @ SE 67TH AV,-122.5945921,45.5053727,osm-intersection
SE DIVISION ST @ SE 71ST AV,-122.5897994,45.5053811,osm-intersection
SE DIVISION ST @ SE 75TH AV,-122.5857711,45.5053903,osm-intersection
SE DIVISION ST @ SE 76TH AV,-122.5844393,45.505393,osm-intersection
SE DIVISION ST @ SE 84TH PL,-122.575471,45.5045651,osm-intersection
SE DIVISION ST @ SE 89TH AV,-122.572286,45.5045835,osm-intersection
SE DIVISION ST @ SE 92ND AVE,-122.5686362,45.5044296,osm-intersection
SE DUKE ST @ SE 60TH AV,-122.6022404,45.4758209,osm-intersection
SE DUKE ST @ SE 63RD AV,-122.5983858,45.47583,osm-intersection
SE DUKE ST @ SE 72ND AV,-122.5893488,45.4758844,osm-intersection
SE DUKE ST @ SE 76TH AV,-122.5855072,45.4758779,osm-intersection
SE DUKE ST @ SE 83RD AV,-122.5780459,45.4758361,osm-intersection
SE DUKE ST @ SE 84TH AV,-122.5770508,45.4758095,osm-intersection
SE DUKE ST @ SE 92ND AVE,-122.5686382,45.4755908,osm-intersection
SE ELLIOTT AV @ SE BIRCH ST,-122.6513997,45.5068486,osm-intersection
SE ELLIS ST @ SE 104TH AV,-122.5557707,45.4817876,osm-intersection
SE ELLIS ST @ SE 88TH AV,-122.5720235,45.4822713,osm-intersection
SE EVERGREEN ST @ SE 45TH AV,-122.616034,45.4732724,osm-intersection
SE FLAVEL DR @ SE LEXINGTON ST,-122.6083037,45.4665269,osm-intersection
SE FLAVEL ST @ SE 64TH AV,-122.5971517,45.4686328,osm-intersection
SE FLAVEL ST @ SE 80TH AV,-122.5816329,45.4686662,osm-intersection
SE FLAVEL ST @ SE 87TH AV,-122.5739086,45.4685476,osm-intersection
SE FOSTER RD @ SE 72ND AV,-122.5891466,45.4865023,osm-intersection
SE FRANCIS ST @ SE 47TH AV,-122.6141265,45.4948798,osm-intersection
SE GLADSTONE ST @ SE 26TH AV,-122.6395963,45.4933718,osm-intersection
SE GRANT ST @ SE 37TH AV,-122.6257183,45.5073523,osm-intersection
SE HARNEY ST & SE 75TH PL,-122.5861708,45.4632846,osm-intersection
SE HARNEY ST @ SE 60TH AV,-122.6022033,45.4631114,osm-intersection
SE HARNEY ST @ SE 72ND AV,-122.5893716,45.4632715,osm-intersection
SE HARNEY ST @ SE 9TH AV,-122.6569783,45.4621868,osm-intersection
SE HAROLD ST @ SE 17TH AV,-122.6483825,45.4831196,osm-intersection
SE HAROLD ST @ SE 20TH AV,-122.6454379,45.4831248,osm-intersection
SE HAROLD ST @ SE 61ST AV,-122.6008741,45.4830469,osm-intersection
SE HARRISON ST @ SE 35TH PL,-122.6276127,45.5087924,osm-intersection
SE HARRISON ST @ SE 43RD AV,-122.6182194,45.5087694,osm-intersection
SE HAWTHORNE BLVD @ SE 22ND AV,-122.6431713,45.5120907,osm-intersection
SE HOLGATE BLVD @ SE 36TH AV,-122.6266922,45.4903003,osm-intersection
SE HOLGATE BLVD @ SE 48TH AV,-122.6129288,45.4902978,osm-intersection
SE HOLGATE BLVD @ SE 56TH AV,-122.6056963,45.4902853,osm-intersection
SE HOLGATE BLVD @ SE 58TH AV,-122.6039818,45.4902819,osm-intersection
SE HOLGATE BLVD @ SE 73RD AV,-122.5880586,45.4902471,osm-intersection
SE HOLGATE BLVD @ SE 79TH AV,-122.5825721,45.4902516,osm-intersection
SE HOLGATE BLVD @ SE 80TH AV,-122.5810032,45.4902539,osm-intersection
SE HOLGATE BLVD @ SE 82ND AV,-122.578806,45.4902615,osm-intersection
SE HOLGATE BLVD @ SE 88TH AV,-122.5723399,45.4901153,osm-intersection
SE HOLGATE BLVD @ SE 97TH AV,-122.5634738,45.4899153,osm-intersection
SE HOLGATE BLVD @ SE 99TH AV,-122.5622282,45.489886,osm-intersection
SE JOHNSON CREEK BLVD @ SE 33RD AV,-122.628923,45.4626956,osm-intersection
SE KNIGHT ST @ SE 52ND AV,-122.6087365,45.4800666,osm-intersection
SE LAFAYETTE ST @ SE 82ND AV,-122.5787409,45.4961858,osm-intersection
SE LINN ST @ SE 13TH AV,-122.6530213,45.4593353,osm-intersection
SE LONG ST @ SE 46TH AV,-122.6148651,45.4884813,osm-intersection
SE MANCHESTER PL @ SE ST ANDREWS DR,,,not located
SE MARKET ST @ SE 96TH AV,-122.564327,45.5109431,osm-intersection
SE MILL ST @ SE 80TH AV,-122.5811718,45.5101178,osm-intersection
SE MILWAUKIE AV @ SE CORA ST,-122.6519198,45.4920272,osm-intersection
SE MILWAUKIE AV @ SE PARDEE ST,-122.6509859,45.489621,osm-intersection
SE MILWAUKIE AV @ SE YUKON ST,-122.6494093,45.479326,osm-intersection
SE MILWAUKIE AV No Intersection,-122.647809,45.4662566,osm-street-near-neighbours
SE MITCHELL ST @ SE 52ND AV,-122.6087473,45.4856805,osm-intersection
SE MT SCOTT BLVD @ SE 101ST AV,-122.5591611,45.4656177,osm-intersection
SE MT SCOTT BLVD @ SE 103RD AV,-122.5578655,45.4651677,osm-intersection
SE OGDEN ST @ SE 45TH AV,-122.6159968,45.4711974,osm-intersection
SE PARDEE ST @ SE 97TH AV,-122.5634831,45.488831,osm-intersection
SE POWELL BLVD @ SE 67TH AV,-122.5946998,45.4973954,osm-intersection
SE POWELL BLVD @ SE 71ST AV,-122.5899063,45.4974776,osm-intersection
SE POWELL BLVD @ SE 84TH AV,-122.5762887,45.4974539,osm-intersection
SE POWELL BLVD @ SE 85TH AV,-122.5749963,45.4974496,osm-intersection
SE POWELL BLVD @ SE 86TH AV,-122.5740553,45.497356,osm-intersection
SE POWELL BLVD @ SE 89TH AV,-122.571828,45.4974411,osm-intersection
SE POWELL BLVD @ SE 90TH PL,,,not located
SE RAMONA ST @ SE 65TH AV,-122.5970224,45.4809385,osm-intersection
SE REEDWAY ST @ SE 102ND AV,-122.5584891,45.4811648,osm-intersection
SE REEDWAY ST@SE 49TH AV (WOODSTOCK SCHOOL) [N,-122.6124126,45.4813403,osm-intersection
SE REEDWAY ST@SE 49TH AV (WOODSTOCK SCHOOL) [S,-122.6124126,45.4813403,osm-intersection
SE REX ST @ SE 13TH AV,-122.6529987,45.4700542,osm-intersection
SE REX ST @ SE 31ST AV,-122.6314072,45.4695074,osm-intersection
SE REX ST @ SE 45TH AV,-122.6159783,45.4678584,osm-intersection
SE RHINE ST @ SE 80TH AV,-122.5809198,45.4968731,osm-intersection
SE SCHILLER ST @ SE 83RD AV,-122.5777705,45.4879578,osm-intersection
SE SPOKANE ST @ SE 6TH AV,-122.6600316,45.4650391,osm-intersection
SE SPOKANE ST @ SE 9TH AV,-122.6569877,45.4650416,osm-intersection
SE ST ANDREWS DR @ SE MANCHESTER PL,,,not located
SE STARK ST @ SE 41ST AV,-122.6204947,45.519257,osm-intersection
SE STARK ST @ SE 82ND AV,-122.5791421,45.5191357,osm-intersection
SE STEELE ST & SE 92ND AV,-122.5686068,45.484522,osm-intersection
SE STEELE ST @ SE 36TH PL,-122.6256923,45.4847242,osm-intersection
SE STEELE ST @ SE 41ST AV,-122.6205849,45.4847098,osm-intersection
SE STEELE ST @ SE 43RD AV,-122.6185391,45.4846927,osm-intersection
SE TAYLOR ST @ SE 29TH AV,-122.6360975,45.5150278,osm-intersection
SE TENINO ST @ SE 19TH AV,-122.6450568,45.4636093,osm-intersection
SE THORBURN ST @ SE 72ND AV,-122.588107,45.5203519,osm-intersection
SE TIBBETTS ST @ SE 79TH AV,-122.5819331,45.5000629,osm-intersection
SE TOLMAN ST @ SE 32ND AV,-122.6303721,45.4766049,osm-intersection
SE TOLMAN ST @ SE 67TH AV,-122.5944938,45.477369,osm-intersection
SE TOLMAN ST @ SE 84TH PL,-122.5764316,45.4775941,osm-intersection
SE TOLMAN ST @ SE 87TH AV,-122.5735478,45.4774982,osm-intersection
SE TOLMAN ST @ SE 92ND AVE,-122.5686286,45.4774149,osm-intersection
SE WOODSTOCK BLVD @ SE 43RD AV,-122.6184951,45.4791847,osm-intersection
SE WOODSTOCK BLVD @ SE 47TH AV,-122.6144363,45.4791747,osm-intersection
SE WOODSTOCK BLVD @ SE 49TH AV,-122.6124134,45.4791711,osm-intersection
SE WOODSTOCK BLVD @ SE 67TH AV,-122.5944624,45.4791507,osm-intersection
SE WOODSTOCK BLVD @ SE 86TH AV,-122.574452,45.4793192,osm-intersection
SE WOODSTOCK BLVD @ SE 89TH AV,-122.571419,45.4792723,osm-intersection
SE WOODSTOCK BLVD @ SE 96TH AV,-122.5647753,45.4780126,osm-intersection
SE WOODSTOCK BLVD @ SE 97TH AV,-122.5634719,45.4777551,osm-intersection
SE WOODWARD ST @ SE 31ST AV,-122.6335688,45.5019481,osm-intersection
SE WOODWARD ST @ SE 78TH AV,-122.5829002,45.5014363,osm-intersection
SE YAMHILL ST @ SE 71ST AV,-122.5897485,45.5163547,osm-intersection
SE YUKON ST @ SE 101ST AV,-122.5597929,45.4791433,osm-intersection
SITTON SCHOOL (9930 N SMITH ST),-122.757604933761,45.599975109601,census-address
SW 10TH AV @ SW MORRISON ST,-122.682107,45.520028,osm-intersection
SW 11TH AV @ SW CARSON ST,-122.6899265,45.4642359,osm-intersection
SW 11TH AV @ SW GAINES ST,-122.6913452,45.4969679,osm-intersection
SW 11TH AV @ SW GIBBS ST,-122.691189,45.4991059,osm-intersection
SW 11TH AV @ SW WHITAKER ST,-122.6912767,45.4984202,osm-intersection
SW 12TH AV @ SW CLAY ST,-122.68705,45.515222,osm-intersection
SW 12TH AV @ SW JEFFERSON ST,-122.6863328,45.5165461,osm-intersection
SW 12TH AV @ SW MILL ST,-122.6877625,45.5139066,osm-intersection
SW 13TH AV @ SW BERTHA BLVD,-122.6921608,45.4707477,osm-intersection
SW 15TH AV @ SW ALDER ST,-122.6868166,45.5220354,osm-intersection
SW 17TH AV @ SW BARBUR BLVD,-122.6950865,45.4671744,osm-intersection
SW 17TH AV @ SW COLUMBIA ST,-122.6916895,45.5172355,osm-intersection
SW 17TH DR @ SW CANBY ST,-122.6935881,45.4690182,osm-intersection
SW 17TH DR @ SW CUSTER DR,-122.6962001,45.4715881,osm-intersection
SW 17TH DR @ SW CUSTER ST,-122.6943086,45.4697507,osm-intersection
SW 17TH DR @ SW MILES ST,-122.6959004,45.4711228,osm-intersection
SW 17TH DR @ SW TROY ST,-122.6943671,45.4683156,osm-intersection
SW 18TH AV @ SW JEFFERSON ST,-122.6930964,45.5178921,osm-intersection
SW 18TH DR @ SW CAROLINA ST,-122.6975528,45.4785562,osm-intersection
SW 18TH DR @ SW DEWITT ST,-122.6969997,45.4799325,osm-intersection
SW 18TH DR @ SW IOWA ST,-122.6973006,45.4792275,osm-intersection
SW 18TH PL @ SW COLLINS CT,-122.6953548,45.4560532,osm-intersection
SW 19TH AV @ SW BOONES FERRY RD,-122.6973894,45.4362446,osm-nearest-pair
SW 19TH DR @ SW 18TH DR,-122.6963826,45.4836203,osm-intersection
SW 19TH DR @ SW SEYMOUR DR,-122.700381,45.4875022,osm-intersection
SW 19TH DR @ SW TYROL ST,-122.6994365,45.4868397,osm-intersection
SW 1ST AV @ SW GROVER ST,-122.6788589,45.5001406,osm-intersection
SW 1ST AV @ SW HARRISON ST,-122.6780551,45.509856,osm-intersection
SW 1ST AV @ SW LINCOLN ST,-122.6785885,45.5080462,osm-intersection
SW 1ST AV @ SW MEADE ST,-122.6786975,45.5029743,osm-intersection
SW 1ST AV @ SW WHITAKER ST,-122.6789188,45.4987064,osm-intersection
SW 21ST AV @ SW SALMON ST,-122.6942779,45.5207645,osm-intersection
SW 22ND AV @ SW BOONES FERRY RD,,,not located
SW 24TH AV @ SW HUME CT,-122.7021322,45.4650399,osm-intersection
SW 25TH AV @ SW HUBER ST,-122.7025086,45.4517459,osm-intersection
SW 26TH AV @ SW TAYLORS FERRY RD,-122.7036427,45.4581012,osm-intersection
SW 27TH AV @ SW HAMILTON CT,-122.7051914,45.4895941,osm-intersection
SW 27TH PL @ SW ORCHARD HILL PL,-122.7049689,45.4361917,osm-intersection
SW 27TH PL @ SW STEPHENSON ST,-122.7051329,45.4401725,osm-intersection
SW 28TH AV @ SW NEVADA CT,-122.7057101,45.472455,osm-intersection
SW 29TH AV @ SW SUNSET BLVD,-122.7064691,45.4886984,osm-intersection
SW 2ND AV @ S COLLINS ST,,,not located
SW 30TH AV @ SW BERTHA BLVD,-122.7077579,45.4799854,osm-intersection
SW 30TH AV @ SW CAROLINA ST,-122.7077503,45.4782559,osm-intersection
SW 30TH AV @ SW CARSON ST,-122.7077437,45.4643649,osm-intersection
SW 30TH AV @ SW DOLPH CT,-122.7077461,45.4617002,osm-intersection
SW 30TH AV @ SW IDAHO ST,-122.7077432,45.4768369,osm-intersection
SW 30TH AV @ SW ILLINOIS ST,-122.7077529,45.4789757,osm-intersection
SW 30TH AV @ SW IOWA ST,-122.7077499,45.4796657,osm-intersection
SW 30TH AV @ SW MARIGOLD ST,-122.7077429,45.4607809,osm-intersection
SW 30TH AV @ SW NEBRASKA ST,-122.707748,45.4775348,osm-intersection
SW 30TH AV @ SW VERMONT ST,-122.7077474,45.4760935,osm-intersection
SW 31ST AV @ SW HUBER ST,-122.7085918,45.4518259,osm-intersection
SW 32ND AV @ SW MILES ST,-122.7094483,45.4710391,osm-intersection
SW 33RD AV @ SW NEVADA CT,-122.7102652,45.4725249,osm-intersection
SW 33RD PL @ SW RHINO WY,-122.7113912,45.4800064,osm-intersection
SW 33RD PL @ SW VERMONT ST,-122.7109255,45.4761176,osm-intersection
SW 34TH AV @ SW CAPITOL HWY,-122.7116504,45.4684138,osm-intersection
SW 35TH AV @ SW ALICE ST,-122.7134651,45.458423,osm-intersection
SW 35TH AV @ SW CALDEW ST,-122.7128727,45.4716334,osm-intersection
SW 35TH AV @ SW CALIFORNIA ST,-122.7128772,45.4747922,osm-intersection
SW 35TH AV @ SW CANBY ST,-122.7128634,45.4689223,osm-intersection
SW 35TH AV @ SW CARAWAY CT,-122.7128398,45.4482758,osm-intersection
SW 35TH AV @ SW CUSTER ST,-122.7128645,45.4696682,osm-intersection
SW 35TH AV @ SW DOLPH CT,-122.7129268,45.4617742,osm-intersection
SW 35TH AV @ SW HUME ST,-122.7128607,45.465359,osm-intersection
SW 35TH AV @ SW NEVADA CT,-122.7128704,45.4725439,osm-intersection
SW 35TH AV @ SW PALATINE ST,-122.7128197,45.4438084,osm-intersection
SW 35TH AV @ SW TEXAS ST,-122.7128802,45.4741339,osm-intersection
SW 35TH AV @ SW VESTA ST,-122.7128234,45.4411313,osm-intersection
SW 37TH AV @ SW 38TH PL,-122.7148191,45.489135,osm-intersection
SW 37TH AV @ SW IOWA ST,-122.7156199,45.4801653,osm-intersection
SW 38TH PL @ SW LEE ST,-122.7165941,45.487029,osm-intersection
SW 38TH PL @ SW SEYMOUR ST,-122.7148191,45.489135,osm-intersection
SW 39TH DR @ SW HAMILTON CT,-122.716727,45.489889,osm-intersection
SW 39TH DR @ SW LEE ST,-122.718142,45.487046,osm-intersection
SW 39TH DR @ SW SEYMOUR CT,-122.717542,45.488916,osm-intersection
SW 40TH AV @ SW MULTNOMAH BLVD,-122.7179923,45.4674445,osm-intersection
SW 41ST AV @ SW PENDLETON ST,-122.7195786,45.4811875,osm-intersection
SW 41ST AV @ SW VACUNA ST,-122.719078,45.44182,osm-intersection
SW 45TH AV @ SW 45TH DR,-122.7231745,45.4628829,osm-intersection
SW 45TH AV @ SW CALDEW ST,-122.7231763,45.4723207,osm-intersection
SW 45TH AV @ SW CALIFORNIA ST,-122.7231794,45.474918,osm-intersection
SW 45TH AV @ SW CARSON ST,-122.7231664,45.4641465,osm-intersection
SW 45TH AV @ SW CORONADO ST,-122.7231039,45.4425253,osm-intersection
SW 45TH AV @ SW GARDEN HOME RD,-122.7231795,45.4654735,osm-intersection
SW 45TH AV @ SW HAMILTON ST,-122.7232209,45.4907112,osm-intersection
SW 45TH AV @ SW ILLINOIS ST,-122.7231722,45.4786291,osm-intersection
SW 45TH AV @ SW NEVADA CT,-122.7231765,45.4729645,osm-intersection
SW 45TH DR @ SW FREEMAN ST,-122.7231745,45.4628829,osm-intersection
SW 45TH@SW NEVADA ST  (GABRIEL PARK),-122.7231773,45.4736138,osm-intersection
SW 46TH AVE & SW COLLINS ST,-122.724315,45.455408,osm-intersection
SW 47TH AV @ SW VACUNA ST,-122.725108,45.441814,osm-intersection
SW 49TH AV @ SW CORONADO ST,-122.7270802,45.4425239,osm-intersection
SW 49TH AV @ SW DICKINSON ST,-122.7270939,45.4475574,osm-intersection
SW 49TH AV @ SW VACUNA ST,-122.72708,45.4418116,osm-intersection
SW 4TH AV @ SW CARSON ST,-122.682477,45.4641689,osm-intersection
SW 4TH AV @ SW HUME ST,-122.6824459,45.4654237,osm-intersection
SW 4TH AV @ SW NEVADA ST,-122.6824714,45.473283,osm-intersection
SW 4TH AV @ SW PINE ST,-122.6747645,45.5218657,osm-intersection
SW 4TH AV @ SW TROY ST,-122.6830286,45.467606,osm-intersection
SW 50TH AV @ SW BAIRD ST,-122.7283676,45.4575053,osm-intersection
SW 50TH AV @ SW BRUGGER ST,-122.7283641,45.4561077,osm-intersection
SW 50TH AV @ SW NEBRASKA ST,-122.728307,45.4771431,osm-nearest-pair
SW 51ST AV @ SW BUDDINGTON ST,-122.7291167,45.4432388,osm-intersection
SW 52ND AV @ SW ALFRED ST,-122.7299747,45.451331,osm-intersection
SW 52ND AV @ SW FREEMAN CT,-122.730854,45.4632448,osm-intersection
SW 52ND AV @ SW NEVADA CT,-122.7305751,45.4728953,osm-intersection
SW 52ND AV No Intersection,-122.7305751,45.4728953,osm-street-near-neighbours
SW 53RD AV @ SW 53RD CT,-122.7311493,45.488696,osm-intersection
SW 53RD AV @ SW ARNOLD ST,-122.7310794,45.4446353,osm-intersection
SW 53RD AV @ SW CAPITOL HWY,-122.7310884,45.4439484,osm-intersection
SW 53RD AV @ SW VACUNA ST,-122.7310781,45.4418175,osm-intersection
SW 55TH AV @ SW BUDDINGTON ST,-122.7333465,45.4432346,osm-intersection
SW 55TH AV @ SW CORONADO ST,-122.7333746,45.4425478,osm-intersection
SW 55TH AV @ SW NEVADA CT,-122.7335013,45.4729624,osm-intersection
SW 55TH DR @ SW DOWNS VIEW CT,-122.732839,45.497365,osm-intersection
SW 60TH AV @ SW DICKINSON ST,-122.7385501,45.4476552,osm-intersection
SW 60TH AV @ SW HAINES ST,-122.738649,45.4368735,osm-intersection
SW 60TH AV @ SW MILES CT,-122.7383728,45.4715814,osm-intersection
SW 60TH AV @ SW MILES ST,-122.7383728,45.4715814,osm-intersection
SW 60TH AV @ SW TEXAS ST,-122.7386,45.473923,osm-intersection
SW 60TH AV No Intersection,-122.7383728,45.4715814,osm-street-near-neighbours
SW 61ST AV @ SW WILBARD ST,-122.739138,45.453032,osm-intersection
SW 61ST DR @ SW TAYLOR ST,-122.7399114,45.5149752,osm-intersection
SW 62ND AV @ SW EVELYN ST,-122.740862,45.4541163,osm-intersection
SW 62ND AV @ SW RADCLIFFE ST,-122.7408686,45.4520104,osm-intersection
SW 62ND AV @ SW WILBARD ST,-122.7408631,45.4534108,osm-intersection
SW 62ND DR @ SW HUDDLESON ST,-122.7383565,45.4490995,osm-intersection
SW 62ND PL @ SW VERMONT ST,-122.740488,45.4764044,osm-intersection
SW 63RD AV @ SW NEVADA CT,-122.7424049,45.4732807,osm-intersection
SW 65TH AV @ SW OAK ST,-122.743681,45.4446918,osm-intersection
SW 6TH AV @ SW MOSS ST,-122.6842626,45.4666872,osm-intersection
SW 6TH AVENUE DR @ SW BANCROFT ST,-122.6840191,45.4924641,osm-intersection
SW 84TH AV @ SW SCHILLER RD,-122.7627498,45.5009346,osm-intersection
SW 8TH AV @ SW ALICE ST,-122.687019,45.4574946,osm-intersection
SW 9TH AV @ SW DOLPH ST,-122.6876144,45.4618938,osm-intersection
SW 9TH DR @ SW 8TH AV,-122.6870167,45.4598966,osm-intersection
SW 9TH DR @ SW DOLPH CT,-122.687848,45.4614962,osm-intersection
SW ALDER ST @ SW 15TH AV,-122.6868166,45.5220354,osm-intersection
SW ALDER ST @ SW 17TH AV,-122.6887885,45.522562,osm-intersection
SW ALFRED ST @ SW 52ND AV,-122.7299747,45.451331,osm-intersection
SW ALICE ST @ SW 34TH PL,-122.7121768,45.4584117,osm-intersection
SW ALICE ST @ SW 35TH AV,-122.7134651,45.458423,osm-intersection
SW ALICE ST @ SW TERWILLIGER BLVD,-122.6849546,45.4574997,osm-intersection
SW ARNOLD ST @ SW 28TH DR,-122.7054912,45.4456805,osm-intersection
SW ARNOLD ST @ SW 32ND AV,-122.709424,45.4453552,osm-intersection
SW ARNOLD ST @ SW CREIGHTONWOOD PL,-122.692945,45.44601,osm-intersection
SW ARNOLD ST No Intersection,-122.703177,45.4462579,osm-street-near-neighbours
SW BAIRD ST @ SW 50TH AV,-122.7283676,45.4575053,osm-intersection
SW BANCROFT ST @ SW CONDOR AV,-122.6793476,45.4923888,osm-intersection
SW BARBUR BLVD @ SW 21ST AV,-122.6993701,45.4647057,osm-intersection
SW BARBUR BLVD @ SW 5TH AV,-122.6835353,45.4710003,osm-intersection
SW BARBUR BLVD @ SW HUBER ST,-122.7243191,45.4523119,osm-intersection
SW BARBUR BLVD @ SW PRIMROSE ST,-122.7086456,45.4593543,osm-intersection
SW BARBUR BLVD @ SW TROY ST,-122.6928199,45.4684706,osm-intersection
SW BEAVERTON AV @ SW WAPATO AV,-122.703709,45.495217,osm-intersection
SW BEAVERTON HILLSDALE HWY @ SW 35TH AV,-122.7129528,45.4828899,osm-intersection
SW BEAVERTON HILLSDALE HWY @ SW 42ND AV,-122.7200074,45.4854944,osm-intersection
SW BEAVERTON HILLSDALE HWY @ SW 45TH AV,-122.7232575,45.4857892,osm-intersection
SW BEAVERTON HILLSDALE HWY @ SW 50TH AV,-122.728255,45.487008,osm-intersection
SW BEAVERTON HILLSDALE HWY @ SW 56TH AV,-122.7348567,45.4870522,osm-intersection
SW BENZ PARK DR @ SW BENZ PARK CT,-122.7515948,45.5034593,osm-intersection
SW BERNARD DR @ SW COUNCIL CREST DR,-122.6978769,45.4921236,osm-intersection
SW BERTHA BLVD @ HILLSDALE TER,,,not located
SW BERTHA BLVD @ SW 13TH AV,-122.6921608,45.4707477,osm-intersection
SW BERTHA BLVD @ SW 25TH AV,-122.7025048,45.4792407,osm-intersection
SW BERTHA BLVD @ SW CAPITOL HILL RD,-122.6960578,45.4750833,osm-intersection
SW BOONES FERRY RD @ SW 13TH CT,-122.6925594,45.4377948,osm-intersection
SW BOONES FERRY RD @ SW 18TH AV,-122.6954083,45.4367146,osm-intersection
SW BOONES FERRY RD @ SW 19TH AV,-122.6959155,45.4365483,osm-nearest-pair
SW BOONES FERRY RD @ SW 22ND AV,,,not located
SW BOONES FERRY RD @ SW COLONY DR,-122.6862273,45.4488987,osm-intersection
SW BOONES FERRY RD @ SW COMUS CT,-122.6867442,45.4477959,osm-intersection
SW BOONES FERRY RD @ SW ORCHARD HILL RD,,,not located
SW BOUNDARY ST @ SW 62ND AV,-122.7410444,45.4858352,osm-intersection
SW BOUNDARY ST @ SW RICHARDSON DR,-122.703164,45.484675,osm-intersection
SW BRIER PL @ SW MILES ST,-122.6784567,45.4712396,osm-intersection
SW BROADLEAF DR @ SW BALMER CIR,-122.699353,45.453286,osm-intersection
SW BROADWAY @ SHERWOOD DR,,,not located
SW BROADWAY @ SW CLAY ST,-122.6825013,45.5140122,osm-intersection
SW BROADWAY DR @ SW ARDEN RD,-122.7022403,45.5053989,osm-intersection
SW BROADWAY DR @ SW DAVENPORT CT,-122.6972924,45.5057906,osm-intersection
SW BROADWAY DR @ SW DAVENPORT ST,-122.6972924,45.5057906,osm-intersection
SW BROADWAY DR @ SW GRANT ST,-122.6857202,45.5074239,osm-intersection
SW BROADWAY DR @ SW HOFFMAN AV,-122.6853271,45.5046558,osm-intersection
SW BRUGGER ST @ SW 62ND DR,-122.7408774,45.456102,osm-intersection
SW BUDDINGTON ST @ SW 51ST AV,-122.7291167,45.4432388,osm-intersection
SW Barbur & Whitaker,,,not located
SW CAMERON RD & 52ND AV,,,not located
SW CAMERON RD @ SW 48TH AV,-122.7269087,45.4835228,osm-intersection
SW CAMERON RD @ SW 50TH AV,-122.7283515,45.4835237,osm-intersection
SW CAMERON RD @ SW 53RD AV,-122.7315332,45.48354,osm-intersection
SW CAMERON RD @ SW 54TH AV,-122.7326666,45.4835518,osm-intersection
SW CANBY ST @ SW 30TH PL,-122.7081259,45.4688348,osm-intersection
SW CANBY ST @ SW 40TH AV,-122.7180601,45.468997,osm-intersection
SW CANBY ST @ SW HUNT CLUB PL,-122.741514,45.469427,osm-intersection
SW CANYON CT @ SW 61ST DR,-122.7394637,45.5092006,osm-intersection
SW CANYON DR @ SW 72ND AV,-122.7505806,45.4983364,osm-intersection
SW CANYON DR @ SW BUCHAREST CT,-122.7446756,45.5042851,osm-intersection
SW CANYON DR @ SW CRESTDALE DR,-122.748383,45.4998054,osm-intersection
SW CANYON DR @ SW SHERIDAN ST,-122.7439997,45.5049884,osm-intersection
SW CANYON LN @ SW 71ST AV,-122.7499735,45.504062,osm-intersection
SW CANYON LN @ SW 75TH AV,-122.754414,45.5033023,osm-intersection
SW CANYON LN @ SW CANYON TERR,-122.7459308,45.5049385,osm-intersection
SW CANYON LN @ SW WALNUT LN,-122.7574088,45.5013324,osm-intersection
SW CANYON LN @ SW WEST POINT AV,-122.7579698,45.5009629,osm-intersection
SW CANYON LN No Intersection,-122.7619964,45.4992127,osm-street-near-neighbours
SW CANYON RD @ SW BENZ PARK DR,-122.7523334,45.501606,osm-intersection
SW CANYON RD @ SW CAMELOT CT,-122.746945,45.5052456,osm-intersection
SW CANYON RD @ SW COPEL ST,-122.7534038,45.5005066,osm-intersection
SW CANYON RD @ SW CRESTDALE DR,-122.7502496,45.502803,osm-intersection
SW CANYON RD @ SW JADE AV,-122.7536175,45.5001859,osm-intersection
SW CANYON RD @ SW LINDEN RD,-122.7553021,45.4981105,osm-intersection
SW CAPITOL HILL RD @ SW BERTHA BLVD,-122.6960578,45.4750833,osm-intersection
SW CAPITOL HILL RD @ SW CANBY CT,-122.6999201,45.4691768,osm-intersection
SW CAPITOL HILL RD @ SW MILES ST,-122.6995484,45.4705794,osm-intersection
SW CAPITOL HILL RD @ SW MOSS ST,-122.6999583,45.4679053,osm-intersection
SW CAPITOL HWY & TEXAS ST,,,not located
SW CAPITOL HWY @ SW 34TH AV,-122.7116504,45.4684138,osm-intersection
SW CAPITOL HWY @ SW 39TH AV,-122.7167939,45.466482,osm-intersection
SW CAPITOL HWY @ SW 41ST AV,-122.7191357,45.4617484,osm-intersection
SW CAPITOL HWY @ SW 42ND AV,-122.7199683,45.455369,osm-nearest-pair
SW CAPITOL HWY @ SW 49TH AV,-122.7270861,45.4441485,osm-intersection
SW CAPITOL HWY @ SW 51ST AV,-122.7291092,45.443949,osm-intersection
SW CAPITOL HWY @ SW 53RD AV,-122.7310884,45.4439484,osm-intersection
SW CAPITOL HWY @ SW 58TH CT,-122.7366101,45.4428418,osm-intersection
SW CAPITOL HWY @ SW ALICE ST,-122.7190356,45.4583039,osm-intersection
SW CAPITOL HWY @ SW CARSON ST,-122.7180153,45.4640934,osm-intersection
SW CAPITOL HWY @ SW CUSTER ST,-122.7078547,45.4698192,osm-intersection
SW CAPITOL HWY @ SW LOBELIA ST,-122.7192405,45.4613557,osm-intersection
SW CAPITOL HWY @ SW MARIGOLD ST,-122.719155,45.4602677,osm-intersection
SW CAPITOL HWY @ SW NEBRASKA ST,-122.7008904,45.4773734,osm-intersection
SW CAPITOL HWY @ SW PRIMROSE ST,-122.7190507,45.4594866,osm-intersection
SW CAPITOL HWY @ SW SPRING GARDEN ST,-122.7180552,45.4636228,osm-intersection
SW CAPITOL HWY No Intersection,-122.6987654,45.4777743,osm-street-near-neighbours
SW CARSON ST @ SW 11TH AV,-122.6899265,45.4642359,osm-intersection
SW CARSON ST @ SW 43RD AV,-122.7218151,45.4641683,osm-intersection
SW CHEHALEM AV @ SW COUNCIL CREST DR,-122.703297,45.496686,osm-intersection
SW CHELTENHAM CT @ SW CHELTENHAM ST,-122.6918739,45.4811798,osm-intersection
SW CHESTNUT ST @ SW 8TH AV,-122.6866685,45.4752416,osm-intersection
SW CHESTNUT ST @ SW BURLINGAME AV,-122.6876061,45.4753564,osm-intersection
SW CLAY ST @ SW 12TH AV,-122.68705,45.515222,osm-intersection
SW CLAY ST @ SW BROADWAY,-122.6825013,45.5140122,osm-intersection
SW CLAY ST @ SW PARK AV,-122.6834892,45.5142749,osm-intersection
SW COLUMBIA ST @ SW 17TH AV,-122.6916895,45.5172355,osm-intersection
SW CONDOR AV @ SW BANCROFT ST,-122.6793476,45.4923888,osm-intersection
SW COUNCIL CREST DR @ SW BERNARD DR,-122.6978769,45.4921236,osm-intersection
SW COUNCIL CREST DR @ SW BERTHA AV,-122.7019693,45.4938033,osm-intersection
SW COUNCIL CREST DR @ SW TUALATIN AV,-122.7022664,45.4945595,osm-intersection
SW CUSTER ST @ SW 25TH AV,-122.702513,45.469723,osm-intersection
SW CUSTER ST @ SW 30TH DR,-122.7062271,45.4697632,osm-intersection
SW DICKINSON ST @ SW 49TH AV,-122.7270939,45.4475574,osm-intersection
SW DICKINSON ST @ SW 60TH AV,-122.7385501,45.4476552,osm-intersection
SW DOLPH CT @ SW 30TH AV,-122.7077461,45.4617002,osm-intersection
SW DOLPH CT @ SW 35TH AV,-122.7129268,45.4617742,osm-intersection
SW DOLPH CT @ SW 36TH AV,-122.714748,45.461788,osm-intersection
SW DOSCH RD & SW STONEBROOK DR,-122.7103682,45.4872139,osm-intersection
SW DOSCH RD @ SW BRIDLEMILE LN,-122.7111296,45.4931551,osm-intersection
SW DOSCH RD @ SW DOSCH CT,-122.7117165,45.4963488,osm-intersection
SW DOSCH RD @ SW DOSCHVIEW CT,-122.7129076,45.4983655,osm-intersection
SW DOSCH RD @ SW MARTINS LN,-122.7120585,45.4944594,osm-intersection
SW DOSCH RD @ SW PATTON RD,-122.7136172,45.5018792,osm-intersection
SW DOSCH RD @ SW RICHENBERG CT,-122.7082424,45.4851377,osm-intersection
SW DOSCH RD @ SW SEYMOUR CT,-122.7103647,45.4894461,osm-intersection
SW DOSCH RD @ SW SEYMOUR ST,-122.7103742,45.4891929,osm-intersection
SW DOSCH RD No Intersection,-122.7129538,45.4982565,osm-street-near-neighbours
SW DOSCH Rd @ SW FLOWER TERR (NORTH),-122.707892,45.482996,osm-intersection
SW DOVER ST @ SW OLESON RD,-122.7472624,45.4825923,osm-intersection
SW DOWNS VIEW CT @ SW 55TH DR,-122.732839,45.497365,osm-intersection
SW EVELYN ST @ SW 62ND AV,-122.740862,45.4541163,osm-intersection
SW FAIRHAVEN DR @ SW UPLAND DR,-122.7249465,45.5150497,osm-intersection
SW FAIRMOUNT BLVD @ SW CHESAPEAK AV,-122.7067374,45.4948655,osm-intersection
SW FAIRMOUNT BLVD @ SW HIMES ST,-122.7059748,45.4956455,osm-intersection
SW FAIRMOUNT BLVD @ SW MITCHELL ST,-122.694535,45.487313,osm-intersection
SW FAIRMOUNT BLVD @ SW WAPATO AV,-122.7045709,45.494733,osm-intersection
SW FAIRVIEW BLVD @ SW BENNINGTON DR,-122.7104733,45.5210747,osm-intersection
SW FAIRVIEW BLVD @ SW CANTERBURY LN,-122.7130762,45.5204118,osm-intersection
SW FAIRVIEW BLVD @ SW CASCADE DR,-122.712327,45.518819,osm-intersection
SW FAIRVIEW BLVD @ SW CHAMPLAIN DR,-122.7107509,45.519332,osm-intersection
SW FAIRVIEW BLVD @ SW FAIRVIEW CIRCUS,-122.7229796,45.5158063,osm-intersection
SW FAIRVIEW BLVD @ SW LAFAYETTE PL,-122.7120784,45.5212297,osm-intersection
SW FAIRVIEW BLVD @ SW RUTLAND TERR,-122.7078046,45.5209846,osm-intersection
SW GARDEN HOME RD @ SW 41ST AV,-122.7192841,45.4663916,osm-intersection
SW GARDEN HOME RD @ SW 45TH AV,-122.7231795,45.4654735,osm-intersection
SW GARDEN HOME RD @ SW 46TH AV,-122.7241385,45.4654092,osm-intersection
SW GARDEN HOME RD @ SW 47TH AV,-122.7251331,45.4654099,osm-intersection
SW GARDEN HOME RD @ SW 48TH AV,-122.725793,45.465324,osm-intersection
SW GARDEN HOME RD @ SW 50TH AV,-122.727811,45.46371,osm-intersection
SW GARDEN HOME RD @ SW 54TH AV,-122.732358,45.464515,osm-intersection
SW GARDEN HOME RD @ SW 56TH AV,-122.73428,45.464979,osm-intersection
SW GARDEN HOME RD @ SW 57TH AV,-122.7356564,45.4651869,osm-intersection
SW GARDEN HOME RD @ SW 61ST AV,-122.7394805,45.4651902,osm-intersection
SW GARDEN HOME RD @ SW 62ND AV,-122.7405385,45.4653109,osm-intersection
SW GARDEN HOME RD @ SW 64TH AV,-122.7428705,45.4655666,osm-intersection
SW GARDEN HOME RD @ SW ORCHARD LN,-122.726505,45.4646892,osm-intersection
SW GARDEN HOME RD @ SW WOODS CREEK CT,-122.7284823,45.4639489,osm-intersection
SW GIBBS ST @ SW 11TH AV,-122.691189,45.4991059,osm-intersection
SW GREENLEAF CT @ SW GREENLEAF DR,-122.7162215,45.5029297,osm-intersection
SW GREENLEAF DR @ SW ARTHUR WY,-122.719774,45.5019595,osm-intersection
SW GREENLEAF DR @ SW GREENHILLS WY,-122.7184851,45.5014449,osm-intersection
SW GREENWAY AV @ SW TALBOT RD,-122.7058027,45.5022073,osm-intersection
SW HAINES ST @ SW 60TH AV,-122.738649,45.4368735,osm-intersection
SW HAMILTON ST @ SW 34TH AV,-122.7119889,45.4906116,osm-intersection
SW HAMILTON ST @ SW 36TH PL,-122.7144328,45.4906338,osm-intersection
SW HAMILTON ST @ SW 39TH DR,-122.716742,45.4906558,osm-intersection
SW HAMILTON ST @ SW 42ND PL,-122.719488,45.4906759,osm-intersection
SW HAMILTON ST @ SW 47TH DR,-122.7256511,45.4907227,osm-intersection
SW HAMILTON ST @ SW 48TH AV,-122.7267712,45.4907274,osm-intersection
SW HAMILTON ST @ SW 52ND AV,-122.7304904,45.4907585,osm-intersection
SW HAMILTON ST @ SW 53RD AV,-122.7314799,45.4907605,osm-intersection
SW HAMILTON ST @ SW 54TH PL,-122.7327257,45.4907589,osm-intersection
SW HAMILTON ST @ SW 58TH AV,-122.7369512,45.4907893,osm-intersection
SW HAMILTON ST @ SW 60TH PL,-122.7396495,45.4908037,osm-intersection
SW HAMILTON ST @ SW 63RD AV,-122.7428254,45.4908228,osm-intersection
SW HAMILTON ST @ SW ALTADENA AV,-122.7080763,45.4905747,osm-intersection
SW HAMILTON ST @ SW HAMILTON TERR,-122.6809434,45.4909179,osm-intersection
SW HAMILTON ST @ SW SELLING CT,-122.7403266,45.4908108,osm-intersection
SW HAMILTON ST @ SW TWOMBLY AVE,-122.705663,45.4906144,osm-intersection
SW HARRISON ST @ SW 1ST AV,-122.6780551,45.509856,osm-intersection
SW HARRISON ST @ SW 4TH AV,-122.6808824,45.5105432,osm-intersection
SW HEWETT BLVD @ SW 50TH AV,-122.7285687,45.502212,osm-intersection
SW HEWETT BLVD @ SW ORMANDY WY,-122.7250881,45.5019637,osm-intersection
SW HIGHLAND PKWY @ SW ELM LN,-122.7257016,45.5107325,osm-intersection
SW HIGHLAND PKWY @ SW PARKVIEW CT,-122.72835,45.511486,osm-intersection
SW HOOKER ST @ SW 2ND AV,-122.6797723,45.5022658,osm-intersection
SW HUBER ST @ SW 28TH AV,-122.705128,45.4517809,osm-intersection
SW HUBER ST @ SW 30TH AV,-122.7076857,45.4518129,osm-intersection
SW HUBER ST @ SW 31ST AV,-122.7085918,45.4518259,osm-intersection
SW HUBER ST @ SW 32ND AV,-122.7095576,45.4518392,osm-intersection
SW HUBER ST @ SW 35TH AV,-122.712826,45.4518789,osm-intersection
SW HUBER ST @ SW 36TH PL,-122.7148601,45.451925,osm-intersection
SW HUBER ST @ SW 40TH AV,-122.7179568,45.4521423,osm-intersection
SW HUBER ST @ SW QUAIL POST RD,-122.7056521,45.4517905,osm-intersection
SW HUDDLESON ST @ SW 62ND DR,-122.7383565,45.4490995,osm-intersection
SW HUME ST @ SW 30TH AV,-122.7077403,45.4652657,osm-intersection
SW HUME ST @ SW 31ST AV,-122.7089472,45.4653043,osm-intersection
SW HUME ST @ SW 33RD AV,-122.71022,45.465319,osm-intersection
SW HUME ST @ SW 35TH AV,-122.7128607,45.465359,osm-intersection
SW HUMPHREY BLVD @ SW HUMPHREY PARK RD,-122.7287715,45.5054801,osm-intersection
SW LABBE AV @ SW GREENLEAF CT,-122.7162215,45.5029297,osm-intersection
SW LANCASTER RD @ SW BROADLEAF DR,-122.699749,45.45288,osm-intersection
SW LANCASTER RD @ SW QUAIL POST RD,-122.702385,45.455692,osm-intersection
SW LESSER RD @ SW LESSER WY,-122.7397969,45.4398194,osm-intersection
SW LESSER RD @ SW STEPHENSON ST,-122.7392784,45.4400846,osm-intersection
SW LURADEL ST @ SW 25TH AV,-122.7024951,45.450617,osm-intersection
SW MAPLECREST DR @ SW 8TH PL,-122.6871853,45.4516063,osm-intersection
SW MAPLEWOOD RD @ SW 51ST AV,-122.7287456,45.4705261,osm-intersection
SW MARKET ST @ SW PARK AV,-122.6843945,45.5137498,osm-intersection
SW MILES ST @ SW 27TH AV,-122.7046724,45.4706549,osm-intersection
SW MILES ST @ SW 28TH AV,-122.705678,45.4706719,osm-intersection
SW MILES ST @ SW 32ND AV,-122.7094483,45.4710391,osm-intersection
SW MITCHELL ST @ SW HESSLER DR,-122.6938866,45.4865262,osm-intersection
SW MONTGOMERY DR @ SW PATTON RD,-122.7052599,45.5051086,osm-intersection
SW MORRISON ST @ SW 10TH AV,-122.682107,45.520028,osm-intersection
SW MT ADAMS DR @ SW FAIRMOUNT BLVD,-122.7027947,45.497575,osm-intersection
SW MULTNOMAH BLVD @ SW 28TH AV,-122.705939,45.466073,osm-intersection
SW MULTNOMAH BLVD @ SW 30TH AV,-122.7076761,45.466343,osm-intersection
SW MULTNOMAH BLVD @ SW 31ST AV,-122.708973,45.466546,osm-intersection
SW MULTNOMAH BLVD @ SW 40TH AV,-122.7179923,45.4674445,osm-intersection
SW MULTNOMAH BLVD @ WEST HILLS VILLAGE,,,not located
SW NEVADA CT @ SW 55TH AV,-122.7335013,45.4729624,osm-intersection
SW NEVADA ST @ SW 4TH AV,-122.6824714,45.473283,osm-intersection
SW OAK ST @ SW 65TH AV,-122.743681,45.4446918,osm-intersection
SW OLESON RD @ SW DOVER ST,-122.7472624,45.4825923,osm-intersection
SW ORCHARD HILL PL @ SW 27TH PL,-122.7049689,45.4361917,osm-intersection
SW ORCHARD HILL RD @ SW SHELBY CT,-122.702557,45.435731,osm-intersection
SW ORCHID ST @ SW 52ND AV,-122.7303949,45.4589021,osm-intersection
SW ORCHID ST @ SW 54TH AV,-122.732423,45.458899,osm-intersection
SW PALATINE HILL RD @ SW 2ND AV,-122.6808106,45.4590333,osm-intersection
SW PALATINE HILL RD @ SW VIEW POINT TERR,-122.6778721,45.4590027,osm-intersection
SW PALATINE ST @ SW 63RD AV,-122.7417085,45.4438709,osm-intersection
SW PARK AV @ SW CLAY ST,-122.6834892,45.5142749,osm-intersection
SW PARK AV @ SW MARKET ST,-122.6843945,45.5137498,osm-intersection
SW PARK PL @ SW ST CLAIR AV,,,not located
SW PATRICK PL @ SW BERTHA AV,-122.6989067,45.4918083,osm-intersection
SW PATTON RD @ SW 36TH AV,-122.7142812,45.5014187,osm-intersection
SW PATTON RD @ SW 44TH AVE,-122.7228585,45.4989622,osm-intersection
SW PATTON RD @ SW 55TH AV,-122.7336112,45.4979476,osm-intersection
SW PATTON RD @ SW 55TH DR,-122.7328377,45.4979441,osm-intersection
SW PATTON RD @ SW 58TH DR,-122.737314,45.4979641,osm-intersection
SW PATTON RD @ SW 60TH PL,-122.7390638,45.497869,osm-intersection
SW PATTON RD @ SW ENGLISH LN,-122.7100334,45.5035182,osm-intersection
SW PATTON RD @ SW GREENWAY AV,-122.7042926,45.505282,osm-intersection
SW PATTON RD @ SW GROVER ST,-122.7164485,45.5001691,osm-intersection
SW PATTON RD @ SW HILLSIDE DR,-122.7189216,45.4994146,osm-intersection
SW PATTON RD @ SW HOMAR AV,-122.7059645,45.5050108,osm-intersection
SW PATTON RD @ SW MONTGOMERY DR,-122.7052599,45.5051086,osm-intersection
SW PATTON RD @ SW PATTON CT,-122.711492,45.5031962,osm-intersection
SW PATTON RD @ SW PATTON LN,-122.7104666,45.5035133,osm-intersection
SW PATTON@VISTA@GEORGIAN@BROADWAY,,,not located
SW PENDLETON ST @ SW 41ST AV,-122.7195786,45.4811875,osm-intersection
SW POMONA ST @ SW 37TH AV,-122.7151212,45.4453827,osm-intersection
SW POMONA ST @ SW 45TH AV,-122.723098,45.4453846,osm-intersection
SW POMONA ST @ SW 51ST AV,-122.7290775,45.4453831,osm-intersection
SW POMONA ST @ SW 64TH AV,-122.7426883,45.4451101,osm-intersection
SW PRIMROSE ST @ SW 5TH AV,-122.6838391,45.4594791,osm-intersection
SW RIDGE DR @ SW COLLINS CT,-122.70569,45.454355,osm-intersection
SW RIDGE DR @ SW PLUM CT,-122.704418,45.456312,osm-intersection
SW RIDGE DR @ SW STANLEY CT,-122.704445,45.457046,osm-intersection
SW SALMON @ SW 18TH,-122.6913768,45.5199869,osm-intersection
SW SALMON ST @ SW 16TH AV,-122.6892411,45.5196319,osm-intersection
SW SALMON ST @ SW 21ST AV,-122.6942779,45.5207645,osm-intersection
SW SALMON ST @ SW 58TH AV,-122.7371303,45.5148496,osm-intersection
SW SALMON ST @ SW MAIN ST,-122.7368597,45.5149766,osm-intersection
SW SCHILLER RD @ SW 84TH AV,-122.7627498,45.5009346,osm-intersection
SW SCHILLER RD @ SW VALLEY VIEW DR,-122.7614356,45.5008968,osm-intersection
SW SCHOLLS FERRY RD @ SW GABLE PKWY,-122.7431584,45.4946465,osm-intersection
SW SCHOLLS FERRY RD @ SW HAMILTON WY,-122.745129,45.4902924,osm-intersection
SW SCHOLLS FERRY RD @ SW RAAB RD,-122.737891,45.5071508,osm-intersection
SW SCHOLLS FERRY RD @ SW SWEETBRIAR CT,-122.73995,45.498468,osm-intersection
SW SHATTUCK RD @ SW 59TH CT,-122.7365113,45.4824308,osm-intersection
SW SHATTUCK RD @ SW BANCROFT ST,-122.7280967,45.4922099,osm-intersection
SW SHATTUCK RD @ SW LOWELL CT,-122.7273513,45.4935281,osm-intersection
SW SHATTUCK RD @ SW LOWELL ST,-122.7273513,45.4935281,osm-intersection
SW SHATTUCK RD @ SW WINDSOR CT,-122.7264888,45.4950031,osm-intersection
SW SHERWOOD DR @ SW SHERWOOD PL,-122.697614,45.5018968,osm-intersection
SW SKYLINE BLVD @ SW 57TH AV,-122.7351926,45.5112399,osm-intersection
SW SKYLINE BLVD @ SW BURTON DR,-122.7296406,45.513046,osm-intersection
SW SKYLINE BLVD No Intersection,-122.736341,45.5083372,osm-street-near-neighbours
SW SPRING GARDEN CT @ SW SPRING GARDEN ST,-122.7136424,45.4630967,osm-intersection
SW SPRING GARDEN ST @ SW 22ND AV,-122.700245,45.4635137,osm-intersection
SW STANLEY CT @ SW RIDGE DR,-122.704445,45.457046,osm-intersection
SW STEPHENSON ST @ SW 12TH PL,-122.6920369,45.4399717,osm-intersection
SW STEPHENSON ST @ SW 17TH AV,-122.6955881,45.4400309,osm-intersection
SW STEPHENSON ST @ SW 27TH PL,-122.7051329,45.4401725,osm-intersection
SW STEPHENSON ST @ SW 31ST CT,-122.7085152,45.440196,osm-intersection
SW STEPHENSON ST @ SW 34TH AV,-122.7115149,45.4402228,osm-intersection
SW STEPHENSON ST @ SW DICKINSON CT,-122.6986725,45.4400857,osm-intersection
SW STEPHENSON ST @ SW WOODLEE HEIGHTS AV,-122.7005681,45.4401185,osm-intersection
SW SUNSET BLVD @ SW 27TH AV,-122.7051712,45.4887217,osm-intersection
SW SUNSET BLVD @ SW 29TH AV,-122.7064691,45.4886984,osm-intersection
SW SUNSET BLVD @ SW PENDLETON ST,-122.6955776,45.4809971,osm-intersection
SW TALBOT RD @ NORTH FAIRMOUNT INTERSECTION [N,,,not located
SW TALBOT RD @ SW FAIRMOUNT BLVD,-122.7071007,45.5009824,osm-intersection
SW TAYLORS FERRY RD @ SW 17TH AV,-122.6952311,45.4586237,osm-intersection
SW TAYLORS FERRY RD @ SW 25TH AV,-122.7024298,45.4580569,osm-intersection
SW TAYLORS FERRY RD @ SW 29TH AV,-122.7064519,45.4577869,osm-intersection
SW TAYLORS FERRY RD @ SW 43RD AV,-122.7209806,45.4546739,osm-intersection
SW TAYLORS FERRY RD @ SW 46TH AV,-122.7242867,45.4547232,osm-intersection
SW TAYLORS FERRY RD @ SW 49TH AV,-122.7272918,45.4547417,osm-intersection
SW TAYLORS FERRY RD @ SW 52ND AV,-122.7299904,45.4547636,osm-intersection
SW TAYLORS FERRY RD @ SW 53RD AV,-122.7316743,45.4547743,osm-intersection
SW TAYLORS FERRY RD @ SW 55TH AV,-122.7333974,45.4547959,osm-intersection
SW TAYLORS FERRY RD @ SW 59TH AV,-122.737165,45.4548308,osm-intersection
SW TAYLORS FERRY RD @ SW 60TH AV,-122.7380401,45.4548405,osm-intersection
SW TAYLORS FERRY RD @ SW DOLPH ST,-122.6909568,45.4621473,osm-intersection
SW TAYLORS FERRY RD @ SW PLUM ST,-122.7155685,45.4559522,osm-intersection
SW TAYLORS FERRY RD @ SW TAYLORS FERRY CT,-122.69247,45.459618,osm-intersection
SW TERWILLIGER BLVD @ 6TH AV,,,not located
SW TERWILLIGER BLVD @ SW 6TH AV,-122.6842638,45.4739592,osm-intersection
SW TERWILLIGER BLVD @ SW 6TH AVE,-122.6842638,45.4739592,osm-intersection
SW TERWILLIGER BLVD @ SW ALICE ST,-122.6849546,45.4574997,osm-intersection
SW TERWILLIGER BLVD @ SW RALSTON DR,-122.6831765,45.4813573,osm-intersection
SW TROY ST @ SW 25TH AV,-122.7025362,45.4682713,osm-intersection
SW TROY ST @ SW 28TH AV,-122.7059557,45.4682706,osm-intersection
SW TROY ST @ SW 4TH AV,-122.6830286,45.467606,osm-intersection
SW VACUNA ST @ SW 39TH AV,-122.7171099,45.4418317,osm-intersection
SW VACUNA ST @ SW 47TH AV,-122.725108,45.441814,osm-intersection
SW VACUNA ST @ SW 49TH AV,-122.72708,45.4418116,osm-intersection
SW VACUNA ST @ SW 53RD AV,-122.7310781,45.4418175,osm-intersection
SW VERMONT ST & SW 47TH PL,-122.727248,45.476455,osm-intersection
SW VERMONT ST @ SW 13TH AV,-122.6936065,45.476036,osm-intersection
SW VERMONT ST @ SW 30TH AV,-122.7077474,45.4760935,osm-intersection
SW VERMONT ST @ SW 33RD PL,-122.7109255,45.4761176,osm-intersection
SW VERMONT ST @ SW 34TH AV,-122.7116257,45.4761281,osm-intersection
SW VERMONT ST @ SW 35TH AV,-122.7128899,45.4761327,osm-intersection
SW VERMONT ST @ SW 36TH AV,-122.7142317,45.4761463,osm-intersection
SW VERMONT ST @ SW 45TH AV(SW COMM CTR),-122.723159,45.4762441,osm-intersection
SW VERMONT ST @ SW 54TH AV,-122.7324901,45.4763321,osm-intersection
SW VERMONT ST @ SW 62ND PL,-122.740488,45.4764044,osm-intersection
SW VESTA ST @ SW 47TH AV,-122.725107,45.441102,osm-intersection
SW VISTA AV @ SW HILLCREST DR,-122.7024493,45.5084829,osm-intersection
SW VISTA AV @ SW JACKSON ST,-122.6972386,45.5127181,osm-intersection
SW VISTA AV @ SW MAIN ST,-122.6982277,45.5205932,osm-intersection
SW WEST SLOPE DR @ SW 78TH AV,-122.7570054,45.5033681,osm-intersection
SW WESTWOOD CT @ SW MARTHA ST,-122.6934284,45.4829385,osm-intersection
SW WESTWOOD DR @ SW CHELTENHAM CT,-122.6913267,45.4820961,osm-intersection
SW WESTWOOD DR @ SW MENEFEE DR,-122.6839959,45.481734,osm-intersection
SW WESTWOOD DR @ SW WESTWOOD VW,-122.6898785,45.4849189,osm-intersection
SW WESTWOOD VW @ SW WESTWOOD DR,-122.6898785,45.4849189,osm-intersection
SW WHITAKER ST @ SW 1ST AV,-122.6789188,45.4987064,osm-intersection
SW WILBARD ST @ SW 32ND AV,-122.709698,45.45308,osm-intersection
SW WILBARD ST @ SW RIDGE DR,-122.711516,45.453123,osm-nearest-pair
SW WOODS ST @ SW 1ST AV,-122.6787111,45.5008422,osm-intersection
VERNON,,,not located
VERNON SCHOOL (2044 NE KILLINGSWORTH ST),-122.64446862304,45.562640160239,census-address
W BURNSIDE RD @ SW ARBORETUM CIR,-122.7228096,45.5190071,osm-intersection
W BURNSIDE RD @ SW SKYLINE BLVD,-122.7334629,45.5190288,osm-intersection
WALKING WOODS DR @ GROUSE TERR,-122.717569,45.437601,osm-intersection
WALKING WOODS DR @ ICARUS LP,-122.713816,45.438993,osm-intersection
WALKING WOODS DR @ PARTRIDGE LN,-122.714083,45.438351,osm-intersection
WATTLES B&GC,,,not located
WEST SYLVAN,,,not located
WOODLAWN SCHOOL (7200 NE 11TH AV),-122.653581184822,45.574996343427,census-address
WOODSTOCK,,,not located
