GEOID,pop,age5_9,age10_14,age15_17
410050201011000,0,0,0,0
410050201011001,10,0,1,2
410050201011002,1,0,0,0
410050201011003,55,2,10,6
410050201011004,4,0,0,0
410050201011005,25,5,2,0
410050201011006,0,0,0,0
410050201011007,7,0,1,0
410050201011008,47,5,3,0
410050201011009,455,3,16,4
410050201011010,24,3,0,0
410050201011011,80,3,2,0
410050201011012,30,0,1,0
410050201011013,4,0,0,0
410050201011014,20,1,3,0
410050201011015,44,4,4,1
410050201011016,11,0,1,0
410050201011017,30,0,0,6
410050201011018,3,0,0,0
410050201011019,97,6,5,12
410050201011020,54,3,6,0
410050201011021,0,0,0,0
410050201011022,0,0,0,0
410050201011023,45,1,2,1
410050201011024,7,0,0,3
410050201011025,30,2,1,0
410050201011026,5,0,0,0
410050201011027,0,0,0,0
410050201012000,514,31,42,24
410050201012001,40,1,4,1
410050201012002,306,24,29,9
410050201012003,18,0,0,0
410050201012004,19,1,0,0
410050201012005,14,2,1,0
410050201012006,30,2,3,6
410050201012007,18,0,2,1
410050201012008,341,19,28,36
410050201012009,15,0,5,4
410050201012010,3,0,0,0
410050201012011,3,0,0,0
410050201012012,11,0,0,0
410050201012013,4,0,3,0
410050201012014,17,1,0,0
410050201012015,0,0,0,0
410050201012016,23,2,2,1
410050201012017,19,1,0,0
410050201012018,17,1,1,2
410050201012019,21,0,8,0
410050201012020,35,11,2,2
410050201012021,25,2,6,2
410050201021000,0,0,0,0
410050201021001,40,1,1,0
410050201021002,22,1,1,0
410050201021003,20,1,2,0
410050201021004,50,0,1,4
410050201021005,28,0,1,0
410050201021006,29,1,2,0
410050201021007,24,2,7,0
410050201021008,11,4,0,0
410050201021009,17,0,1,1
410050201021010,21,0,2,1
410050201021011,25,2,0,0
410050201021012,12,0,2,0
410050201021013,11,0,0,0
410050201021014,11,0,0,1
410050201021015,25,5,2,1
410050201021016,19,2,2,1
410050201021017,19,0,1,1
410050201021018,19,2,1,1
410050201021019,8,0,0,0
410050201021020,18,1,0,0
410050201021021,15,0,2,0
410050201021022,14,0,0,0
410050201021023,21,5,0,2
410050201021024,16,0,2,0
410050201021025,12,3,0,0
410050201021026,9,0,0,0
410050201021027,15,0,2,0
410050201021028,19,1,2,0
410050201021029,26,1,2,0
410050201021030,13,1,0,0
410050201021031,33,3,4,0
410050201021032,3,0,0,0
410050201021033,8,3,1,1
410050201021034,2,1,1,0
410050201021035,52,0,1,1
410050201021036,40,1,1,1
410050201021037,35,1,0,0
410050201021038,0,0,0,0
410050201021039,0,0,0,0
410050201021040,0,0,0,0
410050201021041,0,0,0,0
410050201021042,2,0,0,1
410050201021043,0,0,0,0
410050201021044,0,0,0,0
410050201021045,0,0,0,0
410050201021046,0,0,0,0
410050201021047,21,0,1,0
410050201021048,13,0,2,1
410050201021049,13,0,0,1
410050201021050,14,0,1,3
410050201021051,18,0,1,0
410050201021052,16,0,0,0
410050201021053,14,1,0,0
410050201021054,30,5,1,1
410050201021055,10,0,0,0
410050201021056,12,0,0,0
410050201021057,0,0,0,0
410050201022000,0,0,0,0
410050201022001,27,0,0,0
410050201022002,5,3,0,1
410050201022003,17,0,1,0
410050201022004,2,0,0,0
410050201022005,13,1,0,0
410050201022006,7,0,0,3
410050201022007,11,0,3,0
410050201022008,9,3,1,0
410050201022009,79,11,2,2
410050201022010,6,0,0,2
410050201022011,21,3,1,3
410050201022012,0,0,0,0
410050201022013,16,2,2,0
410050201022014,22,1,2,0
410050201022015,18,0,0,3
410050201022016,10,0,0,1
410050201022017,8,0,1,0
410050201022018,12,0,0,1
410050201022019,2,0,0,0
410050201022020,11,1,2,1
410050201022021,0,0,0,0
410050201022022,294,31,7,2
410050201022023,14,0,1,1
410050201022024,15,6,1,0
410050201022025,6,0,0,1
410050201022026,18,0,0,2
410050201022027,12,0,1,1
410050201022028,11,0,2,0
410050201022029,3,0,1,0
410050201022030,16,0,2,0
410050201022031,12,0,0,0
410050201022032,18,0,0,3
410050201022033,21,3,5,0
410050201022034,14,0,3,0
410050201022035,15,4,0,0
410050201022036,17,0,0,0
410050201022037,33,1,0,4
410050201022038,9,0,0,0
410050201022039,17,0,1,3
410050201022040,17,0,1,1
410050201022041,25,1,5,0
410050201022042,15,1,0,2
410050201022043,24,5,0,0
410050201022044,11,0,0,0
410050201022045,13,2,0,1
410050201022046,15,0,1,0
410050201022047,21,4,1,2
410050201022048,23,5,1,0
410050201022049,29,3,6,0
410050201022050,17,0,0,0
410050201022051,13,0,1,4
410050201022052,20,0,1,0
410050201022053,10,0,0,0
410050201022054,19,3,3,1
410050201022055,51,0,3,3
410050201022056,0,0,0,0
410050201022057,5,0,0,0
410050201022058,1,0,0,0
410050201022059,4,0,0,0
410050201022060,29,6,7,5
410050201022061,4,0,0,0
410050201022062,22,1,3,0
410050201022063,6,0,0,1
410050201022064,11,1,3,1
410050201022065,3,1,0,0
410050201022066,2,0,0,0
410050201022067,0,0,0,0
410050201022068,27,2,0,1
410050201022069,7,0,0,0
410050201022070,20,0,6,0
410050201022071,49,3,16,1
410050201022072,47,2,1,3
410050201022073,32,2,0,2
410050201022074,32,1,0,6
410050201022075,0,0,0,0
410050201022076,66,2,0,1
410050201022077,6,1,0,0
410050201022078,4,1,1,0
410050202011000,145,1,5,7
410050202011001,42,2,4,1
410050202011002,31,7,0,1
410050202011003,246,3,6,9
410050202011004,66,0,10,0
410050202011005,13,0,0,0
410050202011006,27,1,2,0
410050202011007,27,4,4,1
410050202011008,22,1,0,2
410050202011009,19,0,0,0
410050202011010,13,0,1,0
410050202011011,0,0,0,0
410050202011012,11,1,0,1
410050202011013,12,1,2,0
410050202011014,17,1,0,3
410050202011015,14,0,2,0
410050202011016,44,1,4,10
410050202011017,20,0,1,0
410050202011018,38,1,5,0
410050202011019,79,5,9,0
410050202011020,75,3,8,6
410050202011021,30,1,6,0
410050202011022,43,0,5,4
410050202011023,35,1,0,1
410050202011024,37,0,6,1
410050202011025,77,3,7,4
410050202011026,41,2,3,0
410050202012000,166,5,13,8
410050202012001,51,8,1,0
410050202012002,0,0,0,0
410050202012003,22,2,3,0
410050202012004,0,0,0,0
410050202012005,20,0,3,7
410050202012006,333,7,14,21
410050202012007,28,1,1,2
410050202012008,97,5,5,0
410050202012009,93,1,12,1
410050202012010,51,0,1,0
410050202012011,0,0,0,0
410050202012012,16,0,1,5
410050202012013,275,10,2,10
410050202012014,28,2,0,1
410050202012015,43,3,0,7
410050202012016,30,1,1,0
410050202012017,25,2,1,0
410050202012018,17,3,0,0
410050202012019,32,3,3,2
410050202012020,25,0,2,4
410050202012021,37,0,2,2
410050202012022,47,0,5,11
410050202012023,20,3,1,0
410050202012024,52,1,0,3
410050202012025,117,5,3,2
410050202012026,37,0,6,2
410050202012027,154,2,14,1
410050202012028,16,0,0,0
410050202013000,0,0,0,0
410050202013001,281,1,15,1
410050202013002,65,0,1,0
410050202013003,161,7,5,1
410050202013004,140,2,6,2
410050202013005,165,8,6,0
410050202013006,19,0,1,0
410050202013007,0,0,0,0
410050202013008,0,0,0,0
410050202013009,8,1,0,1
410050202013010,0,0,0,0
410050202013011,0,0,0,0
410050202013012,20,0,0,0
410050202013013,25,1,0,1
410050202013014,70,5,5,0
410050202013015,0,0,0,0
410050202013016,0,0,0,0
410050202013017,0,0,0,0
410050202013018,0,0,0,0
410050202013019,88,0,6,8
410050202013020,21,0,0,0
410050202013021,9,0,0,0
410050202013022,7,0,0,0
410050202021000,132,7,10,0
410050202021001,52,5,1,4
410050202021002,0,0,0,0
410050202021003,47,3,6,0
410050202021004,83,1,2,7
410050202021005,57,5,1,3
410050202021006,144,7,12,13
410050202021007,93,6,2,6
410050202021008,64,1,0,0
410050202021009,156,15,7,2
410050202021010,157,2,14,0
410050202021011,57,0,10,4
410050202022000,404,15,44,17
410050202022001,66,0,1,5
410050202022002,41,1,2,0
410050202022003,77,2,8,2
410050202022004,34,4,5,1
410050202022005,71,4,9,2
410050202022006,0,0,0,0
410050202022007,60,11,4,5
410050202022008,22,2,10,0
410050202022009,190,18,21,6
410050202022010,107,9,5,13
410050202022011,90,3,4,9
410050202022012,45,3,3,6
410050202022013,0,0,0,0
410050202022014,59,1,5,4
410050202022015,95,2,1,13
410050202022016,63,0,4,0
410050202022017,39,7,3,0
410050203021000,81,0,0,0
410050203021001,40,0,3,0
410050203021002,0,0,0,0
410050203021003,0,0,0,0
410050203021004,0,0,0,0
410050203021005,0,0,0,0
410050203021006,0,0,0,0
410050203021007,0,0,0,0
410050203021008,0,0,0,0
410050203021009,0,0,0,0
410050203021010,0,0,0,0
410050203021011,0,0,0,0
410050203021012,18,0,1,0
410050203021013,11,1,1,1
410050203021014,0,0,0,0
410050203021015,0,0,0,0
410050203021016,206,3,6,0
410050203021017,176,1,13,2
410050203021018,295,28,19,1
410050203021019,7,0,2,0
410050203021020,19,2,2,2
410050203021021,68,0,2,1
410050203021022,31,0,7,0
410050203021023,116,7,4,14
410050203021024,25,5,3,0
410050203021025,0,0,0,0
410050203021026,20,0,1,0
410050203021027,14,0,3,0
410050203021028,0,0,0,0
410050203021029,0,0,0,0
410050203022000,44,0,0,0
410050203022001,0,0,0,0
410050203022002,408,31,12,3
410050203022003,190,11,15,2
410050203022004,10,1,0,3
410050203022005,7,0,0,0
410050203022006,4,0,0,0
410050203022007,0,0,0,0
410050203022008,0,0,0,0
410050203022009,11,1,3,3
410050203022010,0,0,0,0
410050203022011,0,0,0,0
410050203022012,10,0,1,1
410050203022013,66,7,1,1
410050203022014,46,0,8,1
410050203022015,0,0,0,0
410050203022016,12,0,1,3
410050203022017,27,0,3,0
410050203022018,24,0,0,6
410050203022019,135,19,16,4
410050203022020,49,0,0,3
410050203022021,5,2,0,0
410050203022022,64,3,8,6
410050203022023,23,1,2,6
410050203022024,28,5,2,0
410050203022025,16,0,2,0
410050203022026,18,0,1,1
410050203022027,23,2,2,2
410050203022028,14,0,0,0
410050203022029,119,5,3,2
410050203022030,0,0,0,0
410050203022031,28,1,1,0
410050203022032,9,0,4,1
410050203022033,6,0,0,0
410050203023000,178,16,13,2
410050203023001,15,1,0,0
410050203023002,7,1,2,0
410050203023003,18,0,0,0
410050203023004,20,3,0,0
410050203023005,150,7,11,6
410050203023006,11,4,0,1
410050203023007,6,1,0,0
410050203023008,5,0,0,0
410050203023009,22,0,2,1
410050203023010,25,2,7,3
410050203023011,60,8,0,0
410050203023012,7,0,4,0
410050203023013,86,8,14,7
410050203023014,9,2,0,0
410050203023015,20,0,0,1
410050203023016,54,2,2,0
410050203023017,17,0,1,5
410050203023018,20,0,3,0
410050203023019,0,0,0,0
410050203023020,76,5,12,3
410050203023021,5,2,0,0
410050203023022,47,1,6,0
410050203023023,13,1,1,0
410050203023024,214,11,17,7
410050203023025,8,1,0,0
410050203023026,0,0,0,0
410050203023027,13,3,0,0
410050203023028,6,0,0,3
410050203023029,50,8,5,2
410050203023030,12,0,6,0
410050203023031,30,7,1,1
410050203023032,47,2,1,3
410050203023033,7,0,0,0
410050203023034,0,0,0,0
410050203023035,44,3,0,0
410050203023036,48,2,0,2
410050203023037,14,0,1,1
410050203023038,49,0,0,6
410050203023039,19,1,1,0
410050203023040,19,0,0,2
410050203023041,0,0,0,0
410050203023042,0,0,0,0
410050203023043,0,0,0,0
410050203031000,599,36,31,20
410050203031001,65,3,0,1
410050203031002,0,0,0,0
410050203031003,530,7,45,36
410050203031004,55,2,7,2
410050203031005,161,3,19,7
410050203031006,26,5,4,0
410050203031007,29,4,1,0
410050203031008,376,12,14,0
410050203031009,0,0,0,0
410050203031010,117,13,20,0
410050203032000,25,0,0,0
410050203032001,227,5,19,20
410050203032002,36,3,0,3
410050203032003,105,2,15,3
410050203032004,70,7,1,7
410050203032005,89,9,2,10
410050203033000,1151,55,49,42
410050203033001,74,9,2,8
410050203033002,78,3,9,3
410050203033003,62,5,2,0
410050203033004,33,2,2,6
410050203034000,630,52,49,10
410050203034001,227,13,15,18
410050203034002,98,11,5,11
410050203034003,280,8,10,3
410050203034004,28,3,5,0
410050203034005,217,8,8,10
410050203041000,210,24,12,9
410050203041001,233,18,28,17
410050203041002,61,0,19,1
410050203041003,13,2,0,0
410050203041004,62,1,6,6
410050203041005,77,1,2,0
410050203041006,53,4,5,1
410050203041007,139,10,9,10
410050203041008,86,11,4,2
410050203041009,14,0,0,0
410050203041010,239,10,23,17
410050203041011,80,3,2,6
410050203041012,102,0,7,14
410050203041013,121,4,14,12
410050203041014,47,7,3,3
410050203041015,53,2,3,6
410050203041016,63,5,10,8
410050203041017,84,6,2,1
410050203041018,58,0,10,9
410050203041019,212,11,20,13
410050203041020,46,4,6,0
410050203041021,0,0,0,0
410050203041022,40,0,8,4
410050203041023,165,14,33,4
410050203042000,243,16,13,3
410050203042001,0,0,0,0
410050203042002,541,47,30,23
410050203042003,53,12,12,1
410050203042004,29,5,1,2
410050203042005,40,2,8,0
410050203042006,98,10,8,0
410050203042007,325,20,21,18
410050203042008,53,1,6,2
410050203042009,51,5,5,0
410050203043000,286,13,26,28
410050203043001,63,2,9,3
410050203043002,182,16,32,14
410050203043003,43,6,3,7
410050203043004,76,2,6,2
410050203043005,460,27,43,34
410050203043006,828,52,51,12
410050203043007,126,9,11,1
410050204011000,0,0,0,0
410050204011001,58,1,4,4
410050204011002,0,0,0,0
410050204011003,181,12,3,15
410050204011004,57,0,12,5
410050204011005,44,2,6,1
410050204011006,203,23,17,4
410050204011007,254,18,21,2
410050204011008,82,3,8,0
410050204011009,50,1,8,1
410050204011010,231,10,9,1
410050204011011,92,12,2,6
410050204011012,52,1,6,5
410050204012000,44,4,7,3
410050204012001,1,1,0,0
410050204012002,22,0,1,0
410050204012003,5,0,0,2
410050204012004,10,0,4,0
410050204012005,48,4,1,6
410050204012006,4,0,1,1
410050204012007,10,1,0,0
410050204012008,135,4,14,6
410050204012009,224,21,12,1
410050204012010,0,0,0,0
410050204012011,0,0,0,0
410050204012012,346,10,17,9
410050204012013,34,1,6,2
410050204012014,0,0,0,0
410050204012015,0,0,0,0
410050204012016,19,4,2,0
410050204012017,0,0,0,0
410050204012018,0,0,0,0
410050204013000,8,1,0,1
410050204013001,25,6,1,0
410050204013002,14,2,1,1
410050204013003,77,14,7,4
410050204013004,6,0,0,0
410050204013005,51,6,5,1
410050204013006,51,1,0,8
410050204013007,27,6,6,2
410050204013008,21,2,2,4
410050204013009,39,2,0,0
410050204013010,144,1,18,0
410050204013011,4,0,2,0
410050204013012,21,0,0,2
410050204013013,86,8,2,1
410050204013014,0,0,0,0
410050204013015,0,0,0,0
410050204013016,45,7,5,1
410050204013017,55,7,3,1
410050204013018,51,5,5,1
410050204013019,70,7,3,0
410050204013020,34,4,2,1
410050204013021,123,13,7,3
410050204013022,14,2,2,1
410050204013023,19,3,4,1
410050204013024,93,0,5,8
410050204013025,17,2,0,2
410050204013026,10,5,0,0
410050204013027,3,0,0,0
410050204013028,9,0,1,0
410050204013029,27,1,0,1
410050204013030,7,0,2,2
410050204013031,2,0,0,1
410050204013032,1,0,0,0
410050204013033,19,0,1,0
410050204013034,7,0,0,0
410050204013035,5,0,2,0
410050204013036,48,1,1,0
410050204013037,87,14,4,3
410050204013038,42,0,6,6
410050204013039,66,2,2,2
410050204013040,7,1,3,1
410050204013041,7,2,0,2
410050204013042,43,9,1,0
410050204013043,54,4,3,1
410050204013044,21,3,1,0
410050204014000,227,19,13,6
410050204014001,7,1,1,2
410050204014002,2,0,1,0
410050204014003,52,1,6,0
410050204014004,76,2,3,4
410050204014005,48,4,1,0
410050204014006,162,7,12,6
410050204014007,96,14,2,6
410050204014008,0,0,0,0
410050204014009,182,3,15,13
410050204014010,43,1,6,7
410050204014011,17,0,1,1
410050204014012,11,0,2,0
410050204014013,82,8,3,1
410050204014014,26,3,0,0
410050204014015,11,2,0,0
410050204014016,12,3,1,1
410050204014017,4,1,1,0
410050204014018,24,0,0,1
410050204014019,0,0,0,0
410050204014020,0,0,0,0
410050204014021,317,35,34,14
410050204014022,29,2,2,0
410050204014023,48,3,0,10
410050204014024,71,5,3,0
410050204014025,89,1,4,4
410050204014026,0,0,0,0
410050204014027,18,3,4,0
410050204014028,0,0,0,0
410050204014029,0,0,0,0
410050204014030,23,1,3,0
410050204014031,40,3,5,1
410050204014032,47,6,0,1
410050204014033,23,2,3,1
410050204014034,20,1,9,1
410050204014035,5,1,0,1
410050204014036,13,0,3,2
410050204014037,41,8,1,0
410050204031000,63,8,7,0
410050204031001,24,1,3,1
410050204031002,23,2,8,0
410050204031003,416,39,14,17
410050204031004,14,1,3,0
410050204031005,21,2,0,0
410050204031006,175,12,12,13
410050204031007,64,6,10,1
410050204031008,109,16,4,0
410050204031009,36,0,1,4
410050204031010,25,4,3,1
410050204031011,0,0,0,0
410050204031012,60,7,2,2
410050204031013,0,0,0,0
410050204031014,12,0,0,0
410050204031015,48,3,4,7
410050204031016,10,2,2,1
410050204031017,11,2,3,0
410050204031018,11,1,1,0
410050204031019,19,1,1,0
410050204031020,10,0,1,1
410050204031021,175,7,14,1
410050204031022,46,2,6,3
410050204031023,36,5,11,4
410050204031024,60,0,6,14
410050204031025,49,3,2,5
410050204031026,33,1,2,0
410050204031027,18,1,1,0
410050204031028,32,4,2,4
410050204031029,10,1,1,0
410050204032000,0,0,0,0
410050204032001,64,3,1,13
410050204032002,80,5,7,5
410050204032003,0,0,0,0
410050204032004,279,20,19,8
410050204032005,37,0,3,5
410050204032006,28,4,2,0
410050204032007,50,3,11,1
410050204032008,37,0,3,0
410050204032009,161,23,9,3
410050204032010,164,16,12,1
410050204032011,82,5,6,9
410050204032012,341,10,26,26
410050204032013,10,0,0,0
410050204032014,274,20,30,12
410050204032015,71,14,3,6
410050204032016,57,2,2,8
410050204032017,227,8,27,25
410050204032018,12,2,1,1
410050204032019,3,0,0,0
410050204032020,68,14,8,1
410050204032021,173,11,24,14
410050204032022,99,0,8,13
410050204041000,327,24,17,30
410050204041001,86,9,6,8
410050204041002,227,15,16,1
410050204041003,44,0,3,8
410050204041004,83,1,3,17
410050204041005,39,2,6,2
410050204041006,28,2,2,0
410050204041007,43,2,0,2
410050204041008,131,25,14,1
410050204041009,83,6,3,10
410050204041010,112,4,14,8
410050204041011,86,1,17,8
410050204041012,62,0,11,4
410050204041013,47,0,9,2
410050204041014,199,27,9,3
410050204041015,38,0,5,4
410050204041016,177,4,5,5
410050204041017,63,5,15,4
410050204042000,94,3,4,7
410050204042001,81,2,1,1
410050204042002,0,0,0,0
410050204042003,94,1,4,10
410050204042004,107,12,3,0
410050204042005,53,2,4,1
410050204042006,54,0,0,6
410050204042007,172,9,17,13
410050204042008,70,5,7,7
410050204042009,81,5,2,11
410050204042010,50,5,9,3
410050204042011,88,9,2,5
410050204042012,28,7,0,0
410050204042013,103,4,12,5
410050204042014,35,1,2,2
410050204042015,29,13,1,0
410050204042016,43,9,4,0
410050204042017,145,9,9,6
410050204042018,45,0,8,0
410050204042019,31,4,3,3
410050204042020,89,2,3,10
410050204042021,28,0,0,5
410050204042022,223,7,19,5
410050204042023,14,3,1,0
410050204042024,22,0,2,0
410050204042025,14,0,0,4
410050204042026,69,2,3,13
410050204042027,36,4,2,4
410050204042028,61,2,4,3
410050204042029,38,0,2,3
410050204042030,39,0,0,0
410050204042031,11,0,0,0
410050204042032,18,2,0,1
410050205031000,28,4,4,3
410050205031001,44,2,13,0
410050205031002,8,0,1,0
410050205031003,19,0,4,0
410050205031004,19,0,2,0
410050205031005,27,0,2,3
410050205031006,46,5,2,0
410050205031007,6,0,2,1
410050205031008,26,5,1,3
410050205031009,32,1,2,0
410050205031010,32,0,7,0
410050205031011,23,4,1,0
410050205031012,336,21,18,20
410050205031013,56,2,14,0
410050205031014,39,3,8,1
410050205031015,43,5,9,2
410050205031016,44,0,2,0
410050205031017,18,0,0,0
410050205031018,27,0,0,1
410050205031019,33,3,9,3
410050205031020,38,0,0,1
410050205031021,39,7,5,2
410050205031022,44,0,10,2
410050205031023,0,0,0,0
410050205031024,271,24,18,10
410050205031025,46,0,13,7
410050205031026,34,1,0,3
410050205031027,28,1,0,2
410050205031028,1,0,0,0
410050205031029,66,4,12,1
410050205031030,24,4,1,0
410050205031031,6,0,0,1
410050205031032,11,2,2,2
410050205032000,0,0,0,0
410050205032001,241,11,8,0
410050205032002,9,2,0,0
410050205032003,0,0,0,0
410050205032004,75,0,2,22
410050205032005,61,1,8,0
410050205032006,24,4,6,0
410050205032007,21,6,1,1
410050205032008,17,1,2,1
410050205032009,300,30,37,19
410050205032010,86,11,7,2
410050205032011,69,6,3,4
410050205032012,73,0,6,11
410050205032013,23,8,0,0
410050205032014,8,0,0,0
410050205032015,48,0,0,0
410050205032016,7,0,0,0
410050205032017,0,0,0,0
410050205032018,4,0,0,0
410050205032019,15,0,4,0
410050205032020,11,0,1,1
410050205032021,22,0,0,0
410050205032022,7,3,1,0
410050205032023,21,0,4,1
410050205032024,18,0,0,3
410050205032025,0,0,0,0
410050205041000,25,3,2,1
410050205041001,4,1,0,0
410050205041002,32,1,5,4
410050205041003,4,2,1,0
410050205041004,78,4,11,7
410050205041005,22,3,1,1
410050205041006,100,2,7,6
410050205041007,15,0,0,2
410050205041008,0,0,0,0
410050205041009,0,0,0,0
410050205041010,0,0,0,0
410050205041011,48,4,5,3
410050205041012,228,15,19,12
410050205041013,18,1,2,3
410050205041014,0,0,0,0
410050205041015,274,22,26,12
410050205041016,25,0,0,0
410050205041017,53,8,3,7
410050205041018,5,0,0,0
410050205041019,3,3,0,0
410050205041020,104,8,12,1
410050205041021,10,0,1,1
410050205041022,24,0,5,1
410050205041023,3,2,0,0
410050205041024,5,0,0,0
410050205041025,7,0,0,0
410050205041026,16,0,1,0
410050205042000,0,0,0,0
410050205042001,0,0,0,0
410050205042002,16,0,0,2
410050205042003,32,2,2,0
410050205042004,18,2,0,5
410050205042005,60,10,18,0
410050205042006,16,0,0,0
410050205042007,9,0,0,1
410050205042008,0,0,0,0
410050205042009,262,5,36,16
410050205042010,76,0,3,11
410050205042011,677,75,49,16
410050205042012,30,0,3,3
410050205042013,86,5,1,19
410050205042014,63,9,3,11
410050205042015,36,0,2,2
410050205042016,121,6,9,8
410050205042017,25,5,2,0
410050205042018,5,1,0,0
410050205042019,73,1,9,5
410050205042020,79,0,8,3
410050205042021,49,1,13,0
410050205042022,22,0,1,1
410050205042023,170,19,2,9
410050205042024,46,2,1,1
410050205042025,111,4,2,11
410050205042026,23,0,1,3
410050205042027,222,9,27,3
410050205042028,114,4,3,13
410050205042029,71,5,3,4
410050205042030,30,2,0,3
410050205042031,18,0,5,0
410050205042032,85,11,6,8
410050205042033,0,0,0,0
410050205042034,57,4,5,0
410050205042035,59,6,4,3
410050205042036,91,10,4,8
410050205042037,45,5,7,0
410050205042038,31,1,3,1
410050205043000,138,3,6,4
410050205043001,104,10,1,1
410050205043002,97,5,7,2
410050205043003,19,1,4,3
410050205043004,47,0,6,3
410050205043005,100,8,8,5
410050205043006,11,0,1,0
410050205043007,70,4,4,11
410050205043008,143,5,12,0
410050205043009,80,10,6,6
410050205043010,10,1,0,0
410050205043011,44,1,1,6
410050205043012,31,6,3,0
410050205044000,496,15,19,15
410050205044001,27,0,4,1
410050205044002,86,6,8,0
410050205044003,54,6,3,0
410050205044004,69,0,1,8
410050205044005,17,0,5,2
410050205044006,36,1,7,0
410050205044007,50,2,2,1
410050205044008,199,6,3,19
410050205044009,74,7,12,1
410050205044010,36,0,7,0
410050205044011,90,1,19,1
410050205044012,21,2,1,0
410050205044013,148,20,6,12
410050205044014,132,12,8,8
410050205044015,14,0,0,0
410050205044016,111,24,8,0
410050205044017,110,9,15,3
410050205044018,0,0,0,0
410050205051000,0,0,0,0
410050205051001,0,0,0,0
410050205051002,0,0,0,0
410050205051003,57,2,0,4
410050205051004,117,0,7,6
410050205051005,53,1,0,1
410050205051006,0,0,0,0
410050205051007,223,1,3,0
410050205051008,608,0,0,0
410050205051009,77,6,1,1
410050205051010,118,8,10,10
410050205051011,114,12,15,3
410050205051012,29,2,1,0
410050205051013,311,16,14,14
410050205051014,19,3,0,0
410050205051015,68,2,13,6
410050205051016,14,3,3,2
410050205051017,30,0,1,0
410050205051018,22,1,2,0
410050205051019,14,0,0,0
410050205051020,17,0,0,0
410050205051021,0,0,0,0
410050205052000,0,0,0,0
410050205052001,86,1,12,4
410050205052002,4,0,0,0
410050205052003,0,0,0,0
410050205052004,0,0,0,0
410050205052005,170,10,16,1
410050205052006,59,2,7,3
410050205052007,25,2,2,0
410050205052008,16,1,1,0
410050205052009,96,4,6,3
410050205052010,316,16,12,14
410050205052011,40,4,0,0
410050205052012,31,1,3,0
410050205052013,227,20,12,8
410050205052014,105,14,4,8
410050205052015,20,0,1,5
410050205052016,100,6,3,5
410050205061000,42,1,8,1
410050205061001,69,18,1,2
410050205061002,154,1,6,17
410050205061003,119,2,0,10
410050205061004,15,3,2,1
410050205061005,8,0,1,0
410050205061006,55,1,8,0
410050205061007,42,6,5,0
410050205061008,26,4,4,1
410050205061009,31,6,6,0
410050205061010,18,5,1,0
410050205061011,0,0,0,0
410050205061012,0,0,0,0
410050205061013,0,0,0,0
410050205061014,15,3,1,0
410050205061015,148,0,17,4
410050205061016,15,1,0,1
410050205061017,0,0,0,0
410050205061018,55,3,10,4
410050205061019,87,2,13,4
410050205061020,24,4,0,0
410050205062000,102,5,5,4
410050205062001,5,0,2,0
410050205062002,0,0,0,0
410050205062003,247,22,15,17
410050205062004,0,0,0,0
410050205062005,473,24,31,18
410050205062006,37,2,1,2
410050205062007,0,0,0,0
410050205062008,0,0,0,0
410050205062009,35,1,0,3
410050205062010,0,0,0,0
410050205062011,388,9,26,14
410050205062012,963,55,67,43
410050205062013,62,1,3,4
410050205062014,4,1,0,0
410050205062015,38,0,4,1
410050205062016,24,3,0,2
410050205062017,66,11,5,6
410050205062018,52,2,12,0
410050205071000,0,0,0,0
410050205071001,236,21,15,19
410050205071002,32,2,3,3
410050205071003,248,15,26,7
410050205071004,22,0,0,1
410050205071005,34,1,6,1
410050205071006,28,1,1,3
410050205071007,132,10,19,19
410050205071008,121,23,8,11
410050205071009,83,4,16,0
410050205071010,90,4,13,15
410050205071011,76,13,4,9
410050205072000,16,3,4,2
410050205072001,103,0,14,16
410050205072002,62,2,6,7
410050205072003,385,22,44,21
410050205072004,48,1,7,3
410050205072005,26,1,2,1
410050205072006,90,10,12,1
410050205072007,99,7,4,10
410050205072008,36,1,1,2
410050205072009,11,3,1,0
410050205072010,35,5,4,1
410050205072011,110,18,6,7
410050205072012,0,0,0,0
410050205072013,10,0,1,0
410050205072014,97,7,4,3
410050205072015,80,0,12,1
410050205072016,104,3,2,14
410050205072017,0,0,0,0
410050205073000,187,3,7,18
410050205073001,48,1,3,1
410050205073002,331,14,36,6
410050205073003,73,7,5,3
410050205073004,11,3,2,1
410050205073005,7,0,0,0
410050205073006,360,54,40,12
410050205073007,0,0,0,0
410050205073008,110,3,4,9
410050205073009,115,4,15,3
410050205073010,158,14,24,3
410050205073011,28,0,6,2
410050205073012,48,7,4,1
410050205073013,21,1,5,0
410050205073014,6,0,0,1
410050205073015,77,1,5,14
410050205073016,44,5,4,0
410050205073017,33,0,1,3
410050205073018,95,4,6,7
410050206011000,656,35,67,42
410050206011001,28,7,2,3
410050206011002,13,2,2,2
410050206011003,30,0,0,1
410050206011004,22,1,0,0
410050206011005,25,1,1,0
410050206011006,24,0,0,3
410050206011007,97,2,20,1
410050206011008,26,5,1,2
410050206011009,32,1,1,6
410050206011010,49,8,0,2
410050206011011,45,1,8,0
410050206011012,23,0,0,0
410050206011013,26,5,0,1
410050206011014,21,2,4,0
410050206011015,13,0,0,0
410050206011016,72,2,5,3
410050206011017,46,3,4,0
410050206011018,7,0,1,0
410050206011019,28,1,4,0
410050206011020,44,8,2,1
410050206011021,10,0,0,2
410050206011022,6,1,1,1
410050206011023,26,3,0,0
410050206011024,19,0,3,3
410050206012000,0,0,0,0
410050206012001,0,0,0,0
410050206012002,149,7,11,9
410050206012003,18,1,0,0
410050206012004,62,0,5,7
410050206012005,29,1,0,1
410050206012006,40,2,8,4
410050206012007,169,11,5,7
410050206012008,64,0,8,0
410050206012009,126,9,8,5
410050206012010,37,1,6,0
410050206012011,23,0,2,0
410050206012012,38,1,5,0
410050206012013,79,0,4,3
410050206012014,20,0,2,1
410050206012015,23,5,0,0
410050206012016,48,6,2,0
410050206012017,16,0,1,0
410050206012018,205,26,8,13
410050206012019,0,0,0,0
410050206012020,28,1,4,1
410050206012021,0,0,0,0
410050206012022,311,9,33,1
410050206012023,188,23,3,7
410050206012024,0,0,0,0
410050206012025,0,0,0,0
410050206012026,51,2,6,0
410050206012027,0,0,0,0
410050206012028,24,2,1,1
410050206012029,0,0,0,0
410050206012030,0,0,0,0
410050206012031,22,1,3,0
410050206012032,40,0,1,2
410050206012033,0,0,0,0
410050206012034,44,0,0,2
410050206012035,0,0,0,0
410050206021000,21,0,5,1
410050206021001,0,0,0,0
410050206021002,0,0,0,0
410050206021003,0,0,0,0
410050206021004,0,0,0,0
410050206021005,0,0,0,0
410050206021006,0,0,0,0
410050206021007,212,14,14,6
410050206021008,0,0,0,0
410050206021009,18,0,3,2
410050206021010,50,0,4,12
410050206021011,14,1,0,0
410050206021012,61,8,0,8
410050206021013,157,18,19,7
410050206021014,153,8,16,4
410050206021015,3,0,0,0
410050206021016,5,0,0,0
410050206021017,54,1,9,6
410050206021018,26,5,4,0
410050206021019,62,1,3,12
410050206021020,55,8,7,4
410050206021021,94,8,21,0
410050206021022,15,0,2,2
410050206021023,49,9,6,1
410050206021024,106,2,8,0
410050206021025,93,19,10,2
410050206021026,56,6,1,0
410050206021027,85,1,9,3
410050206021028,236,24,21,25
410050206021029,33,0,2,2
410050206022000,128,9,13,11
410050206022001,35,0,3,0
410050206022002,16,0,1,0
410050206022003,24,3,1,3
410050206022004,74,10,6,0
410050206022005,3,0,1,0
410050206022006,25,5,7,0
410050206022007,9,1,0,1
410050206022008,214,29,18,5
410050206022009,27,4,1,4
410050206022010,67,6,0,1
410050206022011,37,2,6,1
410050206022012,224,19,21,15
410050206022013,65,1,1,12
410050206022014,44,3,6,9
410050206022015,86,3,16,0
410050206022016,77,2,3,8
410050206022017,21,0,2,0
410050206022018,21,1,3,2
410050206022019,26,1,0,5
410050206022020,34,3,5,1
410050206022021,70,1,10,7
410050206022022,12,1,0,0
410050206022023,20,1,1,2
410050206022024,22,0,1,1
410050206022025,32,3,4,3
410050206022026,37,6,4,0
410050206022027,29,1,0,1
410050206022028,61,5,5,2
410050206022029,12,0,0,0
410050206022030,15,1,1,0
410050206022031,30,9,0,1
410050206022032,17,1,1,0
410050206022033,50,3,5,0
410050206022034,52,8,6,0
410050206022035,21,1,0,1
410050206022036,24,1,0,0
410050206022037,32,1,3,6
410050206022038,13,1,0,0
410050206022039,67,5,3,1
410050206022040,32,4,1,1
410050206022041,52,3,0,8
410050206022042,21,3,4,2
410050206023000,89,7,11,3
410050206023001,194,15,18,11
410050206023002,202,19,11,13
410050206023003,64,4,10,3
410050206023004,31,1,10,0
410050206023005,315,10,13,31
410050206023006,206,10,25,11
410050206023007,301,9,17,13
410050206023008,18,0,0,0
410050206023009,136,3,12,12
410050206023010,252,15,24,10
410050207001000,14,1,4,0
410050207001001,42,2,4,3
410050207001002,22,0,1,0
410050207001003,33,2,4,1
410050207001004,56,4,3,4
410050207001005,36,0,0,0
410050207001006,0,0,0,0
410050207001007,21,1,0,0
410050207001008,0,0,0,0
410050207001009,7,0,0,0
410050207001010,9,0,0,0
410050207001011,8,0,0,0
410050207001012,14,2,0,0
410050207001013,14,0,1,0
410050207001014,17,1,2,6
410050207001015,4,0,0,0
410050207001016,0,0,0,0
410050207001017,68,5,6,2
410050207001018,74,3,16,2
410050207001019,46,2,5,2
410050207001020,17,4,0,0
410050207001021,122,8,16,1
410050207001022,48,0,3,1
410050207001023,0,0,0,0
410050207001024,11,0,1,4
410050207001025,12,0,5,0
410050207001026,22,2,2,1
410050207001027,17,0,0,5
410050207001028,27,0,1,1
410050207001029,18,0,0,2
410050207001030,25,1,3,1
410050207001031,16,0,2,1
410050207001032,32,3,0,0
410050207001033,20,3,1,0
410050207001034,19,4,2,3
410050207001035,14,0,1,1
410050207001036,9,1,0,0
410050207001037,33,1,7,0
410050207002000,0,0,0,0
410050207002001,5,2,2,0
410050207002002,547,47,64,21
410050207002003,0,0,0,0
410050207002004,41,3,1,0
410050207002005,35,2,3,0
410050207002006,64,3,9,0
410050207002007,39,3,1,0
410050207002008,479,40,18,29
410050207002009,18,0,2,0
410050207002010,63,10,2,0
410050207002011,0,0,0,0
410050207002012,242,4,17,18
410050207002013,291,7,36,17
410050207002014,138,14,5,18
410050207002015,14,0,0,0
410050207003000,28,2,0,4
410050207003001,120,10,7,8
410050207003002,214,8,18,21
410050207003003,154,10,17,8
410050207003004,48,10,5,4
410050207003005,98,2,9,5
410050207003006,39,3,2,3
410050207003007,30,7,2,3
410050207003008,59,1,5,5
410050207003009,44,2,5,6
410050207003010,22,2,2,2
410050207003011,43,2,0,0
410050207003012,121,0,11,8
410050207003013,107,13,8,0
410050207003014,66,5,5,1
410050208001000,0,0,0,0
410050208001001,12,0,0,0
410050208001002,12,0,0,2
410050208001003,11,2,0,0
410050208001004,0,0,0,0
410050208001005,0,0,0,0
410050208001006,0,0,0,0
410050208001007,0,0,0,0
410050208001008,0,0,0,0
410050208001009,0,0,0,0
410050208001010,292,9,4,8
410050208001011,225,11,4,6
410050208001012,80,2,5,0
410050208001013,0,0,0,0
410050208001014,0,0,0,0
410050208001015,0,0,0,0
410050208001016,0,0,0,0
410050208001017,0,0,0,0
410050208001018,0,0,0,0
410050208001019,21,1,4,1
410050208001020,0,0,0,0
410050208001021,0,0,0,0
410050208001022,16,0,0,0
410050208001023,22,0,0,0
410050208001024,0,0,0,0
410050208001025,14,0,0,0
410050208001026,24,0,6,0
410050208001027,0,0,0,0
410050208001028,17,1,0,3
410050208001029,0,0,0,0
410050208001030,0,0,0,0
410050208001031,113,2,1,1
410050208001032,593,17,8,3
410050208001033,0,0,0,0
410050208001034,0,0,0,0
410050208001035,0,0,0,0
410050208001036,19,0,4,0
410050208001037,17,0,0,3
410050208001038,6,0,0,1
410050208001039,21,0,1,0
410050208001040,26,3,3,2
410050208001041,4,0,0,0
410050208001042,0,0,0,0
410050208001043,0,0,0,0
410050208002000,0,0,0,0
410050208002001,0,0,0,0
410050208002002,77,0,1,0
410050208002003,44,1,3,1
410050208002004,77,7,5,3
410050208002005,83,3,0,0
410050208002006,14,2,0,0
410050208002007,115,0,8,0
410050208002008,13,0,0,0
410050208002009,31,3,3,0
410050208002010,59,8,6,1
410050208002011,82,6,2,0
410050208002012,47,2,1,5
410050208002013,0,0,0,0
410050208002014,7,0,1,0
410050208002015,34,2,3,2
410050208002016,108,3,6,5
410050208002017,102,7,13,3
410050208002018,0,0,0,0
410050208002019,36,6,2,3
410050208002020,30,1,5,0
410050208002021,12,2,0,1
410050208002022,0,0,0,0
410050208002023,0,0,0,0
410050208002024,0,0,0,0
410050208002025,0,0,0,0
410050208002026,0,0,0,0
410050208002027,0,0,0,0
410050208002028,0,0,0,0
410050208002029,0,0,0,0
410050208002030,46,1,3,2
410050208002031,0,0,0,0
410050208002032,0,0,0,0
410050208002033,0,0,0,0
410050208003000,43,0,7,0
410050208003001,53,1,1,0
410050208003002,236,14,13,8
410050208003003,63,2,1,0
410050208003004,67,7,5,8
410050208003005,52,1,6,3
410050208003006,96,0,1,1
410050208003007,197,10,12,4
410050208003008,164,12,5,7
410050208003009,0,0,0,0
410050208003010,0,0,0,0
410050208003011,407,13,2,8
410050208003012,49,3,5,0
410050208003013,44,3,2,1
410050208003014,71,2,4,4
410050208003015,24,4,0,0
410050208003016,34,1,5,2
410050208003017,42,0,0,3
410050208003018,52,0,2,1
410050208003019,41,2,1,1
410050208003020,58,7,1,1
410050209001000,91,5,6,1
410050209001001,91,6,0,0
410050209001002,63,7,0,0
410050209001003,276,7,5,1
410050209001004,50,0,1,0
410050209001005,357,11,17,11
410050209001006,46,4,2,0
410050209001007,209,13,12,12
410050209001008,73,0,2,0
410050209001009,132,13,13,0
410050209001010,73,10,7,0
410050209001011,33,1,0,0
410050209001012,26,0,0,0
410050209002000,0,0,0,0
410050209002001,30,3,8,1
410050209002002,0,0,0,0
410050209002003,24,3,5,1
410050209002004,43,4,1,3
410050209002005,138,12,7,1
410050209002006,15,0,1,0
410050209002007,84,7,0,0
410050209002008,48,3,6,3
410050209002009,73,4,0,1
410050209002010,87,4,14,0
410050209002011,53,0,3,4
410050209002012,53,4,1,3
410050209002013,57,2,0,5
410050209002014,35,0,0,0
410050209002015,31,1,2,0
410050209002016,58,5,1,1
410050209002017,41,1,2,7
410050209002018,60,7,1,0
410050209002019,50,4,3,1
410050209002020,49,0,3,4
410050209003000,285,13,11,6
410050209003001,38,0,2,4
410050209003002,78,3,3,0
410050209003003,83,6,1,7
410050209003004,65,6,4,2
410050209003005,180,4,8,8
410050209003006,54,1,2,3
410050209003007,233,5,29,2
410050209003008,96,8,6,6
410050209003009,158,9,7,0
410050209003010,74,7,0,1
410050210001000,50,2,3,0
410050210001001,52,4,0,1
410050210001002,37,0,0,0
410050210001003,6,0,0,0
410050210001004,35,4,1,0
410050210001005,4,1,0,0
410050210001006,0,0,0,0
410050210001007,37,3,1,2
410050210001008,0,0,0,0
410050210001009,1,0,0,0
410050210001010,10,0,0,0
410050210001011,3,1,0,0
410050210001012,10,1,5,0
410050210001013,11,1,0,0
410050210001014,11,0,0,0
410050210001015,1,0,0,0
410050210001016,9,1,0,0
410050210001017,6,2,2,0
410050210001018,4,0,0,0
410050210001019,12,0,1,2
410050210001020,10,0,3,0
410050210001021,6,2,0,1
410050210001022,7,1,0,0
410050210001023,11,0,0,0
410050210001024,7,0,0,0
410050210001025,24,0,2,0
410050210001026,10,0,1,1
410050210001027,9,0,1,3
410050210001028,17,0,1,0
410050210001029,8,1,0,1
410050210001030,12,0,2,0
410050210001031,33,1,2,0
410050210001032,15,1,2,2
410050210001033,14,0,0,1
410050210001034,5,0,2,0
410050210001035,12,0,0,0
410050210001036,19,2,0,0
410050210001037,6,1,0,0
410050210001038,0,0,0,0
410050210001039,7,0,0,0
410050210001040,5,0,1,1
410050210001041,104,6,8,3
410050210001042,3,0,0,0
410050210001043,16,0,0,0
410050210001044,5,1,0,0
410050210001045,7,2,0,0
410050210001046,10,0,0,3
410050210001047,2,0,0,0
410050210001048,20,2,0,2
410050210001049,4,0,1,0
410050210001050,32,0,1,1
410050210001051,5,0,0,0
410050210001052,26,3,4,0
410050210001053,3,0,0,0
410050210001054,38,3,0,4
410050210001055,28,4,0,1
410050210001056,0,0,0,0
410050210001057,0,0,0,0
410050210001058,27,1,0,0
410050210001059,12,1,0,0
410050210001060,30,7,0,3
410050210001061,10,0,0,0
410050210001062,4,0,0,0
410050210001063,12,0,1,0
410050210001064,34,0,4,1
410050210001065,11,0,0,0
410050210001066,3,0,0,0
410050210001067,34,0,0,1
410050210001068,0,0,0,0
410050210001069,6,0,1,0
410050210001070,2,0,0,0
410050210001071,11,0,0,3
410050210001072,11,0,0,0
410050210001073,13,2,1,1
410050210001074,8,2,0,0
410050210001075,11,1,0,0
410050210001076,31,0,0,0
410050210001077,16,3,1,0
410050210002000,25,0,4,1
410050210002001,12,1,2,1
410050210002002,18,2,2,3
410050210002003,0,0,0,0
410050210002004,0,0,0,0
410050210002005,25,1,0,2
410050210002006,9,0,2,0
410050210002007,217,15,6,5
410050210002008,76,1,7,2
410050210002009,207,1,13,3
410050210002010,56,3,0,0
410050210002011,69,2,2,7
410050210002012,35,1,2,2
410050210002013,122,8,3,3
410050210002014,75,4,0,2
410050210002015,460,31,22,2
410050210002016,75,2,6,5
410050210002017,53,0,7,1
410050210002018,19,4,1,1
410050210002019,111,9,8,4
410050210002020,72,9,2,4
410050210002021,142,11,11,0
410050210002022,16,2,3,0
410050210002023,2,0,1,0
410050210002024,5,0,1,0
410050210002025,338,12,24,2
410050210002026,10,2,1,0
410050210002027,4,0,0,0
410050210002028,75,6,5,5
410050210003000,58,7,5,3
410050210003001,37,0,4,0
410050210003002,31,2,3,0
410050210003003,231,3,17,6
410050210003004,37,1,0,1
410050210003005,46,3,4,0
410050210003006,41,0,2,0
410050210003007,204,6,17,18
410050210003008,175,11,3,2
410050210003009,179,16,3,7
410050210003010,150,1,8,0
410050211001000,28,5,0,0
410050211001001,47,0,0,0
410050211001002,43,1,0,1
410050211001003,53,5,1,0
410050211001004,154,2,3,3
410050211001005,49,0,2,0
410050211001006,51,1,0,5
410050211001007,20,0,1,1
410050211001008,38,6,3,2
410050211001009,38,8,0,1
410050211001010,28,0,0,1
410050211001011,45,0,0,0
410050211001012,35,0,1,0
410050211001013,40,1,0,0
410050211001014,50,3,1,5
410050211001015,0,0,0,0
410050211001016,0,0,0,0
410050211001017,0,0,0,0
410050211001018,63,3,3,0
410050211001019,33,0,5,1
410050211001020,29,3,7,0
410050211001021,50,6,4,1
410050211001022,12,0,0,1
410050211001023,0,0,0,0
410050211002000,40,0,2,0
410050211002001,30,0,2,1
410050211002002,10,0,1,1
410050211002003,46,0,0,0
410050211002004,44,4,2,2
410050211002005,80,5,1,9
410050211002006,61,7,1,0
410050211002007,59,8,2,1
410050211002008,45,2,3,0
410050211002009,32,1,4,0
410050211002010,20,0,0,0
410050211002011,150,8,8,0
410050211002012,60,0,3,1
410050211002013,95,1,3,4
410050211002014,187,4,11,6
410050211002015,85,7,2,5
410050211002016,52,3,3,1
410050211002017,125,5,0,2
410050211002018,64,5,5,4
410050211002019,106,2,9,3
410050211003000,192,11,8,6
410050211003001,47,1,9,4
410050211003002,16,2,2,0
410050211003003,120,0,4,6
410050211003004,13,0,1,1
410050211003005,115,0,4,2
410050211003006,88,1,0,1
410050211003007,36,5,1,1
410050211003008,222,20,15,3
410050211003009,146,7,8,2
410050211003010,77,0,1,5
410050211003011,52,4,5,3
410050211003012,0,0,0,0
410050211003013,22,0,0,3
410050211003014,8,0,3,1
410050211004000,558,47,23,12
410050211004001,48,3,0,1
410050211004002,110,2,1,4
410050211004003,22,0,1,4
410050211004004,160,9,6,5
410050211004005,299,10,15,21
410050211004006,49,2,6,0
410050211004007,181,11,9,0
410050211004008,172,4,5,2
410050211004009,94,8,1,2
410050211004010,132,2,6,3
410050212001000,24,2,0,0
410050212001001,23,0,0,0
410050212001002,13,0,4,0
410050212001003,15,3,1,1
410050212001004,26,0,0,0
410050212001005,85,7,2,3
410050212001006,26,0,5,0
410050212001007,20,3,1,0
410050212001008,18,0,0,2
410050212001009,11,0,3,0
410050212001010,118,4,5,7
410050212001011,78,7,2,1
410050212001012,22,1,1,3
410050212001013,52,1,0,4
410050212001014,49,3,2,3
410050212001015,71,10,6,0
410050212002000,0,0,0,0
410050212002001,545,25,31,7
410050212002002,59,7,7,3
410050212002003,52,2,3,1
410050212002004,44,1,2,8
410050212002005,38,0,0,0
410050212002006,32,4,1,1
410050212002007,33,1,2,2
410050212002008,58,1,0,0
410050212002009,161,0,5,0
410050212002010,48,2,1,2
410050212002011,162,6,10,3
410050212002012,276,16,8,0
410050212003000,8,0,0,0
410050212003001,0,0,0,0
410050212003002,67,1,4,2
410050212003003,26,0,3,0
410050212003004,0,0,0,0
410050212003005,6,0,0,0
410050212003006,22,0,5,0
410050212003007,34,1,0,3
410050212003008,13,0,0,0
410050212003009,7,0,0,0
410050212003010,110,2,2,9
410050212003011,0,0,0,0
410050212003012,750,12,5,7
410050212004000,0,0,0,0
410050212004001,14,0,0,0
410050212004002,0,0,0,0
410050212004003,45,2,3,0
410050212004004,0,0,0,0
410050212004005,0,0,0,0
410050212004006,41,5,3,1
410050212004007,41,2,0,1
410050212004008,21,0,0,3
410050212004009,32,1,1,0
410050212004010,364,2,0,1
410050212004011,23,1,2,1
410050212004012,16,0,0,0
410050212004013,14,0,0,1
410050212004014,22,1,0,2
410050212004015,23,2,2,0
410050212004016,14,3,0,0
410050212004017,17,1,2,2
410050212004018,0,0,0,0
410050213001000,94,3,2,0
410050213001001,309,13,15,19
410050213001002,176,9,2,6
410050213001003,46,0,0,7
410050213001004,20,0,1,1
410050213001005,20,2,1,0
410050213001006,96,0,11,0
410050213001007,77,8,5,4
410050213001008,65,1,3,0
410050213001009,22,1,0,1
410050213001010,43,6,5,1
410050213001011,48,5,2,0
410050213001012,43,3,1,0
410050213001013,61,0,2,2
410050213001014,23,0,2,0
410050213001015,105,13,7,1
410050213001016,44,5,4,1
410050213001017,124,4,12,9
410050213001018,48,0,5,4
410050213001019,190,2,6,3
410050213001020,29,0,0,0
410050213001021,123,4,7,1
410050213001022,68,5,4,4
410050213001023,0,0,0,0
410050213001024,52,2,7,1
410050213001025,39,8,7,1
410050213001026,108,1,0,0
410050213001027,49,0,2,1
410050213001028,8,0,0,1
410050213002000,110,3,4,7
410050213002001,170,2,10,6
410050213002002,179,12,14,2
410050213002003,202,7,15,3
410050213002004,19,0,2,1
410050213002005,193,5,12,9
410050213002006,0,0,0,0
410050213002007,81,5,5,0
410050213002008,21,1,0,0
410050213002009,38,7,1,2
410050213002010,52,1,2,0
410050213003000,94,4,2,5
410050213003001,153,6,2,3
410050213003002,155,9,24,3
410050213003003,122,8,6,7
410050213003004,158,8,14,6
410050213003005,44,8,1,6
410050213003006,95,1,1,1
410050213003007,90,1,11,6
410050213003008,90,3,2,2
410050213003009,50,4,3,5
410050213003010,41,1,2,1
410050213003011,30,4,1,3
410050213003012,52,0,2,0
410050213003013,89,3,2,11
410050213003014,76,3,10,4
410050213003015,0,0,0,0
410050213003016,51,2,1,0
410050213004000,0,0,0,0
410050213004001,412,14,21,17
410050213004002,219,12,21,6
410050213004003,145,11,4,2
410050213004004,0,0,0,0
410050213004005,0,0,0,0
410050213004006,0,0,0,0
410050213004007,157,16,10,0
410050213004008,264,8,15,8
410050213004009,0,0,0,0
410050213004010,117,5,13,0
410050213004011,117,8,0,9
410050213004012,65,8,4,0
410050213004013,47,1,5,4
410050214001000,95,4,2,0
410050214001001,174,8,4,4
410050214001002,68,3,3,0
410050214001003,25,0,1,1
410050214001004,67,2,4,2
410050214001005,417,17,17,6
410050214001006,15,0,0,1
410050214001007,98,5,6,2
410050214001008,494,13,28,12
410050214001009,81,8,2,4
410050214001010,72,3,5,6
410050214001011,585,40,56,17
410050214001012,100,4,13,3
410050214001013,142,4,2,6
410050214001014,38,1,5,0
410050214001015,189,10,8,3
410050214001016,98,5,4,1
410050214001017,48,1,5,0
410050214001018,36,7,0,2
410050214002000,233,15,8,11
410050214002001,48,3,1,4
410050214002002,56,0,0,4
410050214002003,87,6,9,1
410050214002004,185,12,12,4
410050214002005,41,4,2,0
410050214002006,53,2,1,3
410050214002007,268,11,18,11
410050214002008,0,0,0,0
410050214002009,44,6,4,2
410050214002010,117,5,3,12
410050214002011,26,4,2,0
410050214003000,0,0,0,0
410050214003001,400,10,9,8
410050214003002,67,0,1,4
410050214003003,0,0,0,0
410050214003004,141,6,0,4
410050214003005,24,1,0,2
410050214003006,35,3,0,1
410050214003007,80,3,4,1
410050214003008,13,0,0,0
410050214003009,36,2,0,0
410050214003010,192,4,7,7
410050214003011,70,3,6,5
410050214003012,68,8,2,0
410050215001000,0,0,0,0
410050215001001,0,0,0,0
410050215001002,0,0,0,0
410050215001003,0,0,0,0
410050215001004,0,0,0,0
410050215001005,0,0,0,0
410050215001006,185,10,7,15
410050215001007,72,8,6,0
410050215001008,193,1,10,6
410050215001009,61,0,1,0
410050215001010,21,2,1,0
410050215001011,60,0,1,0
410050215001012,107,8,9,3
410050215001013,19,0,1,0
410050215001014,35,2,1,0
410050215001015,117,4,4,0
410050215001016,216,13,3,3
410050215001017,49,2,5,1
410050215001018,18,3,0,0
410050215001019,10,3,1,1
410050215001020,9,0,0,0
410050215001021,12,1,1,2
410050215001022,15,1,0,1
410050215001023,0,0,0,0
410050215001024,10,1,0,0
410050215001025,41,0,2,0
410050215001026,9,0,0,0
410050215001027,42,0,4,0
410050215001028,15,1,0,2
410050215001029,0,0,0,0
410050215001030,23,0,0,0
410050215001031,72,0,0,4
410050215001032,13,0,0,0
410050215001033,19,0,0,0
410050215001034,13,0,0,1
410050215001035,27,1,2,0
410050215001036,23,2,1,2
410050215001037,0,0,0,0
410050215001038,16,2,1,3
410050215001039,52,2,1,2
410050215001040,234,20,17,7
410050215001041,0,0,0,0
410050215001042,0,0,0,0
410050215001043,32,3,6,4
410050215001044,40,1,1,0
410050215001045,74,2,1,5
410050215001046,10,1,1,0
410050215001047,10,0,0,0
410050215002000,0,0,0,0
410050215002001,0,0,0,0
410050215002002,0,0,0,0
410050215002003,0,0,0,0
410050215002004,59,4,6,3
410050215002005,0,0,0,0
410050215002006,478,14,38,23
410050215002007,22,0,0,2
410050215002008,45,1,1,1
410050215002009,348,35,17,5
410050215002010,27,3,1,0
410050215002011,45,2,7,1
410050215002012,0,0,0,0
410050215002013,588,18,15,9
410050215002014,75,7,7,8
410050215002015,113,13,0,3
410050215002016,48,8,6,0
410050215003000,0,0,0,0
410050215003001,0,0,0,0
410050215003002,0,0,0,0
410050215003003,166,12,15,1
410050215003004,0,0,0,0
410050215003005,0,0,0,0
410050215003006,0,0,0,0
410050215003007,0,0,0,0
410050215003008,48,0,1,1
410050215003009,62,1,13,2
410050215003010,263,11,24,16
410050215003011,23,0,1,0
410050215003012,18,0,2,1
410050215003013,57,0,0,0
410050215003014,59,3,3,3
410050215003015,109,7,5,4
410050215003016,408,13,25,5
410050215003017,76,8,1,4
410050215003018,85,1,3,0
410050216011000,0,0,0,0
410050216011001,109,0,3,1
410050216011002,43,3,0,0
410050216011003,49,2,3,0
410050216011004,110,2,7,2
410050216011005,0,0,0,0
410050216011006,23,1,0,2
410050216011007,241,16,19,5
410050216011008,32,2,5,2
410050216011009,55,5,0,0
410050216011010,0,0,0,0
410050216011011,43,2,5,0
410050216011012,42,4,0,1
410050216011013,50,4,1,0
410050216011014,36,1,0,5
410050216011015,119,8,5,3
410050216011016,31,0,1,3
410050216011017,45,3,1,3
410050216011018,25,6,3,0
410050216011019,50,3,2,2
410050216011020,0,0,0,0
410050216011021,38,0,3,2
410050216011022,47,11,0,4
410050216012000,27,2,0,0
410050216012001,20,0,5,0
410050216012002,31,0,0,0
410050216012003,43,2,0,1
410050216012004,23,0,1,2
410050216012005,63,7,2,9
410050216012006,113,7,9,4
410050216012007,36,2,4,1
410050216012008,28,1,2,1
410050216012009,32,0,1,0
410050216012010,43,2,4,1
410050216012011,46,1,1,1
410050216012012,52,1,4,0
410050216012013,42,3,5,4
410050216012014,719,34,39,10
410050216012015,12,2,1,1
410050216012016,0,0,0,0
410050216013000,11,0,0,0
410050216013001,3,0,0,1
410050216013002,36,0,0,0
410050216013003,66,4,5,0
410050216013004,39,0,2,1
410050216013005,3,0,0,0
410050216013006,51,2,2,3
410050216013007,14,1,0,0
410050216013008,18,0,2,0
410050216013009,5,1,0,0
410050216013010,0,0,0,0
410050216013011,15,2,2,1
410050216013012,4,0,0,0
410050216013013,25,0,0,1
410050216013014,50,0,3,0
410050216013015,46,8,2,0
410050216013016,54,1,2,0
410050216013017,49,1,4,1
410050216013018,50,6,3,4
410050216013019,36,1,1,0
410050216013020,1,0,0,0
410050216013021,60,0,5,2
410050216013022,156,6,16,5
410050216013023,52,4,4,0
410050216013024,48,4,0,0
410050216013025,12,1,3,2
410050216013026,0,0,0,0
410050216013027,0,0,0,0
410050216014000,41,1,2,1
410050216014001,38,0,0,0
410050216014002,42,2,0,0
410050216014003,70,4,10,4
410050216014004,29,1,1,1
410050216014005,71,4,5,3
410050216014006,51,1,6,2
410050216014007,60,4,6,6
410050216014008,76,7,6,0
410050216014009,42,2,1,1
410050216014010,20,1,1,0
410050216014011,38,1,1,4
410050216014012,12,0,0,0
410050216014013,17,1,1,4
410050216014014,73,9,5,1
410050216014015,113,3,7,7
410050216014016,22,2,1,0
410050216015000,1034,54,62,30
410050216015001,67,5,1,7
410050216015002,144,4,14,8
410050216015003,44,0,0,3
410050216015004,208,0,12,2
410050216015005,46,4,2,2
410050216015006,72,1,2,0
410050216015007,131,7,2,1
410050216021000,12,1,1,3
410050216021001,0,0,0,0
410050216021002,377,34,30,15
410050216021003,162,7,14,0
410050216021004,381,23,15,19
410050216021005,49,1,4,2
410050216021006,317,25,45,11
410050216021007,89,11,7,1
410050216021008,65,1,1,4
410050216021009,0,0,0,0
410050216021010,0,0,0,0
410050216021011,0,0,0,0
410050216021012,99,10,7,1
410050216021013,107,10,12,3
410050216021014,0,0,0,0
410050216021015,158,9,5,5
410050216022000,124,2,12,6
410050216022001,77,17,2,2
410050216022002,135,8,13,4
410050216022003,63,4,2,0
410050216022004,81,5,2,2
410050216022005,87,7,4,2
410050216022006,29,2,1,0
410050216022007,20,1,0,2
410050216022008,112,8,3,7
410050216022009,28,2,4,0
410050216022010,120,1,10,1
410050216022011,84,4,3,3
410050216022012,92,3,4,0
410050216023000,382,17,25,17
410050216023001,122,4,14,0
410050216023002,72,2,1,4
410050216023003,106,4,4,2
410050216023004,45,4,1,1
410050216023005,48,1,1,0
410050216023006,63,6,3,5
410050216023007,52,0,4,0
410050216023008,57,1,11,0
410050216023009,65,4,1,1
410050216023010,81,4,5,2
410050216023011,73,7,8,4
410050216023012,120,2,0,8
410050216023013,370,16,7,25
410050216023014,41,3,0,0
410050216023015,33,1,1,0
410050216023016,35,0,3,0
410050216023017,10,2,0,0
410050216023018,34,0,3,1
410050216023019,42,5,4,2
410050216023020,7,0,0,0
410050216023021,53,2,4,4
410050216023022,58,1,0,4
410050216023023,13,0,3,0
410050216023024,149,8,7,5
410050216023025,40,1,2,0
410050217001000,964,38,50,21
410050217001001,33,0,1,0
410050217001002,146,4,2,15
410050217001003,47,3,3,3
410050217001004,233,2,11,9
410050217001005,72,8,6,0
410050217001006,48,1,5,0
410050217001007,258,10,16,8
410050217001008,15,0,2,2
410050217001009,0,0,0,0
410050217001010,167,4,16,5
410050217001011,22,0,3,0
410050217001012,60,13,7,3
410050217001013,52,2,3,4
410050217001014,67,2,9,2
410050217001015,92,0,0,2
410050217001016,68,2,3,6
410050217001017,0,0,0,0
410050217001018,120,4,3,0
410050217001019,38,0,1,2
410050217002000,25,0,2,0
410050217002001,145,6,10,3
410050217002002,141,8,6,7
410050217002003,285,2,5,0
410050217002004,54,3,0,2
410050217002005,55,3,6,0
410050217002006,138,11,8,5
410050217002007,55,0,2,4
410050217002008,0,0,0,0
410050217002009,0,0,0,0
410050217002010,0,0,0,0
410050217002011,105,3,7,4
410050217002012,38,3,1,0
410050217002013,86,3,5,0
410050217002014,32,1,2,0
410050217002015,23,0,1,0
410050217002016,25,0,10,0
410050217002017,202,20,12,9
410050217003000,7,1,0,0
410050217003001,58,11,2,3
410050217003002,59,7,0,0
410050217003003,61,0,1,1
410050217003004,495,21,11,18
410050217003005,101,7,4,1
410050217003006,0,0,0,0
410050217003007,77,5,5,1
410050217003008,0,0,0,0
410050217004000,0,0,0,0
410050217004001,306,14,12,16
410050217004002,49,1,8,0
410050217004003,0,0,0,0
410050217004004,0,0,0,0
410050217004005,0,0,0,0
410050217004006,844,57,35,49
410050217004007,128,9,8,1
410050217004008,226,3,3,0
410050217004009,0,0,0,0
410050218011000,458,11,32,12
410050218011001,32,1,4,1
410050218011002,42,0,0,0
410050218011003,55,1,1,1
410050218011004,359,13,19,3
410050218011005,63,8,1,1
410050218011006,131,14,9,4
410050218011007,54,2,5,0
410050218011008,37,1,0,1
410050218011009,102,2,5,3
410050218011010,30,1,1,0
410050218011011,124,21,3,1
410050218011012,42,4,0,1
410050218011013,73,1,2,10
410050218011014,57,1,4,7
410050218011015,44,12,6,0
410050218011016,57,1,4,6
410050218011017,52,1,5,2
410050218011018,46,0,6,0
410050218011019,53,0,0,3
410050218011020,129,9,2,7
410050218011021,58,3,1,4
410050218012000,151,10,17,1
410050218012001,23,2,0,1
410050218012002,87,4,1,10
410050218012003,41,2,0,3
410050218012004,86,3,5,4
410050218012005,630,35,24,15
410050218012006,24,1,3,0
410050218012007,21,4,2,0
410050218012008,44,0,2,0
410050218012009,71,0,7,2
410050218012010,105,3,10,5
410050218012011,0,0,0,0
410050218012012,62,2,6,5
410050218012013,28,2,1,3
410050218012014,56,4,9,4
410050218012015,53,3,4,2
410050218012016,70,3,5,1
410050218012017,13,0,1,2
410050218013000,228,13,10,10
410050218013001,131,6,6,2
410050218013002,36,0,0,2
410050218013003,53,9,4,0
410050218013004,792,24,52,27
410050218013005,18,3,4,2
410050218013006,60,1,0,2
410050218013007,34,2,3,2
410050218013008,20,1,1,1
410050218013009,19,0,6,3
410050218013010,9,1,1,3
410050218013011,44,6,3,5
410050218013012,103,10,6,6
410050218013013,37,3,7,0
410050218013014,9,0,0,0
410050218013015,70,2,5,8
410050218013016,59,6,0,0
410050218013017,50,1,3,4
410050218013018,77,1,5,6
410050218013019,51,1,1,5
410050218013020,158,1,7,0
410050218013021,54,3,0,2
410050218021000,87,9,4,0
410050218021001,406,19,13,9
410050218021002,248,6,11,8
410050218021003,16,1,1,0
410050218021004,109,1,9,1
410050218021005,60,5,7,3
410050218021006,67,10,4,0
410050218021007,71,9,4,1
410050218021008,517,20,23,12
410050218021009,170,9,8,13
410050218022000,26,0,1,3
410050218022001,1024,42,78,51
410050218022002,121,10,6,1
410050218022003,121,6,7,6
410050218022004,383,37,23,9
410050218022005,31,2,1,1
410050218022006,173,8,6,5
410050218022007,50,7,4,1
410050218022008,46,4,7,0
410050218022009,125,7,8,3
410050218022010,109,6,4,3
410050218022011,137,6,5,6
410050218022012,231,12,10,12
410050218022013,19,1,2,1
410050219001000,123,5,0,0
410050219001001,311,16,15,13
410050219001002,139,5,10,2
410050219001003,26,0,1,1
410050219001004,128,6,7,4
410050219001005,0,0,0,0
410050219001006,34,1,5,0
410050219001007,39,3,4,0
410050219001008,37,0,3,2
410050219001009,21,3,2,1
410050219001010,60,0,8,8
410050219001011,0,0,0,0
410050219001012,63,1,0,0
410050219001013,497,43,31,7
410050219001014,44,1,1,0
410050219001015,34,6,1,0
410050219001016,43,0,2,2
410050219001017,40,3,4,0
410050219001018,102,4,6,3
410050219001019,12,3,0,1
410050219001020,55,0,8,2
410050219001021,34,5,2,3
410050219001022,37,3,2,0
410050219001023,81,1,0,3
410050219001024,80,1,2,11
410050219001025,39,0,2,1
410050219001026,80,1,4,3
410050219001027,11,1,1,0
410050219001028,10,0,0,2
410050219001029,45,2,0,2
410050219001030,32,2,1,9
410050219002000,33,1,4,0
410050219002001,54,3,2,1
410050219002002,177,4,22,5
410050219002003,43,3,6,0
410050219002004,44,6,4,0
410050219002005,29,1,0,0
410050219002006,36,0,4,6
410050219002007,24,1,5,0
410050219002008,43,3,1,1
410050219002009,57,5,1,3
410050219002010,26,0,0,0
410050219002011,55,5,3,4
410050219002012,41,5,3,2
410050219002013,46,2,2,1
410050219002014,51,3,4,0
410050219002015,49,4,3,1
410050219002016,58,1,1,8
410050219002017,20,2,1,0
410050219002018,40,0,0,0
410050219002019,96,2,11,5
410050219002020,0,0,0,0
410050219002021,36,0,1,0
410050219002022,44,4,3,2
410050219002023,64,0,0,5
410050219002024,10,0,0,0
410050219002025,30,0,3,0
410050220001000,67,2,3,1
410050220001001,136,5,8,2
410050220001002,60,3,8,0
410050220001003,161,7,11,2
410050220001004,150,4,1,5
410050220001005,60,1,5,0
410050220001006,49,1,5,1
410050220001007,32,2,1,1
410050220001008,41,4,1,2
410050220001009,36,2,1,2
410050220001010,50,5,4,2
410050220001011,54,8,1,1
410050220001012,115,3,16,2
410050220001013,46,1,2,5
410050220001014,0,0,0,0
410050220001015,20,1,1,0
410050220001016,191,16,14,3
410050220001017,46,3,2,1
410050220001018,243,8,4,19
410050220001019,94,5,4,9
410050220001020,249,19,11,16
410050220001021,392,21,40,10
410050220002000,48,1,5,0
410050220002001,232,1,1,0
410050220002002,38,0,2,0
410050220002003,28,2,2,1
410050220002004,0,0,0,0
410050220002005,33,0,1,0
410050220002006,35,0,7,0
410050220002007,51,8,2,2
410050220002008,40,0,7,0
410050220002009,35,1,0,2
410050220002010,24,3,1,2
410050220002011,20,4,1,1
410050220002012,24,1,2,0
410050220002013,0,0,0,0
410050220002014,39,1,3,3
410050220002015,33,1,0,0
410050220002016,16,0,0,0
410050220002017,0,0,0,0
410050220002018,0,0,0,0
410050220002019,33,0,0,0
410050220002020,0,0,0,0
410050220002021,5,1,2,0
410050220002022,21,1,0,0
410050220002023,37,1,1,0
410050220002024,16,0,2,0
410050220002025,21,0,1,1
410050220002026,34,0,0,0
410050220002027,0,0,0,0
410050220002028,29,0,2,0
410050220002029,31,3,0,2
410050220002030,47,3,2,0
410050220002031,44,7,1,2
410050220002032,34,0,1,2
410050220002033,34,3,3,5
410050220002034,26,6,2,0
410050220002035,38,0,6,0
410050220002036,29,1,0,0
410050220002037,27,0,0,0
410050220002038,18,0,1,0
410050220002039,35,6,1,1
410050220002040,29,6,1,2
410050220002041,35,1,1,0
410050220002042,38,7,2,0
410050220002043,30,4,2,1
410050220002044,31,3,1,0
410050220002045,5,1,0,1
410050220002046,29,0,0,1
410050220002047,25,0,2,2
410050220002048,44,1,6,3
410050220002049,14,1,3,0
410050220002050,39,1,0,3
410050220002051,64,7,6,1
410050220002052,37,4,0,4
410050220002053,34,0,1,0
410050220002054,29,2,0,0
410050220002055,34,2,0,3
410050220002056,50,3,2,5
410050220003000,90,6,5,2
410050220003001,807,45,52,37
410050220003002,43,4,0,2
410050220003003,50,2,4,1
410050220003004,67,5,1,5
410050220003005,36,5,2,1
410050220003006,111,2,13,2
410050220003007,96,10,12,0
410050220003008,218,4,14,4
410050220003009,74,3,7,3
410050220003010,78,1,0,0
410050220003011,147,5,3,8
410050220004000,107,5,3,2
410050220004001,33,2,0,2
410050220004002,117,11,0,3
410050220004003,260,9,20,5
410050220004004,28,1,1,0
410050220004005,77,10,5,9
410050220004006,149,2,5,10
410050220004007,196,6,10,3
410050220004008,23,3,3,2
410050221011000,614,53,40,17
410050221011001,31,1,6,0
410050221011002,44,1,4,1
410050221011003,44,5,5,0
410050221011004,37,6,4,1
410050221011005,32,3,2,0
410050221011006,91,3,3,3
410050221011007,161,8,10,9
410050221011008,112,9,1,8
410050221011009,333,10,28,2
410050221011010,82,11,2,3
410050221011011,38,0,1,0
410050221011012,116,2,5,8
410050221011013,34,1,2,0
410050221011014,83,3,6,2
410050221011015,42,0,3,12
410050221011016,133,15,8,3
410050221011017,150,2,7,2
410050221012000,140,1,2,4
410050221012001,57,3,3,2
410050221012002,69,7,2,4
410050221012003,28,1,2,0
410050221012004,66,3,3,0
410050221012005,76,2,5,1
410050221012006,0,0,0,0
410050221012007,214,12,2,3
410050221012008,232,20,4,3
410050221012009,202,11,5,6
410050221012010,72,7,1,0
410050221012011,43,1,3,3
410050221013000,309,8,24,6
410050221013001,243,8,12,1
410050221013002,465,21,22,10
410050221013003,20,3,4,0
410050221013004,45,0,5,0
410050221013005,54,0,4,3
410050221013006,173,10,6,13
410050221013007,15,0,3,0
410050221013008,79,2,2,2
410050221013009,71,4,3,9
410050221013010,69,0,3,4
410050221013011,28,6,5,5
410050221013012,11,0,0,0
410050221013013,0,0,0,0
410050221013014,31,0,0,1
410050221014000,28,4,4,3
410050221014001,265,19,5,12
410050221014002,31,5,6,6
410050221014003,21,1,0,0
410050221014004,75,2,3,0
410050221014005,34,5,6,2
410050221014006,36,2,3,3
410050221014007,46,2,4,7
410050221014008,69,4,2,2
410050221014009,51,1,2,3
410050221014010,45,1,8,0
410050221014011,39,2,1,0
410050221014012,180,18,6,1
410050221014013,35,1,1,1
410050221014014,13,3,0,1
410050221014015,25,0,0,0
410050221014016,8,0,0,0
410050221014017,0,0,0,0
410050221014018,139,8,15,5
410050221014019,26,0,0,1
410050221014020,190,3,19,12
410050221014021,76,1,5,2
410050221014022,8,1,0,0
410050221014023,163,4,19,13
410050221014024,91,2,8,0
410050221051000,21,0,1,2
410050221051001,0,0,0,0
410050221051002,28,2,2,3
410050221051003,362,29,24,21
410050221051004,131,7,8,14
410050221051005,47,1,3,4
410050221051006,52,2,1,2
410050221051007,239,18,15,13
410050221051008,22,5,0,0
410050221051009,71,2,3,10
410050221051010,133,9,11,0
410050221051011,0,0,0,0
410050221051012,80,10,2,4
410050221052000,0,0,0,0
410050221052001,0,0,0,0
410050221052002,0,0,0,0
410050221052003,0,0,0,0
410050221052004,230,14,16,7
410050221052005,23,2,1,6
410050221052006,124,9,3,2
410050221052007,74,3,1,10
410050221052008,0,0,0,0
410050221052009,0,0,0,0
410050221052010,223,18,22,5
410050221052011,0,0,0,0
410050221052012,122,7,14,10
410050221052013,38,5,1,4
410050221052014,66,5,1,0
410050221052015,21,2,1,0
410050221052016,0,0,0,0
410050221052017,0,0,0,0
410050221052018,89,14,7,0
410050221052019,57,3,0,5
410050221052020,79,5,9,0
410050221052021,317,9,16,26
410050221052022,8,1,0,0
410050221052023,19,1,0,1
410050221052024,65,4,8,1
410050221052025,47,0,5,0
410050221052026,44,0,3,3
410050221052027,105,16,12,0
410050221052028,0,0,0,0
410050221052029,11,2,0,0
410050221052030,542,33,49,12
410050221052031,52,6,1,3
410050221052032,79,1,2,3
410050221052033,61,4,0,3
410050221053000,1086,42,63,60
410050221053001,38,5,0,5
410050221053002,42,1,6,4
410050221053003,54,8,3,2
410050221053004,124,8,7,4
410050221053005,146,3,4,10
410050221053006,39,3,0,0
410050221053007,5,0,0,0
410050221053008,38,0,7,1
410050221053009,73,1,13,4
410050221053010,92,4,12,1
410050221053011,84,6,4,1
410050221053012,118,9,4,5
410050221053013,67,5,6,1
410050221053014,118,14,2,4
410050221053015,93,7,6,3
410050221053016,0,0,0,0
410050221053017,2,0,0,0
410050221053018,0,0,0,0
410050221053019,501,18,34,11
410050221053020,0,0,0,0
410050221053021,0,0,0,0
410050221053022,0,0,0,0
410050221053023,0,0,0,0
410050221053024,0,0,0,0
410050221053025,0,0,0,0
410050221053026,14,1,3,1
410050221053027,0,0,0,0
410050221053028,0,0,0,0
410050221053029,0,0,0,0
410050221053030,0,0,0,0
410050221053031,0,0,0,0
410050221053032,0,0,0,0
410050221071000,43,2,3,0
410050221071001,0,0,0,0
410050221071002,776,27,43,10
410050221071003,364,27,20,3
410050221071004,0,0,0,0
410050221071005,0,0,0,0
410050221071006,0,0,0,0
410050221071007,0,0,0,0
410050221071008,346,20,18,7
410050221071009,0,0,0,0
410050221071010,0,0,0,0
410050221071011,55,0,0,1
410050221071012,0,0,0,0
410050221071013,0,0,0,0
410050221071014,0,0,0,0
410050221072000,0,0,0,0
410050221072001,360,33,19,19
410050221072002,50,1,5,0
410050221072003,103,3,1,8
410050221072004,28,3,6,0
410050221072005,111,7,2,1
410050221072006,0,0,0,0
410050221072007,0,0,0,0
410050221072008,228,13,4,18
410050221072009,455,39,39,15
410050221072010,131,7,8,10
410050221073000,0,0,0,0
410050221073001,262,10,10,4
410050221073002,0,0,0,0
410050221073003,15,1,2,0
410050221073004,0,0,0,0
410050221073005,0,0,0,0
410050221073006,0,0,0,0
410050221073007,0,0,0,0
410050221073008,0,0,0,0
410050221073009,0,0,0,0
410050221073010,0,0,0,0
410050221073011,238,13,12,13
410050221073012,82,10,5,1
410050221073013,167,7,6,5
410050221073014,97,4,6,0
410050221073015,0,0,0,0
410050221073016,0,0,0,0
410050221073017,0,0,0,0
410050221073018,0,0,0,0
410050221073019,0,0,0,0
410050221073020,259,5,4,3
410050221073021,0,0,0,0
410050221073022,0,0,0,0
410050221073023,0,0,0,0
410050221073024,23,0,4,5
410050221073025,0,0,0,0
410050221073026,0,0,0,0
410050221073027,0,0,0,0
410050221073028,0,0,0,0
410050221073029,0,0,0,0
410050221073030,0,0,0,0
410050221081000,0,0,0,0
410050221081001,333,9,9,10
410050221081002,53,2,2,0
410050221081003,58,0,1,0
410050221081004,36,4,0,0
410050221081005,261,20,22,11
410050221081006,118,11,3,0
410050221081007,19,1,3,1
410050221081008,191,15,22,13
410050221081009,0,0,0,0
410050221081010,15,2,1,2
410050221081011,0,0,0,0
410050221081012,0,0,0,0
410050221081013,0,0,0,0
410050221081014,14,3,2,2
410050221081015,0,0,0,0
410050221081016,0,0,0,0
410050221081017,20,3,0,0
410050221081018,0,0,0,0
410050221081019,0,0,0,0
410050221081020,0,0,0,0
410050221081021,0,0,0,0
410050221081022,12,1,0,0
410050221081023,0,0,0,0
410050221081024,13,1,1,1
410050221081025,0,0,0,0
410050221081026,34,0,1,3
410050221081027,0,0,0,0
410050221081028,0,0,0,0
410050221081029,13,4,0,0
410050221081030,25,0,0,0
410050221081031,0,0,0,0
410050221081032,0,0,0,0
410050221081033,0,0,0,0
410050221081034,80,1,1,0
410050221081035,0,0,0,0
410050221081036,0,0,0,0
410050221082000,0,0,0,0
410050221082001,0,0,0,0
410050221082002,0,0,0,0
410050221082003,0,0,0,0
410050221082004,258,19,18,1
410050221082005,21,0,0,1
410050221082006,42,1,8,5
410050221082007,0,0,0,0
410050221082008,0,0,0,0
410050221082009,0,0,0,0
410050221082010,0,0,0,0
410050221082011,0,0,0,0
410050221082012,14,0,1,0
410050221082013,0,0,0,0
410050221082014,0,0,0,0
410050221082015,17,4,0,0
410050221082016,0,0,0,0
410050221082017,0,0,0,0
410050221082018,23,7,0,3
410050221082019,0,0,0,0
410050221082020,0,0,0,0
410050221082021,0,0,0,0
410050221082022,174,18,8,4
410050221082023,0,0,0,0
410050221082024,5,0,0,0
410050221082025,0,0,0,0
410050221082026,170,4,9,11
410050221082027,0,0,0,0
410050221082028,0,0,0,0
410050221082029,34,4,0,1
410050221082030,47,1,2,7
410050221082031,19,1,0,0
410050221082032,0,0,0,0
410050221082033,0,0,0,0
410050221082034,0,0,0,0
410050221082035,0,0,0,0
410050221082036,0,0,0,0
410050221082037,14,0,1,0
410050221082038,0,0,0,0
410050221082039,0,0,0,0
410050221082040,0,0,0,0
410050221082041,0,0,0,0
410050221082042,12,3,5,2
410050221082043,0,0,0,0
410050221082044,0,0,0,0
410050221082045,0,0,0,0
410050221082046,530,29,31,8
410050221082047,38,7,2,2
410050221082048,191,11,7,2
410050221082049,14,2,0,0
410050221082050,131,5,6,4
410050221082051,73,5,2,4
410050221082052,0,0,0,0
410050221082053,2,0,0,0
410050221082054,1,1,0,0
410050221082055,0,0,0,0
410050221082056,43,3,0,0
410050221082057,0,0,0,0
410050221082058,0,0,0,0
410050221082059,0,0,0,0
410050221082060,0,0,0,0
410050221091000,39,1,0,0
410050221091001,42,3,1,0
410050221091002,57,2,7,4
410050221091003,2,1,1,0
410050221091004,0,0,0,0
410050221091005,0,0,0,0
410050221091006,0,0,0,0
410050221091007,103,9,14,0
410050221091008,70,1,4,0
410050221091009,50,0,2,9
410050221091010,242,25,16,7
410050221091011,0,0,0,0
410050221091012,49,3,0,2
410050221091013,96,7,8,3
410050221091014,0,0,0,0
410050221091015,19,1,0,0
410050221091016,28,0,2,0
410050221091017,61,7,7,3
410050221091018,73,7,6,3
410050221091019,81,1,4,1
410050221091020,138,1,2,12
410050221091021,40,1,0,0
410050221091022,40,2,1,0
410050221091023,84,0,2,10
410050221091024,45,2,0,0
410050221091025,72,1,7,3
410050221091026,36,0,2,1
410050221091027,60,5,6,3
410050221091028,32,2,1,1
410050221091029,0,0,0,0
410050221092000,0,0,0,0
410050221092001,0,0,0,0
410050221092002,7,1,1,0
410050221092003,0,0,0,0
410050221092004,642,56,57,20
410050221092005,166,10,17,2
410050221092006,50,8,1,5
410050221092007,57,10,0,12
410050221092008,5,0,0,0
410050221092009,19,2,2,1
410050221092010,0,0,0,0
410050221092011,162,20,9,13
410050221092012,4,0,0,0
410050221092013,50,3,10,2
410050221092014,41,3,3,1
410050221092015,0,0,0,0
410050221092016,37,1,4,2
410050221092017,11,3,0,2
410050221092018,61,2,3,4
410050221092019,325,35,5,6
410050221092020,40,1,7,1
410050221092021,54,2,3,7
410050221092022,78,7,11,2
410050221092023,18,6,0,1
410050221092024,0,0,0,0
410050221092025,9,2,0,0
410050221092026,37,1,0,1
410050221092027,65,6,7,0
410050221092028,13,0,0,0
410050221092029,16,0,0,3
410050221101000,52,3,2,8
410050221101001,32,7,1,0
410050221101002,783,46,64,37
410050221101003,0,0,0,0
410050221101004,43,4,4,2
410050221101005,23,5,0,3
410050221101006,63,8,6,2
410050221101007,5,2,0,0
410050221101008,51,4,4,2
410050221101009,28,5,2,1
410050221101010,44,1,1,6
410050221101011,151,19,3,7
410050221101012,16,0,2,4
410050221101013,9,0,0,1
410050221101014,0,0,0,0
410050221101015,25,1,3,2
410050221101016,42,3,3,1
410050221101017,100,4,5,11
410050221101018,18,1,3,0
410050221101019,36,2,0,4
410050221101020,5,0,0,1
410050221101021,20,4,0,0
410050221101022,0,0,0,0
410050221101023,0,0,0,0
410050221101024,33,5,6,0
410050221101025,0,0,0,0
410050221101026,52,2,8,1
410050221101027,9,1,0,1
410050221101028,12,4,1,0
410050221101029,36,10,2,1
410050221102000,650,25,58,36
410050221102001,23,1,1,0
410050221102002,160,22,2,14
410050221102003,0,0,0,0
410050221102004,41,7,1,0
410050221102005,16,3,1,0
410050221102006,78,4,4,4
410050221102007,38,10,3,0
410050221102008,40,2,0,2
410050221102009,53,9,6,1
410050221102010,9,0,0,0
410050221102011,75,12,5,0
410050221102012,53,9,4,1
410050221102013,46,4,3,0
410050221102014,14,1,2,2
410050221102015,59,5,1,8
410050221102016,171,28,9,2
410050221102017,59,10,2,14
410050221102018,52,2,0,0
410050221102019,0,0,0,0
410050221102020,77,8,6,5
410050221102021,40,2,3,0
410050221102022,89,12,7,3
410050221102023,43,9,2,1
410050221102024,34,0,2,6
410050221102025,65,4,16,0
410050221102026,104,1,20,2
410050221102027,63,4,2,6
410050221102028,65,3,5,2
410050221102029,74,4,7,0
410050221102030,68,8,11,3
410050221102031,40,0,1,0
410050221102032,48,8,1,3
410050221102033,32,12,1,2
410050221102034,37,1,3,3
410050221102035,67,11,6,0
410050221102036,55,7,2,1
410050221102037,117,9,6,4
410050221102038,59,3,5,7
410050221102039,0,0,0,0
410050221102040,62,3,8,1
410050221102041,52,8,4,6
410050221102042,86,9,11,0
410050221102043,60,0,6,2
410050221102044,85,15,8,2
410050221102045,0,0,0,0
410050222011000,0,0,0,0
410050222011001,304,18,14,7
410050222011002,47,1,3,2
410050222011003,250,15,19,19
410050222011004,37,0,2,5
410050222011005,0,0,0,0
410050222011006,69,8,4,5
410050222012000,992,37,55,15
410050222012001,73,2,2,2
410050222012002,363,14,10,3
410050222012003,547,59,62,14
410050222012004,0,0,0,0
410050222012005,137,1,3,1
410050222012006,0,0,0,0
410050222013000,1430,86,56,22
410050222014000,902,54,61,28
410050222014001,65,2,2,2
410050222014002,197,3,3,13
410050222014003,79,5,4,4
410050222014004,99,3,5,0
410050222014005,10,1,1,0
410050222014006,58,2,5,5
410050222014007,21,1,2,0
410050222051000,68,1,4,1
410050222051001,24,0,3,2
410050222051002,44,0,5,3
410050222051003,288,10,13,5
410050222051004,78,8,4,5
410050222051005,0,0,0,0
410050222051006,28,1,5,1
410050222051007,18,0,0,1
410050222051008,71,6,2,4
410050222051009,415,9,26,8
410050222051010,0,0,0,0
410050222051011,0,0,0,0
410050222051012,0,0,0,0
410050222051013,4,0,0,0
410050222051014,0,0,0,0
410050222051015,95,6,7,2
410050222051016,111,10,5,9
410050222051017,20,0,2,1
410050222051018,73,1,10,1
410050222051019,308,22,12,1
410050222051020,153,3,7,12
410050222051021,239,4,20,5
410050222051022,0,0,0,0
410050222051023,38,2,0,0
410050222052000,216,18,29,12
410050222052001,26,1,0,1
410050222052002,132,13,11,14
410050222052003,52,6,7,0
410050222052004,358,12,32,22
410050222052005,33,0,3,2
410050222052006,10,1,0,1
410050222052007,85,6,12,10
410050222052008,110,4,11,7
410050222052009,16,1,5,2
410050222052010,19,0,0,0
410050222052011,104,9,12,3
410050222052012,32,2,2,2
410050222052013,28,0,0,3
410050222052014,71,6,7,3
410050222052015,23,4,0,3
410050222052016,131,0,0,2
410050222052017,0,0,0,0
410050222052018,96,6,8,7
410050222052019,211,11,15,10
410050222052020,56,8,2,3
410050222052021,48,3,8,0
410050222052022,93,2,5,0
410050222052023,28,1,1,5
410050222052024,9,0,6,1
410050222052025,0,0,0,0
410050222052026,11,0,1,0
410050222052027,26,5,2,0
410050222052028,19,0,1,0
410050222052029,13,3,2,0
410050222052030,7,0,0,0
410050222052031,14,1,3,1
410050222061000,91,5,8,4
410050222061001,36,1,1,2
410050222061002,0,0,0,0
410050222061003,0,0,0,0
410050222061004,147,9,7,5
410050222061005,0,0,0,0
410050222061006,21,4,1,3
410050222061007,164,18,16,7
410050222061008,30,2,11,0
410050222061009,0,0,0,0
410050222061010,41,0,1,1
410050222061011,0,0,0,0
410050222061012,115,4,6,4
410050222061013,81,2,6,5
410050222061014,72,2,2,7
410050222061015,10,0,1,2
410050222061016,155,10,11,5
410050222061017,81,9,2,6
410050222061018,180,9,17,0
410050222061019,0,0,0,0
410050222061020,0,0,0,0
410050222061021,0,0,0,0
410050222062000,73,2,3,0
410050222062001,23,1,0,2
410050222062002,157,13,10,1
410050222062003,36,0,6,4
410050222062004,457,29,28,12
410050222062005,27,2,1,1
410050222062006,14,1,5,0
410050222062007,61,2,0,1
410050222062008,21,0,1,1
410050222062009,14,0,1,1
410050222062010,0,0,0,0
410050222062011,0,0,0,0
410050222062012,0,0,0,0
410050222063000,1094,55,100,32
410050222063001,81,11,6,2
410050222063002,17,1,4,1
410050222063003,63,1,14,5
410050222063004,20,2,0,2
410050222063005,227,11,13,16
410050222063006,47,2,7,0
410050222063007,27,0,0,0
410050222063008,42,7,2,2
410050222063009,55,5,1,0
410050222063010,26,0,5,0
410050222063011,26,1,2,2
410050222063012,195,4,5,21
410050222063013,41,5,0,0
410050222063014,22,1,3,4
410050222063015,211,15,7,7
410050222063016,70,9,6,0
410050222063017,66,1,2,1
410050222063018,204,11,5,19
410050222063019,64,6,0,1
410050222063020,7,0,0,0
410050222063021,0,0,0,0
410050222063022,32,2,2,3
410050222063023,66,4,7,5
410050222064000,799,30,26,9
410050222064001,89,0,2,2
410050222064002,26,1,1,1
410050222064003,19,2,5,1
410050222064004,0,0,0,0
410050222064005,107,6,7,10
410050222064006,60,0,0,0
410050222064007,0,0,0,0
410050222064008,282,7,12,3
410050222064009,83,4,6,4
410050222064010,34,0,0,0
410050222064011,41,2,1,4
410050222064012,344,26,11,9
410050222064013,23,2,1,0
410050222064014,38,2,6,5
410050222064015,63,4,1,5
410050222064016,12,0,0,0
410050222071000,93,6,17,8
410050222071001,118,13,15,5
410050222071002,437,42,42,23
410050222071003,36,0,0,8
410050222071004,269,4,11,13
410050222071005,40,2,1,1
410050222071006,121,6,9,5
410050222071007,37,1,4,0
410050222071008,147,10,10,13
410050222071009,36,2,1,0
410050222071010,23,2,2,3
410050222071011,0,0,0,0
410050222071012,28,2,8,0
410050222071013,0,0,0,0
410050222071014,47,5,10,5
410050222071015,25,0,0,0
410050222071016,93,3,10,1
410050222071017,112,1,5,5
410050222071018,0,0,0,0
410050222072000,9,3,2,0
410050222072001,54,2,8,1
410050222072002,639,62,62,33
410050222072003,64,0,9,3
410050222072004,36,0,8,0
410050222072005,23,0,0,0
410050222072006,109,6,10,1
410050222072007,56,7,4,1
410050222072008,343,14,24,16
410050222072009,46,4,0,5
410050222072010,21,1,1,2
410050222072011,88,4,3,6
410050222072012,66,8,10,1
410050222072013,19,1,1,0
410050222072014,37,1,1,0
410050222072015,281,31,17,4
410050222072016,37,2,1,1
410050222072017,15,0,2,1
410050222072018,82,15,2,2
410050222072019,33,1,2,1
410050222072020,44,2,4,4
410050222072021,41,1,1,1
410050222072022,44,7,0,1
410050222072023,38,0,3,7
410050222072024,83,9,9,5
410050222072025,2,1,0,0
410050222072026,46,1,3,4
410050222072027,88,12,9,6
410050222072028,146,19,11,12
410050222072029,27,0,2,0
410050222072030,55,8,5,0
410050222072031,34,3,5,0
410050222072032,35,1,0,1
410050222072033,0,0,0,0
410050222072034,0,0,0,0
410050222072035,17,0,0,1
410050222072036,0,0,0,0
410050222072037,0,0,0,0
410050222072038,22,1,0,0
410050222072039,0,0,0,0
410050222072040,37,3,4,0
410050222072041,0,0,0,0
410050222072042,0,0,0,0
410050222072043,0,0,0,0
410050222073000,232,25,22,1
410050222073001,90,4,18,2
410050222073002,51,0,0,2
410050222073003,104,8,16,0
410050222073004,189,14,15,15
410050222073005,65,22,5,3
410050222073006,256,19,28,14
410050222073007,62,4,9,0
410050222073008,52,0,3,6
410050222073009,111,9,21,2
410050222073010,551,23,37,62
410050222073011,31,3,2,0
410050222073012,13,3,4,3
410050222073013,71,3,2,0
410050222073014,28,0,4,7
410050222073015,29,1,6,1
410050222081000,18,4,4,3
410050222081001,8,0,0,1
410050222081002,6,0,0,0
410050222081003,14,1,0,0
410050222081004,100,4,3,0
410050222081005,52,5,6,2
410050222081006,44,2,0,2
410050222081007,7,1,0,0
410050222081008,408,25,34,13
410050222081009,23,4,1,2
410050222081010,78,16,7,4
410050222081011,104,3,14,4
410050222081012,44,1,5,5
410050222081013,108,9,12,3
410050222081014,67,1,6,6
410050222081015,46,1,5,9
410050222081016,35,2,5,0
410050222081017,25,1,1,2
410050222082000,256,26,18,16
410050222082001,69,1,11,2
410050222082002,5,0,0,1
410050222082003,48,2,8,0
410050222082004,39,7,1,16
410050222082005,59,6,11,0
410050222082006,58,4,12,3
410050222082007,76,18,7,0
410050222082008,311,48,24,19
410050222082009,98,10,4,1
410050222082010,67,2,14,0
410050222082011,41,0,7,1
410050222082012,64,1,3,9
410050222082013,138,8,16,11
410050222082014,92,7,20,0
410050222082015,57,2,10,2
410050222082016,58,0,7,4
410050222082017,161,12,19,3
410050222082018,433,33,62,10
410050222082019,41,2,4,2
410050222082020,195,16,9,11
410050222082021,520,61,48,21
410050222082022,56,0,6,1
410050222082023,27,3,3,2
410050222082024,136,16,5,4
410050222083000,60,2,5,3
410050222083001,18,1,0,2
410050222083002,13,1,0,2
410050222083003,0,0,0,0
410050222083004,54,6,3,1
410050222083005,175,7,6,14
410050222083006,29,1,4,1
410050222083007,41,2,1,3
410050222083008,47,6,2,4
410050222083009,319,35,49,2
410050222083010,49,0,4,3
410050222083011,36,2,2,1
410050222083012,44,5,7,4
410050222083013,0,0,0,0
410050222083014,0,0,0,0
410050222083015,290,23,10,4
410050222083016,0,0,0,0
410050222083017,18,0,1,3
410050222083018,0,0,0,0
410050222083019,631,36,50,33
410050222083020,65,4,4,8
410050222083021,1,0,0,0
410050222083022,13,1,1,0
410050222083023,13,3,1,1
410050222083024,37,1,2,7
410050222083025,48,2,5,4
410050222083026,85,5,3,11
410050222083027,141,18,6,8
410050222083028,58,11,4,4
410050222083029,54,9,6,1
410050222083030,38,2,6,0
410050222083031,3,0,0,0
410050222083032,61,3,14,0
410050222083033,142,5,18,0
410050222083034,65,8,8,4
410050222083035,77,6,13,1
410050222083036,75,6,6,0
410050222083037,56,1,3,1
410050222083038,45,2,11,0
410050222083039,59,5,8,0
410050222083040,0,0,0,0
410050222083041,0,0,0,0
410050222083042,409,12,20,48
410050222083043,13,6,0,2
410050222084000,19,2,0,0
410050222084001,41,0,7,0
410050222084002,29,0,4,0
410050222084003,8,0,1,0
410050222084004,332,20,36,25
410050222084005,32,2,1,1
410050222084006,149,11,22,13
410050222084007,89,1,6,6
410050222084008,75,9,6,1
410050222084009,83,15,15,1
410050222084010,37,7,2,2
410050222084011,150,9,7,15
410050222084012,81,6,3,7
410050222084013,117,23,4,4
410050222084014,190,20,15,18
410050222084015,65,4,9,1
410050222084016,107,7,13,2
410050222084017,128,6,7,20
410050223011000,679,50,45,21
410050223011001,58,5,6,0
410050223011002,21,0,0,1
410050223011003,31,4,1,2
410050223011004,0,0,0,0
410050223011005,25,8,5,1
410050223011006,62,1,9,3
410050223011007,5,1,0,0
410050223011008,17,0,2,0
410050223011009,0,0,0,0
410050223011010,0,0,0,0
410050223011011,214,12,19,14
410050223011012,0,0,0,0
410050223011013,7,0,1,0
410050223011014,81,1,8,6
410050223011015,143,5,3,16
410050223011016,21,1,1,0
410050223011017,39,3,12,1
410050223011018,63,10,3,2
410050223011019,142,1,6,13
410050223011020,129,7,15,2
410050223011021,56,9,3,0
410050223011022,24,0,1,0
410050223011023,25,2,1,1
410050223011024,76,17,7,1
410050223011025,37,0,4,1
410050223012000,0,0,0,0
410050223012001,0,0,0,0
410050223012002,0,0,0,0
410050223012003,0,0,0,0
410050223012004,0,0,0,0
410050223012005,54,0,9,0
410050223012006,0,0,0,0
410050223012007,0,0,0,0
410050223012008,0,0,0,0
410050223012009,0,0,0,0
410050223012010,19,0,0,0
410050223012011,134,9,3,2
410050223012012,27,1,1,3
410050223012013,18,0,2,2
410050223012014,12,0,2,0
410050223012015,0,0,0,0
410050223012016,19,3,0,2
410050223012017,15,0,2,0
410050223012018,0,0,0,0
410050223012019,29,0,0,0
410050223012020,100,5,2,0
410050223012021,0,0,0,0
410050223012022,0,0,0,0
410050223012023,0,0,0,0
410050223012024,0,0,0,0
410050223012025,0,0,0,0
410050223012026,0,0,0,0
410050223012027,320,9,18,11
410050223012028,0,0,0,0
410050223012029,9,1,0,0
410050223012030,0,0,0,0
410050223012031,0,0,0,0
410050223012032,0,0,0,0
410050223012033,0,0,0,0
410050223012034,17,1,4,0
410050223012035,0,0,0,0
410050223012036,0,0,0,0
410050223012037,0,0,0,0
410050223012038,0,0,0,0
410050223012039,0,0,0,0
410050223012040,395,8,14,8
410050223012041,0,0,0,0
410050223012042,0,0,0,0
410050223012043,0,0,0,0
410050223012044,0,0,0,0
410050223012045,5,0,0,0
410050223012046,0,0,0,0
410050223012047,10,0,0,1
410050223012048,0,0,0,0
410050223012049,0,0,0,0
410050223012050,0,0,0,0
410050223012051,0,0,0,0
410050223012052,0,0,0,0
410050223012053,20,0,0,0
410050223012054,17,4,0,3
410050223012055,33,1,1,3
410050223012056,23,8,1,0
410050223012057,119,11,6,0
410050223012058,19,0,1,3
410050223012059,14,0,4,1
410050223012060,14,0,0,0
410050223012061,0,0,0,0
410050223012062,1,0,0,0
410050223012063,0,0,0,0
410050223012064,0,0,0,0
410050223012065,26,0,0,0
410050223012066,63,2,3,1
410050223012067,78,5,11,1
410050223012068,140,2,18,4
410050223012069,50,4,5,0
410050223012070,45,4,0,0
410050223012071,88,8,4,2
410050223012072,0,0,0,0
410050223012073,17,0,3,1
410050223012074,20,4,0,3
410050223012075,0,0,0,0
410050223012076,0,0,0,0
410050223012077,0,0,0,0
410050223012078,24,1,0,0
410050223012079,0,0,0,0
410050223013000,31,2,3,0
410050223013001,65,10,4,0
410050223013002,62,0,1,2
410050223013003,136,9,16,5
410050223013004,34,0,3,3
410050223013005,25,1,0,0
410050223013006,23,2,3,0
410050223013007,34,2,1,5
410050223013008,16,5,0,0
410050223013009,38,2,9,0
410050223013010,150,12,14,6
410050223013011,29,2,0,0
410050223013012,20,0,3,0
410050223013013,22,2,1,0
410050223013014,24,1,1,2
410050223013015,18,4,0,1
410050223013016,12,2,2,0
410050223013017,51,6,1,1
410050223013018,35,3,3,2
410050223013019,93,1,12,5
410050223013020,86,3,0,7
410050223021000,439,18,8,22
410050223021001,15,2,2,1
410050223021002,347,23,26,12
410050223021003,19,0,5,0
410050223021004,22,3,1,4
410050223021005,80,0,0,6
410050223021006,26,1,0,0
410050223021007,58,12,0,4
410050223021008,98,3,8,5
410050223021009,52,4,1,3
410050223021010,621,44,59,21
410050223021011,21,4,3,0
410050223021012,48,6,3,3
410050223021013,0,0,0,0
410050223021014,56,2,3,1
410050223021015,0,0,0,0
410050223021016,3,1,0,0
410050223021017,21,2,1,1
410050223021018,0,0,0,0
410050223021019,27,4,2,1
410050223021020,192,8,16,4
410050223021021,28,2,1,3
410050223022000,247,11,11,13
410050223022001,26,0,0,0
410050223022002,25,1,5,2
410050223022003,12,2,0,1
410050223022004,129,8,2,10
410050223022005,308,23,29,11
410050223022006,549,11,37,4
410050223022007,11,0,0,0
410050223022008,40,1,2,1
410050223022009,65,8,3,0
410050223022010,29,0,0,0
410050223022011,39,1,4,2
410050223022012,66,2,3,2
410050223022013,48,0,0,0
410050223022014,52,2,7,2
410050223022015,29,0,2,0
410050223022016,48,1,2,1
410050223022017,70,0,5,3
410050223022018,44,1,0,2
410050223022019,59,4,4,0
410050223022020,62,5,2,1
410050223023000,36,0,4,0
410050223023001,0,0,0,0
410050223023002,9,2,3,2
410050223023003,0,0,0,0
410050223023004,0,0,0,0
410050223023005,8,0,0,0
410050223023006,0,0,0,0
410050223023007,66,4,1,4
410050223023008,99,0,0,8
410050223023009,6,1,0,1
410050223023010,327,19,36,4
410050223023011,18,6,5,1
410050223023012,5,0,0,1
410050223023013,41,1,0,12
410050223023014,2,0,0,0
410050223023015,0,0,0,0
410050223023016,25,3,1,0
410050223023017,71,1,9,7
410050223023018,265,14,12,2
410050223023019,15,1,2,0
410050223023020,29,5,0,0
410050223023021,23,1,1,2
410050223023022,82,8,9,1
410050223023023,37,0,0,4
410050223023024,122,6,5,10
410050223023025,21,5,0,1
410050223023026,35,0,5,3
410050223023027,82,12,0,2
410050223023028,65,15,5,0
410050223023029,34,1,1,0
410050223023030,96,7,12,3
410050223023031,37,5,1,6
410050223023032,45,4,5,1
410050223023033,6,0,0,0
410050223023034,1,0,1,0
410050223023035,138,9,14,7
410050223023036,33,2,0,2
410050223023037,62,0,6,4
410050223023038,0,0,0,0
410050224001000,0,0,0,0
410050224001001,0,0,0,0
410050224001002,3,0,1,0
410050224001003,12,0,0,0
410050224001004,17,4,1,2
410050224001005,27,0,1,0
410050224001006,31,1,5,0
410050224001007,15,0,1,2
410050224001008,31,1,4,0
410050224001009,3,0,2,0
410050224001010,25,2,3,0
410050224001011,34,0,0,0
410050224001012,24,0,0,0
410050224001013,19,0,5,0
410050224001014,7,0,0,0
410050224001015,15,0,0,0
410050224001016,18,0,0,1
410050224001017,45,2,0,6
410050224001018,17,0,2,0
410050224001019,36,3,7,2
410050224001020,15,3,0,0
410050224001021,21,1,3,2
410050224001022,23,2,1,0
410050224001023,20,0,0,1
410050224001024,31,3,1,2
410050224001025,0,0,0,0
410050224001026,0,0,0,0
410050224001027,0,0,0,0
410050224001028,0,0,0,0
410050224001029,0,0,0,0
410050224001030,0,0,0,0
410050224001031,0,0,0,0
410050224001032,471,40,54,17
410050224001033,16,0,0,0
410050224001034,14,4,0,0
410050224001035,9,0,0,0
410050224001036,177,0,0,0
410050224001037,9,0,0,0
410050224001038,3,1,0,1
410050224001039,6,0,1,0
410050224002000,21,0,0,0
410050224002001,118,9,8,15
410050224002002,29,1,5,0
410050224002003,14,0,4,0
410050224002004,10,0,0,0
410050224002005,3,0,0,0
410050224002006,10,0,0,0
410050224002007,28,2,2,0
410050224002008,0,0,0,0
410050224002009,0,0,0,0
410050224002010,24,4,1,1
410050224002011,0,0,0,0
410050224002012,10,0,4,0
410050224002013,43,2,1,5
410050224002014,3,0,0,0
410050224002015,33,3,3,1
410050224002016,12,3,1,0
410050224002017,26,0,0,0
410050224002018,11,0,0,0
410050224002019,3,0,0,2
410050224002020,12,1,0,0
410050224002021,15,0,1,0
410050224002022,14,0,2,0
410050224002023,18,0,3,0
410050224002024,22,0,4,0
410050224002025,11,0,0,0
410050224002026,19,5,1,0
410050224002027,13,2,1,0
410050224002028,16,0,0,1
410050224002029,11,1,0,0
410050224002030,21,0,0,1
410050224002031,20,2,0,0
410050224002032,12,0,0,0
410050224002033,0,0,0,0
410050224002034,14,0,0,0
410050224002035,28,1,1,0
410050224002036,20,0,0,0
410050224002037,18,0,0,0
410050224002038,12,0,0,0
410050224002039,9,0,0,0
410050224002040,11,0,0,0
410050224002041,23,5,2,0
410050224002042,25,2,1,2
410050224002043,6,3,0,0
410050224002044,11,0,0,0
410050224002045,21,4,3,0
410050224002046,14,0,0,0
410050224002047,12,0,2,0
410050224002048,58,2,0,2
410050224002049,18,1,1,1
410050224002050,21,4,7,0
410050224002051,6,0,3,1
410050224002052,50,0,0,0
410050224003000,30,1,5,0
410050224003001,6,0,0,0
410050224003002,14,2,0,1
410050224003003,52,0,4,1
410050224003004,19,0,4,3
410050224003005,14,0,0,0
410050224003006,8,0,3,0
410050224003007,13,0,0,0
410050224003008,23,0,0,3
410050224003009,14,0,1,1
410050224003010,0,0,0,0
410050224003011,10,0,0,0
410050224003012,13,1,0,0
410050224003013,20,1,0,1
410050224003014,8,1,0,0
410050224003015,16,0,0,4
410050224003016,7,0,1,0
410050224003017,8,0,0,0
410050224003018,25,3,2,2
410050224003019,1,0,0,0
410050224003020,21,6,2,0
410050224003021,8,0,0,0
410050224003022,17,0,2,1
410050224003023,2,0,0,0
410050224003024,4,0,0,0
410050224003025,7,0,0,1
410050224003026,13,0,0,0
410050224003027,0,0,0,0
410050224003028,15,0,0,0
410050224003029,10,0,0,1
410050224003030,15,3,2,0
410050224003031,25,0,2,0
410050224003032,14,0,2,0
410050224003033,19,1,0,0
410050224003034,13,1,2,0
410050224003035,20,0,1,0
410050224003036,12,0,0,0
410050224003037,11,0,0,0
410050224003038,9,3,0,4
410050224003039,10,0,0,0
410050224003040,32,1,0,3
410050224003041,31,4,0,0
410050224003042,46,1,0,0
410050224003043,16,3,1,2
410050224003044,27,2,0,0
410050224003045,0,0,0,0
410050224003046,0,0,0,0
410050224003047,0,0,0,0
410050224003048,6,0,0,0
410050224004000,0,0,0,0
410050224004001,0,0,0,0
410050224004002,0,0,0,0
410050224004003,4,0,0,0
410050224004004,0,0,0,0
410050224004005,0,0,0,0
410050224004006,57,0,5,1
410050224004007,0,0,0,0
410050224004008,5,0,0,1
410050224004009,0,0,0,0
410050224004010,0,0,0,0
410050224004011,0,0,0,0
410050224004012,0,0,0,0
410050224004013,0,0,0,0
410050224004014,0,0,0,0
410050224004015,15,0,2,0
410050224004016,9,0,0,0
410050224004017,21,0,0,2
410050224004018,6,4,0,0
410050224004019,23,0,0,0
410050224004020,19,0,0,0
410050224004021,0,0,0,0
410050224004022,19,2,0,2
410050224004023,27,1,1,3
410050224004024,2,0,0,0
410050224004025,0,0,0,0
410050224004026,0,0,0,0
410050224004027,18,0,3,3
410050224004028,7,0,0,0
410050224004029,21,0,0,0
410050224004030,18,3,3,1
410050224004031,0,0,0,0
410050224004032,16,0,0,0
410050224004033,0,0,0,0
410050224004034,0,0,0,0
410050224004035,0,0,0,0
410050224004036,1,0,0,0
410050224004037,17,2,0,1
410050224004038,9,1,2,0
410050224004039,40,0,1,3
410050224004040,19,0,0,0
410050224004041,13,1,0,2
410050224004042,11,1,0,2
410050224004043,8,0,0,0
410050224004044,17,1,0,1
410050224004045,61,3,0,1
410050224004046,8,0,0,0
410050224004047,22,2,0,0
410050224004048,25,0,1,0
410050224004049,19,0,0,0
410050224004050,1,0,0,0
410050224004051,19,0,1,0
410050224004052,0,0,0,0
410050224004053,38,4,5,0
410050224004054,11,0,0,0
410050224004055,0,0,0,0
410050224005000,4,0,0,0
410050224005001,0,0,0,0
410050224005002,0,0,0,0
410050224005003,0,0,0,0
410050224005004,0,0,0,0
410050224005005,0,0,0,0
410050224005006,0,0,0,0
410050224005007,0,0,0,0
410050224005008,0,0,0,0
410050224005009,0,0,0,0
410050224005010,0,0,0,0
410050224005011,8,0,2,0
410050224005012,0,0,0,0
410050224005013,20,0,0,3
410050224005014,0,0,0,0
410050224005015,0,0,0,0
410050224005016,0,0,0,0
410050224005017,0,0,0,0
410050224005018,0,0,0,0
410050224005019,0,0,0,0
410050224005020,0,0,0,0
410050224005021,0,0,0,0
410050224005022,17,1,0,0
410050224005023,18,6,0,0
410050224005024,10,0,0,0
410050224005025,17,4,1,1
410050224005026,27,1,0,5
410050224005027,13,1,0,2
410050224005028,1,0,0,0
410050224005029,17,0,0,0
410050224005030,11,1,4,0
410050224005031,18,0,2,3
410050224005032,49,4,3,0
410050224005033,50,4,1,1
410050224005034,33,1,7,0
410050224005035,24,2,0,9
410050224005036,6,1,1,0
410050224005037,16,2,0,0
410050224005038,25,0,3,0
410050224005039,12,0,0,0
410050224005040,7,0,0,0
410050224005041,7,4,0,0
410050224005042,23,0,0,0
410050224005043,28,0,0,1
410050224005044,21,0,2,0
410050224005045,21,0,0,0
410050224005046,7,1,0,0
410050224005047,10,1,0,0
410050224005048,13,0,1,0
410050224005049,27,0,0,0
410050224005050,3,0,0,0
410050224005051,3,0,0,0
410050224005052,15,0,1,0
410050224005053,14,0,1,0
410050224005054,17,5,0,0
410050224005055,21,0,0,1
410050224005056,17,1,1,0
410050224005057,16,1,0,1
410050224005058,11,0,2,0
410050225011000,0,0,0,0
410050225011001,64,2,0,7
410050225011002,40,0,2,3
410050225011003,27,0,7,0
410050225011004,61,1,8,0
410050225011005,56,4,6,2
410050225011006,44,4,0,0
410050225011007,48,1,2,3
410050225011008,38,2,5,5
410050225011009,0,0,0,0
410050225011010,21,0,2,0
410050225011011,25,1,3,1
410050225011012,42,6,0,0
410050225011013,72,8,1,3
410050225011014,46,4,2,0
410050225011015,73,2,1,1
410050225011016,53,8,1,4
410050225011017,80,1,5,0
410050225011018,36,5,5,1
410050225011019,138,10,5,7
410050225011020,50,0,0,0
410050225011021,103,1,12,2
410050225011022,145,3,13,3
410050225011023,121,7,6,8
410050225011024,198,11,17,9
410050225011025,38,0,0,0
410050225011026,255,26,15,3
410050225011027,49,14,0,0
410050225011028,113,6,3,2
410050225011029,255,8,13,9
410050225011030,71,0,0,4
410050225011031,57,1,7,0
410050225011032,23,0,1,1
410050225012000,14,1,0,0
410050225012001,19,0,1,0
410050225012002,50,0,2,6
410050225012003,37,2,1,0
410050225012004,35,6,5,2
410050225012005,18,0,0,1
410050225012006,19,3,0,0
410050225012007,34,1,0,0
410050225012008,38,4,7,0
410050225012009,139,9,14,6
410050225012010,29,4,2,2
410050225012011,24,1,2,2
410050225012012,103,9,2,4
410050225012013,30,0,0,1
410050225012014,42,1,0,2
410050225012015,51,0,0,2
410050225012016,10,0,0,1
410050225012017,24,2,0,0
410050225012018,19,0,0,0
410050225012019,9,0,1,0
410050225012020,0,0,0,0
410050225012021,27,4,3,1
410050225012022,17,0,0,0
410050225012023,16,0,4,3
410050225012024,13,0,0,0
410050225012025,27,4,1,4
410050225021000,37,2,0,0
410050225021001,19,4,0,0
410050225021002,21,1,1,0
410050225021003,34,1,2,5
410050225021004,52,1,0,0
410050225021005,237,23,7,7
410050225021006,20,0,3,0
410050225021007,20,1,3,0
410050225021008,35,2,2,0
410050225021009,28,3,4,0
410050225021010,38,3,1,0
410050225021011,23,0,0,0
410050225021012,17,0,0,0
410050225021013,22,0,1,2
410050225021014,19,2,0,0
410050225021015,399,18,21,15
410050225021016,7,1,1,0
410050225021017,43,10,3,0
410050225021018,33,1,0,0
410050225021019,22,0,0,5
410050225021020,21,3,0,0
410050225021021,29,4,1,2
410050225022000,716,48,42,24
410050225022001,23,0,0,0
410050225022002,12,0,1,0
410050225022003,26,2,2,0
410050225022004,672,55,40,16
410050225022005,24,4,1,0
410050225022006,59,1,3,4
410050225022007,24,2,1,0
410050225022008,19,2,2,1
410050225022009,70,1,3,1
410050225022010,28,1,1,0
410050225022011,27,0,1,1
410050225022012,40,0,5,3
410050225022013,39,7,0,0
410050225022014,36,0,2,6
410050225022015,19,4,3,0
410050225023000,26,0,1,0
410050225023001,47,9,0,0
410050225023002,10,0,0,2
410050225023003,924,41,45,36
410050225023004,75,8,8,3
410050225023005,87,1,15,3
410050225023006,23,5,1,0
410050225023007,92,4,2,5
410050225023008,74,1,10,1
410050225023009,46,1,0,10
410050225023010,72,3,4,2
410050225023011,22,1,0,1
410050225023012,19,1,2,0
410050226021000,98,0,4,8
410050226021001,65,3,8,0
410050226021002,163,9,8,4
410050226021003,49,3,7,2
410050226021004,54,4,6,1
410050226021005,59,6,4,0
410050226021006,67,6,4,1
410050226021007,33,0,1,2
410050226021008,50,0,0,0
410050226021009,52,0,4,1
410050226021010,70,1,8,1
410050226021011,162,2,6,2
410050226021012,31,1,0,3
410050226021013,11,0,0,0
410050226021014,25,1,2,1
410050226021015,23,5,0,3
410050226021016,61,6,2,0
410050226021017,54,8,3,2
410050226021018,0,0,0,0
410050226021019,112,10,11,5
410050226021020,140,4,17,6
410050226021021,59,3,0,3
410050226021022,42,3,1,4
410050226021023,137,8,9,14
410050226021024,0,0,0,0
410050226021025,9,0,1,1
410050226021026,110,16,1,12
410050226021027,19,0,1,0
410050226021028,24,1,0,0
410050226021029,18,1,0,0
410050226021030,48,7,2,1
410050226021031,35,3,0,0
410050226021032,36,2,1,1
410050226021033,63,1,5,6
410050226022000,253,8,9,10
410050226022001,58,3,1,3
410050226022002,18,1,0,0
410050226022003,71,8,6,5
410050226022004,68,1,5,1
410050226022005,91,2,6,4
410050226022006,68,6,1,3
410050226022007,10,1,0,0
410050226022008,12,3,0,0
410050226022009,0,0,0,0
410050226022010,7,0,1,2
410050226022011,0,0,0,0
410050226022012,0,0,0,0
410050226022013,0,0,0,0
410050226022014,0,0,0,0
410050226022015,9,3,1,0
410050226022016,50,1,4,3
410050226022017,0,0,0,0
410050226022018,169,1,10,1
410050226022019,77,3,2,0
410050226022020,132,7,10,6
410050226022021,55,6,5,1
410050226022022,175,15,14,2
410050226022023,61,1,4,1
410050226022024,91,10,0,11
410050226022025,48,5,2,2
410050226022026,69,4,2,0
410050226022027,74,4,8,0
410050226022028,55,3,1,0
410050226022029,150,6,16,6
410050226022030,17,0,2,0
410050226022031,39,3,0,1
410050226022032,16,2,4,1
410050226022033,0,0,0,0
410050226022034,76,4,1,1
410050226022035,67,0,2,3
410050226022036,81,8,2,0
410050226022037,84,8,3,1
410050226022038,120,1,14,3
410050226022039,50,4,4,3
410050226022040,39,2,7,2
410050226022041,0,0,0,0
410050226022042,36,0,1,0
410050226022043,18,4,0,2
410050226022044,98,8,3,3
410050226022045,44,3,3,0
410050226022046,0,0,0,0
410050226022047,0,0,0,0
410050226022048,0,0,0,0
410050226031000,155,18,8,4
410050226031001,23,0,2,0
410050226031002,59,0,10,2
410050226031003,83,4,6,1
410050226031004,512,33,29,16
410050226031005,40,0,2,0
410050226031006,95,0,3,10
410050226031007,62,2,5,13
410050226031008,36,0,4,1
410050226031009,0,0,0,0
410050226031010,92,5,6,3
410050226031011,51,5,6,1
410050226031012,78,2,10,8
410050226031013,96,0,8,3
410050226031014,66,2,4,3
410050226031015,122,4,15,14
410050226031016,56,7,3,3
410050226031017,41,3,8,1
410050226031018,44,0,0,0
410050226031019,46,4,5,0
410050226031020,16,0,1,1
410050226031021,41,0,1,2
410050226031022,0,0,0,0
410050226031023,106,7,4,2
410050226031024,6,0,0,0
410050226031025,0,0,0,0
410050226031026,22,2,1,0
410050226031027,4,0,0,1
410050226031028,136,4,6,9
410050226031029,47,5,5,6
410050226031030,51,4,3,2
410050226031031,106,6,14,5
410050226031032,54,3,3,5
410050226031033,37,6,0,5
410050226032000,687,66,78,38
410050226032001,21,2,3,0
410050226032002,1,0,0,0
410050226032003,0,0,0,0
410050226032004,0,0,0,0
410050226032005,19,0,0,3
410050226032006,0,0,0,0
410050226032007,0,0,0,0
410050226032008,496,51,32,35
410050226032009,111,11,11,2
410050226032010,121,14,9,6
410050226032011,221,9,8,2
410050226032012,14,0,4,2
410050226051000,0,0,0,0
410050226051001,128,10,14,5
410050226051002,200,14,17,6
410050226051003,0,0,0,0
410050226051004,306,17,30,10
410050226051005,53,2,1,2
410050226051006,37,0,1,4
410050226051007,83,3,12,0
410050226051008,151,11,15,2
410050226051009,116,14,0,18
410050226051010,93,1,0,2
410050226051011,55,7,7,2
410050226051012,136,10,8,3
410050226051013,68,7,10,7
410050226051014,30,3,2,2
410050226051015,70,6,6,4
410050226051016,454,16,4,17
410050226051017,33,0,2,2
410050226052000,305,6,22,12
410050226052001,13,1,0,0
410050226052002,121,15,6,14
410050226052003,20,0,1,0
410050226052004,42,1,0,2
410050226052005,0,0,0,0
410050226052006,112,12,14,2
410050226052007,7,0,1,0
410050226052008,213,9,37,2
410050226052009,27,1,0,0
410050226052010,145,13,14,12
410050226052011,52,7,4,2
410050226052012,56,6,4,1
410050226052013,47,2,4,6
410050226052014,47,2,0,6
410050226052015,272,11,26,23
410050226052016,28,3,4,2
410050226052017,35,1,2,5
410050226052018,85,14,1,2
410050226052019,46,0,2,2
410050226052020,12,3,1,2
410050226052021,29,0,0,0
410050226052022,12,0,0,0
410050226052023,38,1,0,0
410050226052024,59,1,1,0
410050226052025,77,5,9,1
410050226052026,30,2,0,1
410050226052027,0,0,0,0
410050226052028,0,0,0,0
410050226052029,175,15,11,5
410050226052030,51,14,1,2
410050226052031,93,4,0,3
410050226052032,66,1,6,0
410050226052033,6,0,0,0
410050226052034,68,8,1,4
410050226052035,39,4,5,4
410050226052036,0,0,0,0
410050226052037,35,1,2,1
410050226052038,42,2,2,1
410050226052039,191,9,20,7
410050226052040,5,0,0,0
410050226052041,20,0,0,1
410050226052042,4,1,1,0
410050226052043,3,0,0,0
410050226052044,12,1,2,2
410050226052045,21,0,1,0
410050226052046,40,1,0,0
410050226052047,18,0,1,1
410050226052048,24,1,0,0
410050226053000,1008,59,65,32
410050226053001,19,0,3,2
410050226053002,33,0,4,5
410050226053003,66,11,5,6
410050226053004,296,9,4,22
410050226053005,31,4,0,2
410050226053006,19,2,2,0
410050226053007,26,0,3,0
410050226053008,84,2,9,1
410050226053009,109,5,7,3
410050226053010,93,0,1,6
410050226053011,28,5,4,1
410050226053012,44,4,3,0
410050226053013,99,1,1,5
410050226053014,45,0,3,0
410050226053015,24,0,1,0
410050226053016,38,0,6,1
410050226053017,15,0,1,2
410050226053018,121,3,8,0
410050226053019,49,2,2,4
410050226053020,77,13,3,1
410050226054000,197,6,6,2
410050226054001,74,5,3,5
410050226054002,132,7,15,4
410050226054003,47,2,1,0
410050226054004,142,5,4,1
410050226061000,261,22,11,16
410050226061001,78,12,7,1
410050226061002,85,6,2,9
410050226061003,124,9,6,4
410050226061004,48,7,3,1
410050226061005,61,0,3,0
410050226061006,55,2,0,0
410050226061007,168,2,13,11
410050226061008,25,4,3,3
410050226061009,42,2,3,0
410050226061010,119,9,12,4
410050226061011,49,5,0,0
410050226061012,43,0,11,0
410050226061013,124,4,15,0
410050226061014,54,4,10,1
410050226061015,27,5,0,0
410050226061016,155,7,6,8
410050226061017,47,0,0,1
410050226061018,70,3,3,3
410050226062000,111,17,2,4
410050226062001,56,3,4,4
410050226062002,151,9,7,9
410050226062003,26,1,1,0
410050226062004,29,0,0,1
410050226062005,36,1,2,2
410050226062006,43,0,4,5
410050226062007,48,15,4,1
410050226062008,85,2,11,3
410050226062009,394,41,43,9
410050226062010,7,0,0,0
410050226062011,16,0,0,0
410050226062012,37,2,3,0
410050226062013,160,4,13,0
410050226062014,40,0,1,8
410050226062015,12,2,0,0
410050226062016,33,6,2,0
410050226062017,115,5,5,3
410050226062018,0,0,0,0
410050226062019,0,0,0,0
410050226062020,80,1,4,12
410050226062021,144,18,17,2
410050226062022,1,0,0,0
410050226062023,11,0,0,1
410050226062024,58,1,4,7
410050226062025,0,0,0,0
410050226062026,49,1,2,0
410050226062027,76,14,8,2
410050226063000,293,17,24,17
410050226063001,56,6,2,1
410050226063002,37,2,6,3
410050226063003,31,0,5,2
410050226063004,17,0,0,0
410050226063005,317,35,24,2
410050226063006,34,0,4,3
410050226063007,30,6,0,1
410050226063008,104,7,5,13
410050226063009,74,1,0,8
410050226063010,332,23,27,16
410050226063011,40,7,7,0
410050226063012,36,4,1,1
410050226063013,6,0,2,0
410050226063014,2,0,0,1
410050226063015,40,2,0,0
410050226063016,45,0,0,8
410050226063017,60,3,2,1
410050226063018,36,4,0,10
410050226064000,506,50,36,14
410050226064001,284,12,28,10
410050226064002,36,0,4,3
410050226064003,54,1,1,7
410050226064004,30,5,0,0
410050226064005,57,2,9,2
410050227021000,0,0,0,0
410050227021001,0,0,0,0
410050227021002,82,0,9,4
410050227021003,20,0,0,0
410050227021004,37,0,1,0
410050227021005,0,0,0,0
410050227021006,0,0,0,0
410050227021007,0,0,0,0
410050227021008,0,0,0,0
410050227021009,0,0,0,0
410050227021010,15,0,1,0
410050227021011,0,0,0,0
410050227021012,4,0,0,0
410050227021013,18,0,0,1
410050227021014,0,0,0,0
410050227021015,224,7,14,3
410050227021016,0,0,0,0
410050227021017,11,1,0,2
410050227021018,29,2,8,1
410050227021019,0,0,0,0
410050227021020,0,0,0,0
410050227021021,69,6,5,8
410050227021022,51,0,14,1
410050227021023,68,1,2,4
410050227021024,0,0,0,0
410050227021025,179,3,27,0
410050227021026,164,7,15,10
410050227021027,0,0,0,0
410050227021028,0,0,0,0
410050227021029,0,0,0,0
410050227021030,458,44,33,40
410050227021031,14,2,4,1
410050227021032,36,3,1,2
410050227021033,148,19,11,0
410050227021034,116,13,2,9
410050227021035,30,3,1,1
410050227021036,8,1,0,3
410050227021037,21,1,7,0
410050227021038,0,0,0,0
410050227021039,0,0,0,0
410050227021040,0,0,0,0
410050227021041,0,0,0,0
410050227021042,0,0,0,0
410050227022000,0,0,0,0
410050227022001,0,0,0,0
410050227022002,65,0,9,4
410050227022003,408,17,17,31
410050227022004,12,5,1,0
410050227022005,320,6,17,16
410050227022006,135,13,10,5
410050227022007,32,0,1,0
410050227022008,92,3,5,4
410050227022009,24,4,1,0
410050227022010,28,1,1,3
410050227022011,39,0,6,3
410050227022012,28,5,3,0
410050227023000,77,6,13,1
410050227023001,8,1,2,0
410050227023002,43,2,0,2
410050227023003,136,6,2,13
410050227023004,101,9,8,8
410050227023005,212,16,20,1
410050227023006,46,0,0,1
410050227023007,51,1,1,3
410050227023008,5,0,1,0
410050227023009,68,0,1,5
410050227023010,49,1,6,0
410050227023011,37,0,3,2
410050227023012,32,4,1,1
410050227023013,61,4,1,5
410050227023014,92,4,11,1
410050227023015,32,2,4,1
410050227023016,0,0,0,0
410050227024000,7,0,0,0
410050227024001,253,17,19,20
410050227024002,0,0,0,0
410050227024003,0,0,0,0
410050227024004,88,14,3,0
410050227024005,17,1,0,1
410050227024006,98,3,8,4
410050227024007,36,7,1,5
410050227024008,29,3,5,2
410050227024009,172,16,9,2
410050227024010,10,1,0,0
410050227024011,7,0,1,2
410050227024012,37,9,2,0
410050227024013,178,15,16,11
410050227024014,50,5,2,1
410050227024015,84,3,7,1
410050227024016,31,8,0,0
410050227024017,44,3,0,2
410050227024018,0,0,0,0
410050227024019,274,8,19,33
410050227024020,54,5,5,2
410050227024021,40,5,4,3
410050227024022,24,0,0,1
410050227024023,24,1,0,0
410050227024024,0,0,0,0
410050227024025,41,7,10,0
410050227024026,100,12,4,9
410050227024027,52,2,3,0
410050227024028,32,1,1,2
410050227024029,45,4,2,0
410050227024030,27,4,1,0
410050227024031,42,1,3,0
410050227024032,48,5,6,4
410050227025000,8,2,2,1
410050227025001,163,11,17,15
410050227025002,35,5,2,0
410050227025003,113,2,9,0
410050227025004,168,3,2,3
410050227025005,54,1,3,0
410050227025006,39,3,4,2
410050227025007,34,1,6,1
410050227025008,206,10,20,8
410050227025009,88,7,4,3
410050227025010,296,3,10,3
410050227025011,40,5,1,0
410050227025012,0,0,0,0
410050227071000,0,0,0,0
410050227071001,0,0,0,0
410050227071002,0,0,0,0
410050227071003,0,0,0,0
410050227071004,0,0,0,0
410050227071005,0,0,0,0
410050227071006,0,0,0,0
410050227071007,0,0,0,0
410050227071008,0,0,0,0
410050227071009,0,0,0,0
410050227071010,130,3,20,5
410050227071011,12,0,0,1
410050227071012,0,0,0,0
410050227071013,98,4,3,0
410050227071014,162,9,4,11
410050227071015,36,4,0,1
410050227071016,10,1,0,0
410050227071017,53,0,0,4
410050227071018,8,0,0,3
410050227071019,38,5,0,0
410050227071020,37,1,0,0
410050227071021,19,2,1,0
410050227071022,0,0,0,0
410050227071023,0,0,0,0
410050227071024,0,0,0,0
410050227071025,0,0,0,0
410050227071026,0,0,0,0
410050227071027,0,0,0,0
410050227071028,0,0,0,0
410050227071029,0,0,0,0
410050227071030,89,11,14,1
410050227071031,33,4,3,4
410050227071032,0,0,0,0
410050227071033,0,0,0,0
410050227071034,0,0,0,0
410050227071035,30,5,1,4
410050227071036,40,8,5,6
410050227071037,0,0,0,0
410050227071038,23,0,2,0
410050227072000,0,0,0,0
410050227072001,0,0,0,0
410050227072002,0,0,0,0
410050227072003,4,1,1,2
410050227072004,0,0,0,0
410050227072005,22,1,0,5
410050227072006,335,43,30,18
410050227072007,28,0,6,0
410050227072008,43,6,3,0
410050227072009,49,8,2,3
410050227072010,85,4,4,5
410050227072011,19,1,1,1
410050227072012,34,1,1,3
410050227072013,488,47,19,21
410050227072014,124,9,15,3
410050227072015,88,9,5,8
410050227072016,61,8,2,2
410050227072017,46,0,4,5
410050227072018,148,9,6,4
410050227072019,22,1,3,0
410050227072020,20,0,0,0
410050227072021,6,0,2,0
410050227072022,16,2,5,3
410050227072023,22,0,7,0
410050227072024,41,6,2,3
410050227072025,0,0,0,0
410050227072026,6,0,0,0
410050227072027,0,0,0,0
410050227072028,0,0,0,0
410050227072029,226,17,13,9
410050227072030,44,12,7,3
410050227072031,254,19,16,3
410050227073000,49,4,1,2
410050227073001,80,4,16,3
410050227073002,79,3,7,0
410050227073003,37,0,7,4
410050227073004,59,14,9,0
410050227073005,54,10,1,0
410050227073006,80,5,3,10
410050227073007,104,8,8,9
410050227073008,53,11,1,1
410050227073009,119,0,1,1
410050227073010,135,16,12,9
410050227073011,38,2,5,1
410050227073012,48,1,4,0
410050227073013,74,1,9,4
410050227073014,0,0,0,0
410050227073015,0,0,0,0
410050227073016,51,2,5,1
410050227073017,47,4,0,1
410050227073018,130,2,14,0
410050227073019,82,3,7,0
410050227073020,84,3,7,1
410050227073021,100,7,6,0
410050227073022,35,0,3,0
410050227073023,74,1,0,2
410050227073024,39,2,8,0
410050227073025,27,2,2,0
410050227073026,57,1,2,2
410050227073027,72,11,2,7
410050227073028,0,0,0,0
410050227073029,106,25,1,5
410050227073030,91,6,10,11
410050227073031,48,3,0,3
410050227073032,0,0,0,0
410050227073033,34,1,3,2
410050227074000,0,0,0,0
410050227074001,0,0,0,0
410050227074002,12,1,0,1
410050227074003,90,7,9,3
410050227074004,0,0,0,0
410050227074005,0,0,0,0
410050227074006,342,28,22,30
410050227074007,55,2,11,0
410050227074008,43,1,9,0
410050227074009,23,7,5,0
410050227074010,32,2,4,0
410050227074011,26,2,3,0
410050227074012,38,4,0,0
410050227074013,109,6,12,0
410050227074014,90,8,0,5
410050227074015,62,7,3,2
410050227074016,60,1,6,1
410050227074017,34,0,1,0
410050227074018,372,43,12,0
410050227074019,41,9,3,3
410050227074020,49,2,1,0
410050227074021,12,1,2,0
410050227074022,106,5,2,1
410050227074023,148,3,21,2
410050227074024,0,0,0,0
410050227074025,65,0,2,0
410050227074026,243,9,27,4
410050227074027,34,1,3,3
410050227074028,62,1,13,1
410050227074029,8,0,1,2
410050227074030,27,6,3,3
410050227074031,94,4,3,0
410050227074032,49,4,4,2
410050227074033,184,9,6,4
410050227074034,46,4,2,5
410050227074035,19,1,1,2
410050227074036,47,0,4,3
410050227074037,71,7,11,0
410050227074038,32,2,4,2
410050227074039,63,4,9,3
410050227074040,31,0,0,0
410050227074041,0,0,0,0
410050227074042,53,3,1,8
410050227074043,0,0,0,0
410050227074044,65,2,1,4
410050227074045,26,0,0,5
410050227074046,19,0,0,0
410050227074047,69,8,0,6
410050227081000,36,1,1,0
410050227081001,28,1,1,3
410050227081002,225,10,13,7
410050227081003,13,0,2,0
410050227081004,184,17,19,3
410050227081005,64,1,1,4
410050227081006,13,3,3,1
410050227081007,12,1,3,1
410050227081008,23,1,3,0
410050227081009,21,3,1,1
410050227081010,24,0,0,0
410050227081011,0,0,0,0
410050227081012,32,0,0,0
410050227081013,0,0,0,0
410050227081014,15,2,0,1
410050227081015,39,5,8,2
410050227081016,14,4,0,0
410050227081017,68,3,3,5
410050227081018,51,0,16,4
410050227081019,0,0,0,0
410050227081020,0,0,0,0
410050227081021,0,0,0,0
410050227081022,6,0,0,0
410050227081023,6,0,3,0
410050227081024,0,0,0,0
410050227081025,18,0,1,6
410050227081026,15,0,0,0
410050227081027,8,1,2,0
410050227081028,5,1,0,0
410050227081029,20,0,1,2
410050227081030,9,0,0,0
410050227081031,54,1,4,2
410050227081032,43,1,0,5
410050227081033,3,2,0,1
410050227081034,8,0,1,0
410050227081035,41,2,3,2
410050227081036,23,0,0,1
410050227081037,3,0,0,0
410050227081038,5,0,0,0
410050227081039,37,1,5,0
410050227081040,0,0,0,0
410050227081041,45,3,0,0
410050227081042,56,0,0,0
410050227081043,0,0,0,0
410050227081044,25,1,1,0
410050227081045,53,6,0,0
410050227081046,0,0,0,0
410050227081047,0,0,0,0
410050227082000,20,1,0,4
410050227082001,0,0,0,0
410050227082002,0,0,0,0
410050227082003,41,2,3,3
410050227082004,71,9,5,10
410050227082005,343,44,35,9
410050227082006,37,0,3,0
410050227082007,34,1,4,5
410050227082008,30,0,0,9
410050227082009,59,3,4,6
410050227082010,549,31,68,25
410050227082011,378,25,31,9
410050227082012,110,2,17,12
410050227082013,122,8,2,9
410050227082014,64,2,3,8
410050227082015,35,4,0,1
410050227082016,0,0,0,0
410050227082017,0,0,0,0
410050227082018,0,0,0,0
410050227082019,11,1,0,0
410050227082020,310,10,15,16
410050227082021,37,4,1,0
410050227082022,37,3,3,5
410050227082023,48,7,4,6
410050227082024,33,0,1,0
410050227082025,0,0,0,0
410050227082026,33,0,1,0
410050227083000,0,0,0,0
410050227083001,0,0,0,0
410050227083002,0,0,0,0
410050227083003,0,0,0,0
410050227083004,477,12,38,18
410050227083005,0,0,0,0
410050227083006,29,0,1,3
410050227083007,28,2,2,1
410050227083008,0,0,0,0
410050227083009,0,0,0,0
410050227101000,27,3,6,2
410050227101001,193,18,15,2
410050227101002,0,0,0,0
410050227101003,19,0,3,2
410050227101004,44,4,0,6
410050227101005,0,0,0,0
410050227101006,0,0,0,0
410050227101007,185,8,10,13
410050227101008,0,0,0,0
410050227101009,41,1,4,0
410050227101010,240,9,8,2
410050227101011,45,0,0,5
410050227101012,101,2,9,1
410050227101013,0,0,0,0
410050227101014,0,0,0,0
410050227101015,35,1,2,1
410050227101016,0,0,0,0
410050227101017,0,0,0,0
410050227101018,0,0,0,0
410050227101019,0,0,0,0
410050227101020,31,0,1,0
410050227101021,223,25,13,1
410050227101022,176,9,12,12
410050227101023,72,1,2,1
410050227101024,60,2,5,7
410050227101025,216,13,14,0
410050227101026,180,8,5,8
410050227102000,0,0,0,0
410050227102001,635,47,27,34
410050227102002,114,9,7,1
410050227102003,47,5,5,2
410050227102004,115,7,9,1
410050227102005,2,0,1,0
410050227102006,66,5,5,0
410050227102007,21,4,4,0
410050227102008,0,0,0,0
410050227102009,0,0,0,0
410050227102010,7,0,0,0
410050227102011,4,0,1,0
410050228001000,0,0,0,0
410050228001001,0,0,0,0
410050228001002,0,0,0,0
410050228001003,0,0,0,0
410050228001004,0,0,0,0
410050228001005,588,9,3,5
410050228001006,26,0,0,0
410050228001007,86,0,0,1
410050228001008,0,0,0,0
410050228001009,0,0,0,0
410050228001010,76,6,2,1
410050228001011,16,1,0,0
410050228001012,0,0,0,0
410050228001013,0,0,0,0
410050228001014,150,2,0,1
410050228001015,20,0,1,0
410050228001016,16,0,0,2
410050228002000,0,0,0,0
410050228002001,0,0,0,0
410050228002002,192,0,2,1
410050228002003,44,0,1,0
410050228002004,53,1,0,2
410050228002005,51,1,2,0
410050228002006,22,0,0,0
410050228002007,30,0,0,0
410050228002008,0,0,0,0
410050228002009,0,0,0,0
410050228002010,54,0,0,0
410050228002011,7,0,0,0
410050228002012,0,0,0,0
410050228002013,44,0,0,0
410050228002014,0,0,0,0
410050228002015,0,0,0,0
410050228002016,501,3,2,0
410050228002017,78,1,1,1
410050228002018,11,0,0,1
410050228002019,23,0,0,1
410050228002020,0,0,0,0
410050228002021,16,0,0,0
410050228002022,0,0,0,0
410050228002023,10,0,0,0
410050228002024,9,0,0,0
410050228002025,44,0,0,0
410050228002026,212,2,1,0
410050228002027,172,0,1,0
410050228002028,19,1,0,0
410050228002029,0,0,0,0
410050228002030,0,0,0,0
410050228002031,10,0,0,2
410050228002032,31,0,0,0
410050228002033,60,0,0,0
410050228002034,0,0,0,0
410050228002035,0,0,0,0
410050228003000,0,0,0,0
410050228003001,0,0,0,0
410050228003002,301,9,6,5
410050228003003,69,7,8,0
410050228003004,18,0,0,3
410050228003005,13,1,0,2
410050228003006,0,0,0,0
410050228003007,0,0,0,0
410050228003008,17,1,0,0
410050228003009,0,0,0,0
410050228003010,0,0,0,0
410050228003011,0,0,0,0
410050228003012,0,0,0,0
410050228003013,0,0,0,0
410050228003014,115,3,2,3
410050228003015,14,1,0,0
410050228003016,8,0,1,2
410050228003017,34,1,1,0
410050228003018,80,0,3,3
410050228003019,3,0,1,0
410050228003020,23,0,1,0
410050228003021,46,6,1,5
410050228003022,0,0,0,0
410050228003023,22,0,0,0
410050228003024,16,0,0,0
410050228003025,10,0,2,1
410050228003026,10,0,0,0
410050228003027,0,0,0,0
410050228003028,0,0,0,0
410050228004000,0,0,0,0
410050228004001,35,1,2,1
410050228004002,16,0,0,1
410050228004003,0,0,0,0
410050228004004,0,0,0,0
410050228004005,117,7,7,7
410050228004006,30,0,0,0
410050228004007,23,0,0,2
410050228004008,20,4,3,1
410050228004009,0,0,0,0
410050228004010,13,1,3,2
410050228004011,16,0,1,0
410050228004012,0,0,0,0
410050228004013,20,0,1,1
410050228004014,12,0,0,1
410050228004015,0,0,0,0
410050228004016,0,0,0,0
410050228004017,0,0,0,0
410050228004018,80,0,0,0
410050228004019,0,0,0,0
410050228004020,10,0,0,0
410050228004021,0,0,0,0
410050228004022,13,3,5,0
410050228004023,0,0,0,0
410050228004024,14,1,4,0
410050228004025,5,0,1,0
410050228004026,18,0,3,3
410050228004027,11,2,0,0
410050228004028,17,0,0,2
410050228004029,23,2,2,0
410050228004030,37,1,5,2
410050228004031,11,1,0,1
410050228004032,40,3,1,0
410050229011000,46,4,7,1
410050229011001,0,0,0,0
410050229011002,19,4,2,0
410050229011003,247,16,21,11
410050229011004,35,0,1,0
410050229011005,64,0,8,6
410050229011006,42,0,0,0
410050229011007,43,0,0,0
410050229011008,54,11,5,1
410050229011009,109,6,1,5
410050229011010,32,0,1,0
410050229011011,272,13,25,2
410050229011012,17,0,4,0
410050229011013,24,1,1,1
410050229011014,0,0,0,0
410050229011015,13,0,7,0
410050229011016,4,0,0,0
410050229011017,0,0,0,0
410050229011018,0,0,0,0
410050229011019,0,0,0,0
410050229011020,10,0,0,0
410050229012000,4,0,3,0
410050229012001,0,0,0,0
410050229012002,7,1,0,0
410050229012003,227,9,24,6
410050229012004,34,3,0,1
410050229012005,11,0,2,0
410050229012006,28,0,1,0
410050229012007,63,4,2,0
410050229012008,67,3,4,0
410050229012009,65,2,7,3
410050229012010,9,3,2,1
410050229012011,3,0,0,0
410050229012012,0,0,0,0
410050229012013,90,0,17,11
410050229012014,75,8,7,0
410050229012015,56,0,0,10
410050229012016,6,0,0,0
410050229012017,20,1,0,2
410050229012018,156,12,8,9
410050229012019,5,0,0,0
410050229012020,0,0,0,0
410050229012021,14,5,3,0
410050229012022,18,1,0,0
410050229012023,35,0,7,4
410050229012024,71,1,6,9
410050229012025,12,0,6,0
410050229012026,60,2,5,4
410050229012027,44,0,1,6
410050229012028,40,0,1,0
410050229012029,74,4,7,6
410050229012030,44,5,4,0
410050229012031,104,12,13,11
410050229012032,75,16,7,4
410050229012033,50,1,5,7
410050229012034,44,0,3,0
410050229012035,16,1,0,0
410050229012036,35,4,1,2
410050229013000,19,0,0,0
410050229013001,63,0,8,0
410050229013002,10,0,1,0
410050229013003,7,0,0,0
410050229013004,0,0,0,0
410050229013005,0,0,0,0
410050229013006,7,3,0,0
410050229013007,0,0,0,0
410050229013008,393,11,37,5
410050229013009,23,1,2,1
410050229013010,39,3,2,3
410050229013011,30,1,1,0
410050229013012,5,1,0,0
410050229013013,0,0,0,0
410050229013014,0,0,0,0
410050229013015,8,0,2,0
410050229013016,129,2,5,7
410050229013017,10,1,0,3
410050229013018,0,0,0,0
410050229013019,13,1,0,2
410050229013020,145,6,14,2
410050229013021,300,42,27,4
410050229013022,41,1,3,5
410050229013023,32,0,0,0
410050229013024,38,3,7,0
410050229013025,89,6,9,6
410050229013026,26,1,3,3
410050229013027,22,1,1,0
410050229013028,2,0,0,0
410050229013029,0,0,0,0
410050229013030,0,0,0,0
410050229013031,0,0,0,0
410050229013032,4,0,1,0
410050229013033,0,0,0,0
410050229013034,16,2,2,2
410050229013035,0,0,0,0
410050229013036,9,0,1,2
410050229013037,354,8,15,19
410050229013038,0,0,0,0
410050229013039,0,0,0,0
410050229013040,0,0,0,0
410050229013041,0,0,0,0
410050229013042,12,0,0,0
410050229013043,2,0,0,1
410050229041000,487,40,29,34
410050229041001,23,0,9,0
410050229041002,42,3,2,2
410050229041003,35,2,5,0
410050229041004,226,22,11,13
410050229041005,9,1,1,1
410050229041006,109,9,5,2
410050229041007,171,11,12,7
410050229041008,312,12,35,10
410050229041009,92,6,6,1
410050229041010,60,3,9,6
410050229041011,33,1,2,3
410050229041012,28,3,8,1
410050229041013,29,1,3,3
410050229041014,70,3,4,3
410050229041015,222,21,16,12
410050229041016,0,0,0,0
410050229041017,23,2,5,2
410050229041018,27,5,1,0
410050229042000,44,2,3,2
410050229042001,37,1,2,4
410050229042002,21,1,0,1
410050229042003,30,2,3,11
410050229042004,199,4,6,9
410050229042005,103,10,5,4
410050229042006,238,33,28,8
410050229042007,0,0,0,0
410050229042008,14,0,0,0
410050229042009,47,1,6,2
410050229042010,40,1,9,1
410050229042011,74,4,6,4
410050229042012,71,5,10,2
410050229042013,291,26,38,11
410050229042014,68,9,0,0
410050229042015,0,0,0,0
410050229042016,0,0,0,0
410050229042017,0,0,0,0
410050229042018,0,0,0,0
410050229042019,0,0,0,0
410050229042020,101,4,1,2
410050229042021,7,0,0,0
410050229042022,23,1,1,2
410050229042023,23,4,0,2
410050229042024,15,0,1,0
410050229042025,20,1,2,0
410050229042026,18,1,1,0
410050229042027,0,0,0,0
410050229042028,18,1,2,0
410050229042029,26,5,0,1
410050229042030,35,1,3,1
410050229042031,22,1,1,0
410050229042032,32,0,0,5
410050229042033,23,0,1,1
410050229042034,15,0,0,0
410050229042035,15,0,0,0
410050229042036,63,5,4,0
410050229042037,44,1,0,0
410050229042038,0,0,0,0
410050229042039,0,0,0,0
410050229042040,35,0,2,0
410050229042041,13,0,1,0
410050229042042,22,0,4,0
410050229042043,5,2,1,1
410050229051000,0,0,0,0
410050229051001,72,4,3,0
410050229051002,35,0,0,2
410050229051003,0,0,0,0
410050229051004,7,0,0,0
410050229051005,106,3,5,9
410050229051006,0,0,0,0
410050229051007,0,0,0,0
410050229051008,37,2,8,0
410050229051009,71,7,10,5
410050229051010,13,2,3,0
410050229051011,12,0,0,3
410050229051012,5,1,0,1
410050229051013,10,1,1,0
410050229051014,95,7,11,9
410050229051015,62,10,1,0
410050229051016,15,0,4,0
410050229051017,214,0,0,2
410050229051018,31,2,1,0
410050229051019,54,0,0,0
410050229051020,45,5,2,3
410050229051021,0,0,0,0
410050229051022,169,2,16,16
410050229051023,21,1,1,0
410050229051024,80,9,7,6
410050229051025,45,1,0,4
410050229051026,21,5,3,1
410050229051027,14,4,1,0
410050229051028,0,0,0,0
410050229051029,0,0,0,0
410050229051030,0,0,0,0
410050229051031,35,0,2,5
410050229051032,56,3,10,4
410050229051033,51,4,5,5
410050229052000,25,1,0,2
410050229052001,50,0,4,1
410050229052002,140,16,1,6
410050229052003,229,15,5,5
410050229052004,31,1,7,2
410050229052005,14,0,0,0
410050229052006,20,0,0,0
410050229052007,19,0,0,0
410050229052008,0,0,0,0
410050229052009,94,1,7,1
410050229052010,44,2,3,0
410050229052011,9,2,0,0
410050229052012,46,1,4,1
410050229052013,56,4,0,0
410050229052014,52,0,0,5
410050229052015,41,4,6,1
410050229052016,27,2,2,3
410050229052017,59,7,6,0
410050229052018,40,6,3,4
410050229052019,23,0,7,1
410050229052020,28,4,1,1
410050229052021,23,0,0,0
410050229052022,33,2,2,0
410050229052023,76,7,7,0
410050229052024,108,3,6,11
410050229052025,53,7,0,5
410050229052026,47,5,1,0
410050229052027,23,2,2,0
410050229052028,39,1,9,3
410050229052029,0,0,0,0
410050229052030,73,8,4,3
410050229053000,158,20,4,10
410050229053001,139,8,16,0
410050229053002,17,1,1,1
410050229053003,143,3,5,6
410050229053004,73,6,6,4
410050229053005,24,1,3,0
410050229053006,11,1,0,1
410050229053007,81,8,9,0
410050229053008,56,3,0,13
410050229053009,56,7,0,0
410050229053010,81,1,5,2
410050229053011,34,1,5,1
410050229053012,95,7,9,9
410050229053013,269,20,18,22
410050229053014,19,1,1,2
410050229053015,88,1,2,4
410050229053016,47,5,1,1
410050229053017,55,4,6,0
410050229053018,47,3,0,0
410050229053019,22,4,0,1
410050229053020,35,3,0,0
410050229061000,9,0,0,1
410050229061001,22,5,1,2
410050229061002,0,0,0,0
410050229061003,0,0,0,0
410050229061004,41,0,2,2
410050229061005,96,18,3,0
410050229061006,97,9,8,2
410050229061007,51,1,6,5
410050229061008,401,7,15,14
410050229061009,85,1,4,0
410050229061010,56,6,0,0
410050229061011,0,0,0,0
410050229061012,37,0,3,1
410050229061013,64,2,7,2
410050229061014,0,0,0,0
410050229061015,0,0,0,0
410050229061016,0,0,0,0
410050229061017,5,0,1,4
410050229061018,0,0,0,0
410050229061019,23,1,0,0
410050229061020,0,0,0,0
410050229061021,17,0,1,0
410050229061022,68,0,0,0
410050229061023,307,0,2,0
410050229061024,50,0,0,0
410050229061025,118,3,15,7
410050229061026,59,5,4,4
410050229061027,1,0,0,0
410050229061028,0,0,0,0
410050229061029,0,0,0,0
410050229062000,18,5,4,1
410050229062001,17,0,2,2
410050229062002,62,4,2,1
410050229062003,63,10,4,3
410050229062004,260,13,18,15
410050229062005,25,1,3,0
410050229062006,56,0,8,3
410050229062007,33,0,1,0
410050229062008,94,1,9,1
410050229062009,79,3,10,1
410050229062010,53,0,2,6
410050229062011,61,2,1,4
410050229062012,88,6,3,3
410050229062013,58,5,6,0
410050229062014,57,3,9,1
410050229062015,62,3,7,2
410050229062016,73,2,0,5
410050229062017,64,3,1,2
410050229062018,95,5,0,0
410050229062019,44,0,1,1
410050229062020,39,1,2,1
410050229071000,118,13,19,0
410050229071001,2,1,0,1
410050229071002,40,1,7,6
410050229071003,61,0,5,1
410050229071004,144,0,19,0
410050229071005,133,8,6,20
410050229071006,242,15,21,5
410050229071007,51,2,15,0
410050229071008,84,6,5,22
410050229071009,55,1,6,0
410050229071010,40,4,4,1
410050229071011,209,41,12,10
410050229071012,89,11,14,4
410050229071013,27,1,1,0
410050229071014,34,5,1,3
410050229071015,370,21,51,19
410050229071016,0,0,0,0
410050229071017,68,1,1,10
410050229071018,130,18,10,7
410050229071019,87,10,11,1
410050229071020,25,3,3,1
410050229071021,196,14,9,9
410050229071022,68,7,10,4
410050229071023,47,3,6,4
410050229071024,62,2,2,4
410050229072000,10,2,2,0
410050229072001,279,37,11,15
410050229072002,1201,73,95,43
410050229072003,74,8,10,10
410050229072004,53,3,0,4
410050229072005,145,14,13,4
410050229072006,0,0,0,0
410050230011000,544,27,15,20
410050230011001,0,0,0,0
410050230011002,37,1,0,3
410050230011003,17,0,2,0
410050230011004,22,3,1,1
410050230011005,142,6,13,2
410050230011006,0,0,0,0
410050230011007,23,2,1,0
410050230011008,36,0,1,3
410050230011009,27,3,3,1
410050230011010,0,0,0,0
410050230011011,16,4,0,0
410050230011012,16,2,1,1
410050230011013,21,1,7,0
410050230011014,32,0,2,2
410050230011015,172,9,12,3
410050230011016,40,3,5,9
410050230011017,285,19,20,7
410050230011018,0,0,0,0
410050230011019,17,2,0,0
410050230011020,149,6,14,0
410050230011021,58,4,3,0
410050230011022,55,2,4,1
410050230011023,252,14,11,12
410050230011024,54,5,0,2
410050230011025,20,2,2,0
410050230011026,49,0,0,6
410050230011027,75,5,5,8
410050230011028,99,4,0,3
410050230011029,60,5,2,0
410050230012000,553,36,36,10
410050230012001,178,10,8,11
410050230012002,44,4,6,0
410050230012003,16,2,0,1
410050230012004,0,0,0,0
410050230012005,59,2,6,2
410050230012006,68,2,14,1
410050230012007,132,1,4,8
410050230012008,73,1,7,4
410050230012009,106,4,5,5
410050230012010,0,0,0,0
410050230012011,8,0,0,0
410050230021000,3,0,0,0
410050230021001,0,0,0,0
410050230021002,0,0,0,0
410050230021003,0,0,0,0
410050230021004,42,2,1,0
410050230021005,0,0,0,0
410050230021006,149,18,11,3
410050230021007,26,1,1,2
410050230021008,0,0,0,0
410050230021009,35,4,1,3
410050230021010,27,2,1,1
410050230021011,67,7,7,0
410050230021012,41,0,3,0
410050230021013,85,17,8,0
410050230021014,41,3,2,4
410050230021015,70,1,4,1
410050230021016,36,0,0,0
410050230021017,12,4,0,1
410050230021018,309,18,15,14
410050230021019,74,2,4,1
410050230021020,115,10,14,4
410050230021021,32,1,4,0
410050230021022,25,3,1,0
410050230021023,62,2,2,9
410050230021024,137,2,2,7
410050230021025,70,10,5,2
410050230021026,25,0,7,3
410050230021027,215,16,7,6
410050230021028,15,2,1,1
410050230022000,0,0,0,0
410050230022001,0,0,0,0
410050230022002,165,11,8,9
410050230022003,0,0,0,0
410050230022004,15,0,2,1
410050230022005,5,0,1,0
410050230022006,10,1,0,0
410050230022007,9,0,1,0
410050230022008,18,1,0,0
410050230022009,280,4,23,1
410050230022010,2,1,0,0
410050230022011,122,0,2,3
410050230022012,441,19,22,18
410050230022013,7,1,2,1
410050230022014,13,0,0,1
410050230022015,3,0,0,0
410050230022016,16,0,0,5
410050230022017,124,4,2,2
410050230022018,20,1,0,1
410050230022019,23,0,3,0
410050230022020,26,0,3,0
410050230022021,14,1,3,1
410050230022022,17,3,1,2
410050230022023,151,5,9,13
410050230022024,237,17,8,4
410050230022025,195,40,14,1
410050230022026,14,0,1,0
410050230022027,53,3,7,0
410050230022028,77,4,7,6
410050231001000,0,0,0,0
410050231001001,92,1,2,15
410050231001002,31,0,5,0
410050231001003,44,1,2,1
410050231001004,53,6,3,1
410050231001005,0,0,0,0
410050231001006,0,0,0,0
410050231001007,9,2,1,0
410050231001008,118,7,1,4
410050231001009,19,0,1,0
410050231001010,348,17,28,9
410050231001011,97,3,6,0
410050231001012,17,4,0,0
410050231001013,69,16,3,0
410050231001014,15,2,1,0
410050231001015,7,0,0,0
410050231001016,190,15,6,6
410050231001017,32,1,1,1
410050231001018,65,1,0,10
410050231001019,38,8,3,1
410050231001020,11,3,1,0
410050231001021,572,33,22,15
410050231001022,19,1,1,0
410050231001023,0,0,0,0
410050231001024,58,7,2,4
410050231001025,14,2,1,2
410050231001026,54,2,4,0
410050231001027,130,8,11,0
410050231001028,45,0,1,3
410050231001029,247,5,30,1
410050231001030,16,0,2,0
410050231002000,0,0,0,0
410050231002001,207,13,12,9
410050231002002,41,6,4,0
410050231002003,176,5,9,9
410050231002004,58,4,2,0
410050231002005,44,3,1,0
410050231002006,146,2,7,3
410050231002007,10,1,0,0
410050231002008,35,0,1,0
410050231002009,74,5,5,3
410050231002010,30,0,1,1
410050231002011,48,4,1,2
410050231002012,107,6,17,0
410050231002013,33,0,5,1
410050231002014,54,0,2,0
410050231002015,13,1,2,1
410050231002016,41,0,3,2
410050231002017,47,2,0,0
410050231002018,173,3,4,7
410050231002019,168,8,4,6
410050231002020,37,0,1,1
410050231002021,28,3,1,2
410050231002022,36,2,3,1
410050231003000,170,18,4,0
410050231003001,255,13,16,10
410050231003002,0,0,0,0
410050231003003,611,10,30,23
410050231003004,15,0,1,0
410050231003005,88,3,9,0
410050231003006,180,14,12,2
410050231003007,13,1,4,0
410050231003008,196,7,1,16
410050231003009,35,2,9,0
410050231003010,5,0,0,0
410050231003011,51,2,5,0
410050231003012,302,14,16,2
410050231003013,29,0,0,0
410050231003014,97,12,3,4
410050231003015,7,0,1,0
410050231003016,114,12,3,1
410050231003017,60,5,6,1
410050231003018,34,0,1,0
410050231003019,153,5,10,9
410050232011000,548,63,38,9
410050232011001,84,8,9,2
410050232011002,107,2,4,3
410050232011003,14,0,3,0
410050232011004,24,0,3,1
410050232011005,31,1,4,1
410050232011006,11,2,0,1
410050232011007,12,3,0,0
410050232011008,4,0,2,0
410050232011009,27,0,1,1
410050232011010,9,1,0,1
410050232011011,403,40,38,17
410050232011012,26,0,5,2
410050232011013,12,3,1,0
410050232011014,14,4,1,0
410050232011015,7,0,0,0
410050232011016,43,3,5,2
410050232011017,46,5,0,2
410050232011018,0,0,0,0
410050232011019,16,5,1,0
410050232011020,8,0,1,0
410050232011021,13,3,3,0
410050232011022,3,1,0,1
410050232011023,5,0,1,0
410050232011024,16,0,2,0
410050232011025,5,0,0,2
410050232011026,1,0,0,0
410050232011027,10,0,2,0
410050232011028,10,0,0,0
410050232011029,28,0,2,0
410050232011030,7,1,0,0
410050232011031,6,0,0,0
410050232011032,0,0,0,0
410050232011033,49,9,1,7
410050232011034,22,1,0,0
410050232011035,17,0,0,1
410050232011036,98,0,1,2
410050232011037,14,5,3,1
410050232011038,20,1,1,0
410050232011039,33,0,5,0
410050232011040,0,0,0,0
410050232011041,4,0,0,1
410050232011042,0,0,0,0
410050232011043,9,0,0,0
410050232011044,15,3,2,1
410050232011045,0,0,0,0
410050232011046,122,5,7,7
410050232011047,8,0,0,2
410050232011048,0,0,0,0
410050232011049,19,0,2,0
410050232011050,4,0,0,0
410050232011051,12,0,0,0
410050232011052,229,5,12,14
410050232011053,28,1,0,0
410050232011054,11,1,2,0
410050232011055,31,1,7,1
410050232011056,10,1,0,0
410050232011057,27,1,2,1
410050232011058,8,0,0,0
410050232011059,12,0,1,0
410050232011060,8,1,0,0
410050232011061,7,0,2,0
410050232012000,279,25,20,7
410050232012001,82,1,6,0
410050232012002,19,1,0,7
410050232012003,141,8,3,3
410050232012004,25,1,3,0
410050232012005,9,0,1,0
410050232012006,1,0,0,0
410050232012007,23,0,1,1
410050232012008,14,3,4,0
410050232012009,16,1,2,0
410050232012010,0,0,0,0
410050232012011,56,5,13,0
410050232012012,4,0,1,0
410050232012013,2,0,1,0
410050232012014,20,0,5,2
410050232012015,8,1,0,0
410050232012016,20,0,2,0
410050232012017,54,3,3,2
410050232012018,3,0,0,0
410050232012019,8,0,0,0
410050232012020,38,0,2,6
410050232012021,41,0,2,0
410050232012022,9,0,0,1
410050232012023,124,5,6,1
410050232012024,23,0,5,0
410050232012025,54,1,0,1
410050232012026,51,0,1,9
410050232012027,119,9,2,2
410050232012028,169,8,12,8
410050232012029,195,20,4,10
410050232012030,2,1,0,0
410050232012031,0,0,0,0
410050232012032,11,0,0,1
410050232012033,52,4,1,0
410050232012034,59,7,4,1
410050232012035,145,8,9,5
410050232012036,48,0,1,4
410050232012037,246,8,18,9
410050232012038,137,12,7,4
410050232012039,15,4,3,2
410050232012040,24,1,0,0
410050232012041,15,1,1,0
410050232012042,0,0,0,0
410050232012043,72,3,5,7
410050232012044,0,0,0,0
410050232012045,10,0,2,0
410050232012046,2,0,0,0
410050232012047,14,0,0,0
410050232012048,42,1,5,1
410050232012049,7,0,0,0
410050232012050,16,4,0,1
410050232012051,5,0,0,0
410050232012052,8,1,2,2
410050232012053,0,0,0,0
410050232021000,286,13,11,8
410050232021001,25,0,0,1
410050232021002,103,1,8,4
410050232021003,179,6,13,0
410050232021004,50,0,5,0
410050232021005,12,2,0,5
410050232021006,92,0,5,10
410050232021007,158,4,20,3
410050232021008,19,0,2,3
410050232021009,0,0,0,0
410050232021010,50,4,0,2
410050232021011,30,1,1,6
410050232021012,26,1,8,0
410050232022000,232,7,21,4
410050232022001,45,7,1,2
410050232022002,57,2,3,12
410050232022003,125,10,0,0
410050232022004,24,3,5,0
410050232022005,19,3,1,0
410050232022006,120,6,7,2
410050232022007,14,1,1,3
410050232022008,0,0,0,0
410050232022009,145,7,7,5
410050232022010,21,3,2,1
410050232022011,150,15,2,4
410050232022012,14,1,5,0
410050232022013,45,3,3,2
410050232022014,11,0,1,3
410050232022015,20,1,1,0
410050232022016,46,4,0,1
410050232022017,36,0,4,3
410050232022018,0,0,0,0
410050232022019,12,2,1,1
410050232022020,18,2,1,3
410050232022021,17,0,0,0
410050232022022,19,5,5,0
410050232022023,18,4,1,1
410050232022024,86,7,9,0
410050232022025,21,2,0,0
410050232022026,58,2,1,0
410050232022027,18,1,2,0
410050232022028,21,1,0,2
410050232022029,26,0,3,0
410050232022030,52,2,4,0
410050232022031,57,5,4,3
410050232022032,0,0,0,0
410050232022033,0,0,0,0
410050232022034,28,0,3,2
410050232022035,0,0,0,0
410050232022036,0,0,0,0
410050232022037,11,2,2,0
410050232022038,51,4,4,5
410050232022039,45,1,3,6
410050232022040,10,2,0,1
410050232022041,25,0,0,1
410050232022042,0,0,0,0
410050232022043,11,6,0,0
410050232022044,35,0,0,0
410050232022045,36,3,0,0
410050232022046,109,2,3,3
410050232022047,0,0,0,0
410050232022048,0,0,0,0
410050232022049,0,0,0,0
410050232023000,600,44,56,24
410050232023001,39,1,1,8
410050232023002,25,8,3,0
410050232023003,97,8,9,9
410050232023004,24,0,0,4
410050232023005,5,1,1,0
410050232023006,71,10,3,4
410050232023007,144,6,7,18
410050232023008,96,9,4,11
410050232023009,56,0,8,3
410050232023010,109,8,3,1
410050232023011,94,9,1,8
410050232023012,349,46,39,11
410050232023013,56,5,1,7
410050232023014,13,0,0,1
410050232023015,112,4,31,2
410050232023016,36,5,2,0
410050232023017,250,26,24,10
410050232023018,0,0,0,0
410050232023019,0,0,0,0
410050232023020,0,0,0,0
410050232023021,338,29,36,29
410050232023022,118,15,10,5
410050232023023,47,6,7,2
410050232023024,41,1,3,1
410050232023025,98,5,3,5
410050232023026,41,7,3,0
410050232023027,103,8,11,2
410050232023028,0,0,0,0
410050232023029,74,10,0,0
410050232023030,72,2,22,0
410050232023031,114,14,17,4
410050232023032,0,0,0,0
410050232023033,53,1,2,1
410050232024000,0,0,0,0
410050232024001,342,19,21,21
410050232024002,21,2,1,1
410050232024003,0,0,0,0
410050232024004,0,0,0,0
410050232024005,0,0,0,0
410050232024006,5,1,0,0
410050232024007,46,1,4,1
410050232024008,820,67,49,31
410050232024009,66,5,7,8
410050232024010,67,1,7,9
410050232024011,62,7,8,2
410050232024012,70,1,3,0
410050232024013,0,0,0,0
410050232024014,0,0,0,0
410050232024015,0,0,0,0
410050232024016,50,5,1,2
410050232024017,0,0,0,0
410050232024018,0,0,0,0
410050232024019,25,0,0,4
410050232024020,15,1,1,4
410050232024021,45,4,8,1
410050232024022,0,0,0,0
410050232024023,118,11,14,2
410050232024024,15,1,0,2
410050232024025,44,1,1,0
410050232024026,0,0,0,0
410050232024027,0,0,0,0
410050232024028,0,0,0,0
410050232024029,3,1,1,0
410050232024030,8,0,0,0
410050232024031,6,1,0,0
410050232024032,13,5,1,1
410050232024033,0,0,0,0
410050232024034,0,0,0,0
410050233001000,118,10,2,9
410050233001001,192,6,2,2
410050233001002,3,0,0,0
410050233001003,24,1,0,2
410050233001004,0,0,0,0
410050233001005,138,5,11,0
410050233001006,256,16,21,13
410050233001007,38,0,0,0
410050233001008,103,5,15,0
410050233001009,20,0,0,0
410050233001010,16,0,3,0
410050233001011,171,16,22,1
410050233001012,11,0,1,0
410050233001013,116,7,8,4
410050233001014,0,0,0,0
410050233001015,0,0,0,0
410050233001016,0,0,0,0
410050233001017,228,9,15,14
410050233001018,32,0,2,6
410050233001019,32,4,5,2
410050233001020,25,1,2,4
410050233001021,2,0,1,0
410050233001022,27,1,1,0
410050233001023,53,3,4,2
410050233001024,0,0,0,0
410050233001025,0,0,0,0
410050233001026,90,2,9,1
410050233002000,134,5,15,0
410050233002001,13,1,2,0
410050233002002,318,26,12,15
410050233002003,19,1,3,0
410050233002004,51,4,5,2
410050233002005,0,0,0,0
410050233002006,0,0,0,0
410050233002007,37,3,5,0
410050233002008,13,1,1,0
410050233002009,0,0,0,0
410050233002010,26,3,1,0
410050233002011,216,19,14,8
410050233002012,0,0,0,0
410050233002013,0,0,0,0
410050233002014,46,1,1,0
410050233002015,0,0,0,0
410050233002016,103,13,7,0
410050233002017,58,1,7,3
410050233002018,0,0,0,0
410050233002019,0,0,0,0
410050233002020,0,0,0,0
410050233002021,120,7,7,0
410050233002022,183,6,10,15
410050233002023,0,0,0,0
410050233002024,131,4,7,8
410050233002025,0,0,0,0
410050233002026,30,0,2,0
410050233002027,35,2,1,2
410050233002028,36,0,2,0
410050233002029,0,0,0,0
410050233002030,0,0,0,0
410050233002031,32,2,1,0
410050233002032,47,3,1,0
410050233002033,30,3,2,2
410050233002034,17,0,2,1
410050233002035,13,1,0,3
410050233002036,6,0,1,0
410050233002037,21,1,1,2
410050233002038,37,0,0,5
410050233002039,0,0,0,0
410050233002040,0,0,0,0
410050233003000,135,2,15,2
410050233003001,216,16,8,7
410050233003002,0,0,0,0
410050233003003,0,0,0,0
410050233003004,17,1,1,0
410050233003005,408,40,12,3
410050233003006,69,1,3,7
410050233003007,156,4,2,6
410050233003008,15,1,2,3
410050233003009,0,0,0,0
410050233003010,7,0,0,3
410050233004000,8,3,0,0
410050233004001,30,1,4,1
410050233004002,21,2,0,0
410050233004003,0,0,0,0
410050233004004,6,0,1,0
410050233004005,500,9,27,13
410050233004006,18,4,0,4
410050233004007,24,2,2,3
410050233004008,136,7,12,2
410050233004009,33,3,0,0
410050233004010,28,1,0,1
410050234011000,0,0,0,0
410050234011001,131,16,2,0
410050234011002,0,0,0,0
410050234011003,25,2,0,3
410050234011004,53,0,3,1
410050234011005,45,2,4,0
410050234011006,261,16,17,4
410050234011007,54,0,7,7
410050234011008,96,9,10,11
410050234011009,47,9,5,0
410050234011010,90,7,1,2
410050234011011,17,1,0,1
410050234011012,123,2,14,0
410050234011013,19,2,1,1
410050234011014,0,0,0,0
410050234011015,140,10,12,3
410050234011016,88,3,7,3
410050234011017,28,1,0,1
410050234011018,92,2,7,9
410050234011019,103,4,6,2
410050234011020,0,0,0,0
410050234012000,41,1,1,0
410050234012001,16,1,0,3
410050234012002,0,0,0,0
410050234012003,69,9,2,0
410050234012004,45,1,1,1
410050234012005,17,0,0,1
410050234012006,7,1,0,0
410050234012007,108,2,7,12
410050234012008,14,0,1,0
410050234012009,194,14,20,16
410050234012010,34,2,2,4
410050234012011,36,4,4,0
410050234012012,69,2,16,1
410050234012013,108,8,21,1
410050234012014,157,10,3,11
410050234012015,398,18,35,10
410050234012016,86,3,5,2
410050234012017,184,17,6,7
410050234012018,156,1,4,14
410050234012019,23,0,0,5
410050234012020,0,0,0,0
410050234012021,174,7,6,13
410050234012022,153,5,15,0
410050234012023,24,2,1,7
410050234013000,57,0,6,1
410050234013001,139,8,9,6
410050234013002,40,3,4,0
410050234013003,0,0,0,0
410050234013004,161,0,9,13
410050234013005,26,2,7,1
410050234013006,11,2,0,0
410050234013007,106,8,6,1
410050234013008,26,1,3,4
410050234013009,12,0,1,0
410050234013010,0,0,0,0
410050234013011,0,0,0,0
410050234013012,6,2,1,1
410050234013013,0,0,0,0
410050234013014,0,0,0,0
410050234013015,0,0,0,0
410050234013016,62,4,14,3
410050234013017,63,1,8,4
410050234013018,0,0,0,0
410050234013019,0,0,0,0
410050234013020,0,0,0,0
410050234013021,0,0,0,0
410050234013022,51,0,8,0
410050234013023,0,0,0,0
410050234013024,6,1,0,0
410050234013025,14,3,0,1
410050234013026,147,12,16,7
410050234013027,10,2,2,0
410050234013028,50,3,0,3
410050234013029,196,15,9,4
410050234013030,3,0,1,0
410050234013031,79,6,13,1
410050234013032,16,0,1,2
410050234013033,31,4,1,0
410050234013034,29,0,2,1
410050234013035,8,2,0,0
410050234013036,40,2,0,7
410050234031000,224,28,1,8
410050234031001,903,49,60,56
410050234031002,62,12,2,1
410050234031003,60,4,11,1
410050234031004,37,0,0,4
410050234031005,33,5,1,2
410050234031006,267,24,39,6
410050234031007,64,2,9,2
410050234031008,72,4,7,2
410050234031009,80,6,3,2
410050234031010,87,12,5,11
410050234031011,4,0,0,0
410050234031012,0,0,0,0
410050234031013,28,1,0,0
410050234031014,17,2,0,3
410050234031015,5,0,2,0
410050234031016,27,2,5,1
410050234031017,1,1,0,0
410050234031018,72,3,10,3
410050234031019,0,0,0,0
410050234031020,180,5,11,3
410050234031021,4,0,0,0
410050234031022,2,0,0,0
410050234031023,145,12,8,0
410050234031024,5,0,0,0
410050234031025,51,2,8,3
410050234031026,10,0,0,2
410050234031027,0,0,0,0
410050234031028,0,0,0,0
410050234032000,299,36,16,32
410050234032001,36,2,3,2
410050234032002,45,6,2,3
410050234032003,45,1,6,11
410050234032004,32,1,1,1
410050234032005,50,8,6,2
410050234032006,9,0,0,0
410050234032007,0,0,0,0
410050234032008,19,0,0,0
410050234032009,47,7,3,0
410050234032010,67,3,8,1
410050234032011,147,19,1,4
410050234032012,370,11,56,5
410050234032013,282,41,29,2
410050234032014,17,0,0,0
410050234032015,8,1,0,0
410050234032016,76,6,3,7
410050234032017,183,26,11,1
410050234032018,35,6,1,0
410050234032019,60,3,2,3
410050234032020,56,1,14,4
410050234032021,37,3,1,9
410050234032022,20,1,3,2
410050234032023,3,0,0,0
410050234032024,11,0,0,2
410050234032025,29,2,1,8
410050234032026,41,4,1,2
410050234032027,56,2,2,0
410050234032028,29,1,4,0
410050234033000,32,4,0,0
410050234033001,50,5,7,1
410050234033002,60,4,3,5
410050234033003,68,10,7,2
410050234033004,0,0,0,0
410050234033005,27,1,2,1
410050234033006,40,1,2,1
410050234033007,32,0,8,0
410050234033008,62,12,5,1
410050234033009,232,33,14,8
410050234033010,30,0,1,2
410050234033011,53,2,0,1
410050234033012,8,4,0,0
410050234033013,23,3,2,0
410050234033014,12,0,1,2
410050234033015,327,22,24,15
410050234033016,32,2,4,5
410050234033017,50,3,7,0
410050234033018,48,2,10,0
410050234033019,24,2,0,0
410050234033020,18,2,0,1
410050234033021,65,3,11,2
410050234033022,84,6,5,10
410050234033023,20,0,0,0
410050234033024,0,0,0,0
410050234033025,20,0,3,0
410050234033026,67,3,4,9
410050234033027,39,5,1,2
410050234033028,0,0,0,0
410050234033029,17,1,0,3
410050234033030,106,15,5,1
410050234033031,0,0,0,0
410050234033032,14,0,0,1
410050234033033,0,0,0,0
410050234033034,29,2,3,0
410050234033035,50,2,5,3
410050234033036,32,1,3,0
410050234033037,18,5,2,0
410050234033038,14,0,0,1
410050234033039,18,1,0,0
410050234033040,37,2,3,0
410050234033041,0,0,0,0
410050234033042,0,0,0,0
410050234033043,13,5,0,0
410050234033044,3,1,0,0
410050234033045,16,0,1,3
410050234033046,6,0,0,1
410050234033047,17,1,0,1
410050234041000,31,2,0,3
410050234041001,54,5,3,4
410050234041002,22,0,0,0
410050234041003,0,0,0,0
410050234041004,0,0,0,0
410050234041005,38,8,2,2
410050234041006,43,6,2,0
410050234041007,0,0,0,0
410050234041008,23,0,5,1
410050234041009,167,10,11,2
410050234041010,0,0,0,0
410050234041011,60,3,9,1
410050234041012,10,0,1,0
410050234041013,32,5,2,1
410050234041014,36,0,0,0
410050234041015,11,0,0,0
410050234041016,158,15,19,16
410050234041017,36,1,4,0
410050234041018,71,12,7,1
410050234041019,28,0,1,5
410050234041020,65,9,3,4
410050234041021,75,1,12,7
410050234041022,31,1,1,0
410050234041023,62,6,10,0
410050234041024,72,5,9,3
410050234041025,91,4,4,4
410050234041026,211,22,11,1
410050234041027,15,2,0,1
410050234041028,71,5,12,0
410050234041029,75,19,6,0
410050234041030,5,0,2,2
410050234041031,4,2,1,1
410050234041032,140,15,6,5
410050234041033,51,2,8,0
410050234041034,90,8,3,5
410050234041035,93,13,5,9
410050234041036,20,5,1,0
410050234041037,74,6,4,2
410050234041038,20,0,1,0
410050234042000,156,4,0,7
410050234042001,0,0,0,0
410050234042002,11,4,1,0
410050234042003,112,2,11,2
410050234042004,98,12,2,0
410050234042005,176,11,13,10
410050234042006,23,0,0,0
410050234042007,68,2,4,0
410050234042008,16,0,0,4
410050234042009,29,1,1,0
410050234042010,41,4,5,3
410050234042011,0,0,0,0
410050234042012,232,15,19,6
410050234042013,76,21,2,2
410050234042014,269,18,18,2
410050234042015,373,12,12,10
410050234042016,63,10,8,0
410050234042017,106,3,11,7
410050234042018,0,0,0,0
410050234042019,71,2,1,0
410050234042020,80,10,6,2
410050234042021,51,0,13,0
410050234042022,183,19,10,1
410050234042023,51,1,2,18
410050234043000,97,9,8,0
410050234043001,11,0,0,0
410050234043002,29,0,5,0
410050234043003,0,0,0,0
410050234043004,355,24,36,8
410050234043005,19,1,1,0
410050234043006,34,1,0,1
410050234043007,59,0,0,0
410050234043008,42,4,1,2
410050234043009,29,0,2,2
410050234043010,0,0,0,0
410050234043011,26,3,2,3
410050234043012,32,0,0,0
410050234043013,51,7,8,0
410050234043014,0,0,0,0
410050234043015,0,0,0,0
410050234043016,5,0,1,0
410050234043017,0,0,0,0
410050234043018,112,0,16,3
410050234043019,0,0,0,0
410050234043020,0,0,0,0
410050234043021,183,5,19,0
410050234043022,8,0,0,0
410050234043023,17,1,7,1
410050234043024,3,0,0,0
410050234043025,25,1,0,0
410050234043026,47,4,0,6
410050234043027,76,7,5,4
410050234043028,36,4,0,3
410050234043029,12,0,0,8
410050234043030,19,1,0,2
410050234043031,7,2,1,0
410050234043032,36,0,0,5
410050234043033,0,0,0,0
410050234043034,5,0,1,0
410050234043035,28,2,1,1
410050234043036,0,0,0,0
410050234043037,0,0,0,0
410050234043038,0,0,0,0
410050234043039,31,2,3,2
410050234043040,0,0,0,0
410050234043041,0,0,0,0
410050234043042,17,2,3,0
410050234043043,0,0,0,0
410050234043044,0,0,0,0
410050234044000,67,1,0,0
410050234044001,77,3,10,3
410050234044002,290,27,16,2
410050234044003,53,9,0,0
410050234044004,66,3,5,1
410050234044005,0,0,0,0
410050234044006,126,8,14,1
410050234044007,62,3,5,12
410050234044008,71,7,4,0
410050234044009,65,2,11,3
410050234044010,95,19,0,1
410050234044011,58,6,2,2
410050234044012,47,0,8,0
410050234044013,69,4,3,12
410050235001000,41,0,4,0
410050235001001,25,0,1,0
410050235001002,10,0,0,3
410050235001003,68,2,3,2
410050235001004,32,0,0,0
410050235001005,0,0,0,0
410050235001006,33,8,2,1
410050235001007,135,0,4,2
410050235001008,19,4,0,3
410050235001009,24,3,4,1
410050235001010,0,0,0,0
410050235001011,5,0,0,1
410050235001012,15,5,1,0
410050235001013,7,2,0,0
410050235001014,0,0,0,0
410050235001015,75,1,1,3
410050235001016,41,0,1,0
410050235001017,74,2,5,1
410050235001018,15,1,2,0
410050235001019,337,7,11,13
410050235001020,46,0,0,2
410050235001021,262,22,17,0
410050235001022,55,3,6,4
410050235001023,21,1,4,1
410050235001024,38,0,1,0
410050235001025,37,1,4,2
410050235001026,120,5,6,7
410050235001027,5,0,0,0
410050235001028,109,3,4,6
410050235001029,28,1,0,3
410050235001030,0,0,0,0
410050235001031,0,0,0,0
410050235001032,5,0,0,0
410050235001033,0,0,0,0
410050235001034,0,0,0,0
410050235001035,46,0,4,3
410050235002000,87,1,9,3
410050235002001,244,3,30,0
410050235002002,40,2,4,3
410050235002003,21,2,2,0
410050235002004,176,5,15,20
410050235002005,15,1,2,0
410050235002006,63,2,4,0
410050235002007,12,2,0,0
410050235002008,365,39,24,17
410050235002009,76,2,3,2
410050235002010,23,1,5,0
410050235002011,10,0,0,0
410050235002012,26,4,2,1
410050235002013,26,4,1,4
410050235002014,35,1,1,1
410050235002015,96,2,13,1
410050235002016,17,1,1,0
410050235002017,22,0,2,0
410050235002018,22,2,1,1
410050235002019,66,2,2,0
410050235002020,22,0,0,0
410050235002021,4,3,0,0
410050235002022,20,2,2,1
410050235002023,58,10,3,0
410050235002024,0,0,0,0
410050235003000,9,0,0,0
410050235003001,2,0,0,0
410050235003002,119,6,10,4
410050235003003,0,0,0,0
410050235003004,38,1,1,0
410050235003005,17,2,3,1
410050235003006,16,0,2,0
410050235003007,0,0,0,0
410050235003008,0,0,0,0
410050235003009,0,0,0,0
410050235003010,40,0,1,3
410050235003011,14,1,1,0
410050235003012,64,0,6,4
410050235003013,0,0,0,0
410050235003014,47,3,0,2
410050235003015,8,0,1,2
410050235003016,66,5,2,1
410050235003017,97,1,0,0
410050235003018,0,0,0,0
410050235003019,0,0,0,0
410050235003020,176,10,3,1
410050235003021,22,0,1,3
410050235003022,28,0,1,0
410050235003023,22,0,0,2
410050235003024,0,0,0,0
410050235003025,25,1,1,2
410050235003026,10,1,1,0
410050235003027,7,0,1,0
410050235003028,9,0,0,0
410050235003029,23,2,4,3
410050235003030,21,4,1,1
410050235003031,4,0,0,0
410050235003032,0,0,0,0
410050235003033,8,0,2,1
410050235003034,0,0,0,0
410050235003035,0,0,0,0
410050235003036,1,0,0,0
410050235003037,12,0,0,0
410050235003038,21,4,1,0
410050235004000,158,2,25,0
410050235004001,0,0,0,0
410050235004002,0,0,0,0
410050235004003,222,20,16,4
410050235004004,43,7,3,0
410050235004005,71,12,8,2
410050235004006,0,0,0,0
410050235004007,234,11,14,15
410050235004008,107,5,9,14
410050235004009,30,1,0,0
410050235005000,87,5,7,3
410050235005001,0,0,0,0
410050235005002,23,0,0,5
410050235005003,17,0,8,1
410050235005004,8,0,0,0
410050235005005,14,2,1,1
410050235005006,10,0,0,1
410050235005007,0,0,0,0
410050235005008,33,1,0,0
410050235005009,132,1,12,5
410050235005010,10,0,0,0
410050235005011,64,1,5,1
410050235005012,0,0,0,0
410050235005013,11,0,1,1
410050235005014,12,0,0,0
410050235005015,114,12,3,1
410050235005016,13,0,0,0
410050235005017,48,1,3,0
410050235005018,192,8,5,18
410050235005019,0,0,0,0
410050235005020,28,0,0,0
410050235005021,64,3,5,0
410050235005022,7,0,0,0
410050235005023,27,1,1,0
410050235005024,8,0,0,0
410050235005025,0,0,0,0
410050235005026,8,1,0,0
410050235005027,55,7,1,3
410050236001000,23,0,1,2
410050236001001,166,7,4,11
410050236001002,0,0,0,0
410050236001003,0,0,0,0
410050236001004,8,1,3,1
410050236001005,0,0,0,0
410050236001006,21,1,0,1
410050236001007,22,0,0,0
410050236001008,59,4,2,9
410050236001009,0,0,0,0
410050236001010,126,4,6,1
410050236001011,138,1,7,6
410050236001012,50,1,1,3
410050236001013,24,4,3,0
410050236001014,205,8,17,3
410050236001015,134,10,8,13
410050236002000,117,2,1,0
410050236002001,128,12,4,4
410050236002002,10,0,0,0
410050236002003,52,5,4,1
410050236002004,149,9,11,2
410050236002005,30,3,3,2
410050236002006,48,1,3,0
410050236002007,0,0,0,0
410050236002008,306,19,10,17
410050236002009,27,6,0,0
410050236002010,26,3,3,0
410050236002011,0,0,0,0
410050236002012,52,0,4,0
410050236002013,31,3,1,3
410050236002014,45,0,0,0
410050236002015,51,0,2,4
410050236002016,11,1,0,0
410050236002017,6,0,0,0
410050236002018,29,2,4,0
410050236002019,103,0,10,3
410050236002020,13,0,0,3
410050236002021,18,0,1,0
410050236002022,9,0,0,0
410050236002023,17,1,1,0
410050236002024,36,2,0,0
410050236002025,0,0,0,0
410050236002026,140,7,7,4
410050236002027,9,1,0,0
410050236002028,33,2,3,2
410050236002029,0,0,0,0
410050236002030,113,4,10,6
410050236002031,12,2,0,0
410050236003000,0,0,0,0
410050236003001,366,22,33,0
410050236003002,23,2,4,1
410050236003003,0,0,0,0
410050236003004,0,0,0,0
410050236003005,12,0,0,0
410050236003006,99,10,9,5
410050236003007,134,7,4,1
410050236003008,2,0,0,0
410050236003009,22,6,1,0
410050236003010,44,0,0,0
410050236003011,32,5,2,1
410050236003012,148,16,2,5
410050236003013,0,0,0,0
410050236003014,63,2,2,6
410050236003015,24,0,1,0
410050236003016,126,11,11,1
410050236003017,0,0,0,0
410050236003018,0,0,0,0
410050236003019,9,0,1,1
410050236003020,100,2,4,11
410050236003021,15,2,0,1
410050236003022,30,3,0,4
410050236003023,7,0,0,0
410050236003024,16,0,0,0
410050236003025,12,0,0,4
410050236003026,82,6,2,2
410050237001000,74,5,3,0
410050237001001,36,0,5,1
410050237001002,51,1,2,1
410050237001003,4,0,0,0
410050237001004,75,1,1,17
410050237001005,73,1,6,3
410050237001006,12,0,0,0
410050237001007,61,6,0,4
410050237001008,12,0,0,0
410050237001009,31,1,0,1
410050237001010,48,1,2,0
410050237001011,105,3,4,1
410050237001012,14,1,2,1
410050237001013,48,6,2,1
410050237001014,6,5,1,0
410050237001015,28,3,3,1
410050237001016,12,0,1,1
410050237001017,5,2,0,0
410050237001018,46,3,0,1
410050237001019,0,0,0,0
410050237001020,26,8,2,0
410050237001021,24,1,3,0
410050237001022,9,0,0,0
410050237001023,0,0,0,0
410050237001024,81,8,8,2
410050237001025,44,2,11,2
410050237001026,10,0,0,0
410050237001027,32,1,0,0
410050237001028,0,0,0,0
410050237001029,30,0,0,0
410050237001030,185,9,10,6
410050237001031,24,0,2,1
410050237001032,17,0,4,2
410050237001033,129,5,1,8
410050237002000,67,7,10,5
410050237002001,77,4,3,12
410050237002002,117,5,2,0
410050237002003,18,0,0,0
410050237002004,71,7,9,3
410050237002005,27,1,1,0
410050237002006,110,11,9,2
410050237002007,56,2,2,0
410050237002008,102,3,12,3
410050237002009,60,8,5,0
410050237002010,115,8,6,10
410050237002011,32,4,0,0
410050237002012,8,0,1,0
410050237002013,19,0,1,0
410050237003000,51,3,3,9
410050237003001,3,0,0,0
410050237003002,143,2,17,2
410050237003003,46,4,2,0
410050237003004,41,2,4,4
410050237003005,19,0,0,3
410050237003006,69,1,11,6
410050237003007,80,1,8,5
410050237003008,19,2,1,2
410050237003009,19,0,2,0
410050237003010,76,2,3,0
410050237003011,52,3,0,3
410050237003012,61,0,10,1
410050237003013,25,4,5,1
410050237003014,92,2,0,0
410050237003015,37,3,2,1
410050237003016,22,2,0,3
410050237003017,61,3,4,0
410050237003018,75,10,0,0
410050237003019,19,1,1,0
410050237003020,4,0,0,0
410050237003021,5,0,3,0
410050237003022,18,1,1,1
410050237003023,0,0,0,0
410050237003024,18,1,1,2
410050237003025,0,0,0,0
410050237003026,13,0,3,1
410050237003027,37,0,0,0
410050237003028,27,0,3,0
410050237003029,5,0,1,0
410050237003030,23,4,0,0
410050237004000,27,0,1,0
410050237004001,17,0,0,0
410050237004002,163,7,4,2
410050237004003,80,2,5,2
410050237004004,22,1,3,1
410050237004005,13,0,2,3
410050237004006,98,3,2,4
410050237004007,82,8,2,0
410050237004008,14,1,0,0
410050237004009,17,0,1,2
410050237004010,119,16,4,0
410050237004011,76,7,0,0
410050237004012,45,7,8,1
410050237004013,18,0,0,0
410050237004014,196,8,7,8
410050237004015,24,0,0,1
410050237004016,31,1,7,0
410050237004017,243,6,17,23
410050237004018,6,0,0,0
410050237004019,26,1,2,0
410050237004020,182,11,5,3
410050237004021,47,1,6,3
410050237004022,17,2,0,0
410050237004023,19,0,0,3
410050237004024,14,0,3,0
410050237004025,10,0,1,0
410050238001000,83,1,2,4
410050238001001,37,4,2,1
410050238001002,24,0,0,0
410050238001003,18,0,1,0
410050238001004,25,5,0,0
410050238001005,244,21,8,6
410050238001006,39,9,4,0
410050238001007,35,3,1,3
410050238001008,55,3,1,6
410050238001009,18,3,0,2
410050238001010,14,0,3,2
410050238001011,4,1,0,0
410050238001012,32,3,2,1
410050238001013,229,11,16,24
410050238001014,12,1,1,2
410050238001015,44,0,7,3
410050238001016,115,8,2,4
410050238001017,0,0,0,0
410050238001018,44,3,4,0
410050238001019,21,3,0,1
410050238001020,0,0,0,0
410050238002000,31,0,2,0
410050238002001,60,3,4,0
410050238002002,129,11,16,2
410050238002003,61,9,5,3
410050238002004,56,5,1,0
410050238002005,90,0,2,4
410050238002006,21,1,0,0
410050238002007,24,0,1,0
410050238002008,73,1,7,2
410050238002009,21,1,4,1
410050238002010,26,0,1,0
410050238002011,20,3,0,1
410050238002012,16,1,2,0
410050238002013,29,1,0,0
410050238002014,6,0,0,0
410050238002015,18,2,3,0
410050238002016,14,0,0,1
410050238002017,11,1,3,0
410050238002018,12,2,2,1
410050238002019,8,0,0,0
410050238002020,13,0,0,0
410050238002021,6,0,0,1
410050238002022,28,4,1,3
410050238002023,11,2,0,0
410050238002024,7,0,1,0
410050238002025,18,2,1,0
410050238002026,48,1,1,0
410050238002027,14,1,0,0
410050238002028,52,5,0,2
410050238002029,33,2,2,0
410050238002030,23,1,2,0
410050238002031,13,2,0,0
410050238003000,110,6,7,0
410050238003001,30,2,4,2
410050238003002,24,3,4,1
410050238003003,69,5,5,0
410050238003004,61,0,3,1
410050238003005,44,4,1,0
410050238003006,57,3,0,0
410050238003007,2,0,1,0
410050238003008,25,0,0,0
410050238003009,23,2,0,3
410050238003010,8,0,0,1
410050238003011,3,0,0,0
410050238003012,17,0,0,1
410050238003013,20,0,5,0
410050238003014,53,2,5,1
410050238003015,12,1,1,2
410050238003016,34,3,0,0
410050238003017,16,2,0,0
410050238003018,14,3,0,1
410050238003019,28,6,1,0
410050238003020,3,0,0,0
410050238003021,9,0,0,0
410050238003022,0,0,0,0
410050238003023,13,1,0,2
410050238003024,47,5,2,8
410050238004000,28,1,2,0
410050238004001,9,0,2,2
410050238004002,10,0,0,1
410050238004003,163,17,9,4
410050238004004,53,8,1,1
410050238004005,111,14,2,1
410050238004006,6,1,0,0
410050238004007,12,0,1,1
410050238004008,18,1,1,0
410050238004009,32,1,8,1
410050238004010,40,1,3,8
410050238004011,118,6,12,6
410050238004012,12,0,0,0
410050238004013,14,0,0,1
410050238004014,64,3,10,0
410050238004015,7,1,3,0
410050238004016,0,0,0,0
410050238004017,0,0,0,0
410050238004018,36,1,4,0
410050238004019,18,3,0,0
410050238004020,21,0,0,0
410050238004021,70,3,1,0
410050238004022,37,2,3,1
410050238004023,0,0,0,0
410050238004024,25,1,0,1
410050238004025,4,2,1,0
410050238004026,20,0,0,0
410050238004027,10,0,0,0
410050238004028,26,0,4,2
410050238004029,102,15,2,3
410050238004030,72,0,11,5
410050238004031,145,6,19,13
410050238004032,0,0,0,0
410050238004033,59,7,1,11
410050238004034,64,5,11,1
410050238004035,20,0,2,1
410050238004036,43,4,4,1
410050238004037,29,2,1,2
410050238004038,24,1,5,1
410050238004039,13,0,0,0
410050238004040,20,0,1,0
410050238004041,59,5,11,3
410050238004042,23,2,0,3
410050238004043,3,0,0,0
410050238004044,24,0,2,1
410050238004045,38,0,5,4
410050238004046,34,2,0,0
410050238004047,0,0,0,0
410050238004048,0,0,0,0
410050238004049,31,1,2,3
410050238004050,8,0,1,0
410050238004051,14,1,2,1
410050238004052,63,3,4,3
410050238004053,41,3,3,1
410050238004054,35,0,3,5
410050238004055,7,0,0,0
410050238004056,23,0,0,2
410050238004057,32,1,2,2
410050238004058,8,1,2,0
410050238004059,5,0,0,1
410050238004060,1,0,0,1
410050238004061,0,0,0,0
410050238004062,6,0,0,1
410050238004063,0,0,0,0
410050238004064,16,0,3,0
410050238004065,12,0,0,0
410050238004066,5,0,0,0
410050238004067,32,3,0,4
410050238004068,38,4,6,4
410050238004069,54,1,5,2
410050238004070,28,3,2,0
410050238004071,5,0,0,0
410050238004072,4,0,0,0
410050238004073,11,0,0,0
410050238004074,13,0,1,1
410050238004075,25,0,0,4
410050238004076,17,1,0,0
410050238004077,31,0,1,1
410050238004078,14,0,0,1
410050238004079,11,0,2,3
410050238004080,19,0,0,0
410050238004081,26,4,4,0
410050238004082,0,0,0,0
410050238004083,47,10,1,1
410050238004084,0,0,0,0
410050238004085,13,0,0,0
410050238004086,43,0,0,0
410050238004087,21,4,2,0
410050238004088,39,5,5,0
410050238004089,9,2,0,1
410050238005000,57,0,1,0
410050238005001,20,0,3,0
410050238005002,18,0,0,4
410050238005003,42,0,1,2
410050238005004,0,0,0,0
410050238005005,0,0,0,0
410050238005006,0,0,0,0
410050238005007,24,0,0,0
410050238005008,34,0,3,4
410050238005009,53,7,6,3
410050238005010,71,4,1,0
410050238005011,21,0,0,0
410050238005012,8,2,0,0
410050238005013,21,0,0,0
410050238005014,21,0,0,0
410050238005015,29,0,2,0
410050238005016,26,0,0,3
410050238005017,37,1,4,3
410050238005018,79,1,8,0
410050238005019,70,2,3,1
410050238005020,28,3,1,1
410050238005021,9,0,1,0
410050238005022,60,3,4,3
410050238005023,45,0,4,1
410050238005024,16,0,2,0
410050238005025,31,4,1,0
410050238005026,29,1,4,0
410050238005027,39,10,6,0
410050238005028,0,0,0,0
410050238005029,59,0,1,0
410050238005030,16,0,1,0
410050238005031,18,1,3,0
410050238005032,118,4,11,10
410050238005033,0,0,0,0
410050238005034,29,1,0,0
410050238005035,42,4,3,2
410050238005036,21,4,3,0
410050238005037,6,0,1,0
410050238005038,15,0,0,0
410050238005039,16,2,2,2
410050239011000,29,0,0,2
410050239011001,89,8,10,6
410050239011002,155,4,14,4
410050239011003,182,8,2,1
410050239011004,114,5,1,0
410050239011005,62,7,6,4
410050239011006,338,19,46,14
410050239011007,98,15,8,7
410050239011008,21,2,1,0
410050239011009,0,0,0,0
410050239011010,25,3,5,0
410050239011011,218,30,22,5
410050239011012,90,4,3,5
410050239011013,164,15,3,3
410050239011014,0,0,0,0
410050239011015,36,5,5,0
410050239011016,71,10,5,9
410050239011017,184,18,12,2
410050239011018,160,9,8,7
410050239011019,31,1,0,5
410050239011020,14,2,2,0
410050239012000,102,6,5,6
410050239012001,42,1,2,1
410050239012002,20,1,2,3
410050239012003,0,0,0,0
410050239012004,278,27,15,15
410050239012005,47,2,5,9
410050239012006,47,5,12,1
410050239012007,45,1,4,1
410050239012008,7,0,1,0
410050239012009,169,5,15,4
410050239012010,52,1,0,0
410050239012011,21,1,0,0
410050239012012,57,5,2,1
410050239013000,120,20,9,3
410050239013001,164,8,25,5
410050239013002,180,12,12,15
410050239013003,83,9,4,5
410050239013004,88,3,14,1
410050239013005,623,52,41,16
410050239013006,78,10,2,0
410050239013007,76,0,3,4
410050239013008,215,22,7,11
410050239014000,11,0,1,0
410050239014001,5,0,0,0
410050239014002,485,62,46,15
410050239014003,166,12,12,11
410050239014004,97,0,9,7
410050239014005,47,2,2,10
410050239014006,97,9,16,7
410050239014007,49,6,8,0
410050239014008,30,3,4,2
410050239014009,38,0,10,0
410050239014010,350,43,36,5
410050239014011,0,0,0,0
410050239014012,33,1,13,2
410050239021000,9,0,1,0
410050239021001,33,2,3,0
410050239021002,12,3,1,3
410050239021003,19,0,1,1
410050239021004,28,0,0,0
410050239021005,111,8,11,3
410050239021006,57,1,7,0
410050239021007,10,2,1,3
410050239021008,13,0,0,0
410050239021009,6,0,0,0
410050239021010,54,2,3,1
410050239021011,33,0,5,1
410050239021012,62,2,8,0
410050239021013,0,0,0,0
410050239021014,48,1,0,0
410050239021015,0,0,0,0
410050239021016,151,12,16,4
410050239021017,23,2,2,0
410050239021018,64,6,9,1
410050239021019,243,13,26,1
410050239021020,15,0,0,0
410050239021021,17,1,0,0
410050239021022,45,5,1,0
410050239021023,589,49,58,40
410050239021024,41,5,3,0
410050239021025,62,6,6,5
410050239021026,161,10,6,11
410050239021027,0,0,0,0
410050239021028,0,0,0,0
410050239021029,16,0,1,0
410050239021030,29,2,1,3
410050239021031,150,20,16,1
410050239021032,227,21,5,17
410050239021033,7,2,1,1
410050239021034,0,0,0,0
410050239022000,87,6,0,1
410050239022001,26,0,0,0
410050239022002,7,1,0,0
410050239022003,0,0,0,0
410050239022004,40,1,1,6
410050239022005,212,9,9,2
410050239022006,32,7,3,1
410050239022007,24,2,3,1
410050239022008,35,2,6,0
410050239022009,0,0,0,0
410050239022010,37,1,0,0
410050239022011,17,2,2,0
410050239022012,18,0,1,1
410050239022013,20,1,1,3
410050239022014,30,1,2,0
410050239022015,32,0,2,7
410050239022016,17,0,3,0
410050239022017,32,5,3,0
410050239022018,16,0,0,3
410050239022019,28,2,1,0
410050239022020,17,0,1,0
410050239022021,9,0,0,0
410050239022022,0,0,0,0
410050239022023,346,43,25,8
410050239022024,55,1,5,7
410050239022025,20,0,0,1
410050239022026,39,0,2,3
410050239022027,9,0,0,1
410050239022028,8,0,0,0
410050239022029,11,2,0,0
410050239022030,64,3,3,0
410050239022031,36,0,0,1
410050239022032,32,3,3,1
410050239022033,9,0,1,2
410050239022034,20,4,1,2
410050239022035,8,2,0,1
410050239022036,13,1,2,0
410050239022037,50,4,6,0
410050239022038,51,1,1,1
410050239022039,52,7,0,0
410050239022040,59,6,5,1
410050239022041,61,6,5,7
410050239023000,79,8,6,4
410050239023001,15,3,1,0
410050239023002,15,3,2,0
410050239023003,24,0,1,0
410050239023004,746,63,29,36
410050239023005,30,1,1,0
410050239023006,25,2,1,6
410050239023007,0,0,0,0
410050239023008,10,2,1,1
410050239023009,9,1,1,0
410050239023010,0,0,0,0
410050239023011,9,2,0,0
410050239023012,36,6,4,0
410050239023013,0,0,0,0
410050239023014,7,2,1,0
410050239023015,0,0,0,0
410050239023016,291,21,21,3
410050239023017,12,2,2,0
410050239023018,18,1,6,0
410050239023019,23,4,0,0
410050239023020,55,5,7,2
410050239023021,0,0,0,0
410050239023022,85,4,2,9
410050239023023,84,4,6,3
410050239023024,66,3,8,0
410050239023025,37,1,2,1
410050240001000,16,1,0,0
410050240001001,35,4,7,1
410050240001002,17,0,3,0
410050240001003,191,13,10,3
410050240001004,61,2,0,2
410050240001005,31,1,3,0
410050240001006,23,0,0,0
410050240001007,94,2,5,0
410050240001008,5,0,0,2
410050240001009,17,0,0,0
410050240001010,43,5,0,0
410050240001011,15,0,0,7
410050240001012,74,7,3,2
410050240001013,4,0,0,0
410050240001014,7,1,1,0
410050240001015,9,2,1,1
410050240001016,37,0,2,3
410050240001017,152,12,19,14
410050240001018,73,4,0,9
410050240001019,14,4,2,0
410050240001020,44,0,0,7
410050240001021,0,0,0,0
410050240001022,86,1,3,3
410050240001023,15,0,2,0
410050240001024,11,0,0,1
410050240001025,9,0,0,0
410050240001026,39,0,0,1
410050240001027,12,0,0,0
410050240001028,7,3,0,0
410050240001029,23,2,1,3
410050240001030,113,13,6,0
410050240001031,38,4,1,4
410050240001032,14,0,0,0
410050240001033,78,8,6,0
410050240001034,0,0,0,0
410050240001035,0,0,0,0
410050240001036,17,0,0,4
410050240001037,7,1,2,0
410050240001038,18,0,0,0
410050240001039,213,8,15,2
410050240001040,17,2,3,0
410050240001041,31,2,4,1
410050240001042,11,2,0,3
410050240001043,4,0,1,1
410050240001044,1,0,0,0
410050240001045,20,5,7,3
410050240001046,10,1,0,1
410050240001047,48,2,0,3
410050240001048,22,0,0,1
410050240001049,20,0,0,0
410050240001050,31,1,0,2
410050240001051,1,0,0,0
410050240001052,4,1,0,0
410050240001053,3,0,0,2
410050240001054,7,0,0,0
410050240001055,7,0,1,2
410050240001056,15,1,2,1
410050240002000,0,0,0,0
410050240002001,0,0,0,0
410050240002002,0,0,0,0
410050240002003,0,0,0,0
410050240002004,0,0,0,0
410050240002005,0,0,0,0
410050240002006,0,0,0,0
410050240002007,0,0,0,0
410050240002008,0,0,0,0
410050240002009,0,0,0,0
410050240002010,0,0,0,0
410050240002011,0,0,0,0
410050240002012,0,0,0,0
410050240002013,1,0,0,0
410050240002014,10,0,0,0
410050240002015,13,0,0,0
410050240002016,3,0,0,0
410050240002017,9,0,0,1
410050240002018,0,0,0,0
410050240002019,0,0,0,0
410050240002020,0,0,0,0
410050240002021,0,0,0,0
410050240002022,0,0,0,0
410050240002023,0,0,0,0
410050240002024,0,0,0,0
410050240002025,0,0,0,0
410050240002026,0,0,0,0
410050240002027,0,0,0,0
410050240002028,0,0,0,0
410050240002029,0,0,0,0
410050240002030,0,0,0,0
410050240002031,0,0,0,0
410050240002032,13,0,1,0
410050240002033,7,0,0,0
410050240002034,10,0,1,0
410050240002035,29,2,4,2
410050240002036,4,0,0,0
410050240002037,10,0,1,0
410050240002038,4,0,0,0
410050240002039,302,20,14,9
410050240002040,18,1,0,0
410050240002041,50,4,1,2
410050240002042,8,2,0,0
410050240002043,32,1,0,0
410050240002044,11,0,1,2
410050240002045,22,0,3,0
410050240002046,38,12,2,1
410050240002047,7,0,0,1
410050240002048,6,1,0,0
410050240002049,21,0,0,0
410050240002050,45,4,0,0
410050240002051,12,2,0,1
410050240002052,0,0,0,0
410050240002053,0,0,0,0
410050240002054,0,0,0,0
410050240002055,14,0,4,0
410050240002056,0,0,0,0
410050240002057,28,0,4,2
410050240002058,38,1,2,0
410050240002059,14,0,6,1
410050240002060,7,0,0,0
410050240002061,4,0,2,0
410050240002062,0,0,0,0
410050240002063,0,0,0,0
410050240002064,0,0,0,0
410050240002065,0,0,0,0
410050240002066,0,0,0,0
410050240002067,0,0,0,0
410050240002068,0,0,0,0
410050240002069,0,0,0,0
410050240002070,0,0,0,0
410050240002071,0,0,0,0
410050240002072,0,0,0,0
410050240002073,0,0,0,0
410050240002074,0,0,0,0
410050240002075,0,0,0,0
410050240002076,0,0,0,0
410050240002077,0,0,0,0
410050240002078,0,0,0,0
410050240002079,0,0,0,0
410050240002080,0,0,0,0
410050240002081,0,0,0,0
410050240002082,0,0,0,0
410050240002083,0,0,0,0
410050240002084,0,0,0,0
410050240002085,0,0,0,0
410050240002086,0,0,0,0
410050240002087,0,0,0,0
410050240002088,0,0,0,0
410050240002089,0,0,0,0
410050240002090,0,0,0,0
410050240002091,0,0,0,0
410050240002092,0,0,0,0
410050240002093,15,0,0,0
410050240002094,18,0,0,1
410050240002095,0,0,0,0
410050240002096,3,0,0,0
410050240002097,12,1,0,0
410050240002098,0,0,0,0
410050240002099,0,0,0,0
410050240002100,0,0,0,0
410050240002101,0,0,0,0
410050240002102,0,0,0,0
410050240002103,0,0,0,0
410050240002104,13,0,7,0
410050240002105,3,0,0,0
410050240002106,3,0,0,0
410050240002107,0,0,0,0
410050240002108,3,0,0,0
410050240002109,0,0,0,0
410050240002110,0,0,0,0
410050240002111,8,0,0,0
410050240002112,0,0,0,0
410050240002113,3,0,0,0
410050240002114,0,0,0,0
410050240002115,0,0,0,0
410050240002116,1,0,0,0
410050240002117,6,0,0,0
410050240002118,0,0,0,0
410050240002119,1,0,0,0
410050240002120,4,0,0,1
410050240002121,7,0,0,0
410050240002122,8,0,0,0
410050240002123,0,0,0,0
410050240002124,0,0,0,0
410050240002125,0,0,0,0
410050240002126,9,0,0,0
410050240002127,0,0,0,0
410050240002128,0,0,0,0
410050240002129,0,0,0,0
410050240002130,0,0,0,0
410050240002131,0,0,0,0
410050240002132,0,0,0,0
410050240002133,0,0,0,0
410050240002134,0,0,0,0
410050240002135,0,0,0,0
410050240002136,0,0,0,0
410050240002137,0,0,0,0
410050240002138,0,0,0,0
410050240002139,0,0,0,0
410050240002140,0,0,0,0
410050240002141,0,0,0,0
410050240002142,0,0,0,0
410050240002143,0,0,0,0
410050240002144,0,0,0,0
410050240002145,0,0,0,0
410050240002146,0,0,0,0
410050240002147,0,0,0,0
410050240002148,0,0,0,0
410050240002149,0,0,0,0
410050240002150,0,0,0,0
410050241001000,67,9,2,8
410050241001001,9,0,0,0
410050241001002,31,8,1,3
410050241001003,0,0,0,0
410050241001004,39,1,3,2
410050241001005,5,0,0,0
410050241001006,64,5,2,1
410050241001007,80,1,1,4
410050241001008,24,2,2,0
410050241001009,0,0,0,0
410050241001010,7,1,1,0
410050241001011,122,10,2,0
410050241001012,16,2,1,1
410050241001013,0,0,0,0
410050241001014,14,0,0,0
410050241001015,89,7,4,2
410050241001016,19,1,3,0
410050241001017,34,0,0,0
410050241001018,4,1,1,0
410050241001019,33,2,5,0
410050241001020,0,0,0,0
410050241001021,128,8,20,0
410050241001022,6,0,0,0
410050241001023,140,15,6,0
410050241001024,34,1,0,1
410050241001025,63,1,2,9
410050241001026,31,1,0,0
410050241001027,2,0,0,0
410050241001028,25,1,0,0
410050241001029,0,0,0,0
410050241001030,26,0,2,1
410050241001031,26,7,1,1
410050241001032,109,1,8,4
410050241001033,47,0,1,2
410050241001034,83,3,10,0
410050241001035,290,16,12,21
410050241001036,12,0,1,2
410050241001037,34,1,0,0
410050241001038,135,5,8,2
410050241001039,25,4,2,0
410050241001040,40,1,2,4
410050241001041,12,0,0,1
410050241001042,0,0,0,0
410050241001043,43,7,1,2
410050241001044,25,4,4,1
410050241002000,45,2,1,5
410050241002001,69,0,3,0
410050241002002,6,0,0,0
410050241002003,16,1,0,1
410050241002004,19,1,1,0
410050241002005,0,0,0,0
410050241002006,108,1,28,4
410050241002007,12,1,1,3
410050241002008,108,8,3,7
410050241002009,26,1,0,1
410050241002010,12,4,0,0
410050241002011,29,1,3,2
410050241002012,97,3,3,0
410050241002013,40,0,3,1
410050241002014,158,8,19,4
410050241002015,10,2,0,3
410050241002016,63,2,8,4
410050241002017,6,0,1,1
410050241002018,0,0,0,0
410050241002019,32,3,2,0
410050241002020,52,5,1,4
410050241002021,13,1,2,0
410050241002022,12,0,3,0
410050241002023,39,1,2,1
410050241002024,21,3,0,0
410050241002025,50,2,4,3
410050241002026,5,0,0,0
410050241002027,15,0,0,0
410050241002028,43,3,2,1
410050241002029,96,3,10,3
410050241002030,8,0,0,0
410050241002031,43,2,0,0
410050241002032,19,0,0,0
410050241002033,15,0,0,0
410050241002034,32,5,2,0
410050241002035,16,0,0,4
410050241002036,13,0,0,2
410050241002037,14,4,2,3
410050241002038,0,0,0,0
410050241002039,22,6,3,0
410050241002040,6,0,0,0
410050241002041,67,10,3,0
410050241002042,20,0,0,0
410050241002043,35,0,1,0
410050241002044,0,0,0,0
410050241002045,16,5,0,0
410050241002046,16,0,0,2
410050241002047,30,1,7,0
410050241002048,24,0,0,0
410050241002049,108,5,1,1
410050241002050,8,0,0,1
410050241002051,4,3,0,0
410050241002052,29,5,0,1
410050241003000,8,4,0,0
410050241003001,6,0,0,0
410050241003002,20,0,0,1
410050241003003,100,5,2,8
410050241003004,47,1,0,3
410050241003005,10,0,0,0
410050241003006,8,0,0,0
410050241003007,0,0,0,0
410050241003008,56,1,2,0
410050241003009,11,0,0,0
410050241003010,17,1,0,2
410050241003011,0,0,0,0
410050241003012,0,0,0,0
410050241003013,0,0,0,0
410050241003014,0,0,0,0
410050241003015,14,2,1,0
410050241003016,0,0,0,0
410050241003017,8,0,0,0
410050241003018,203,7,21,8
410050241003019,8,0,0,1
410050241003020,22,4,4,0
410050241003021,9,0,1,0
410050241003022,34,0,2,1
410050241003023,66,3,10,0
410050241003024,59,4,1,9
410050241003025,14,1,2,2
410050241003026,81,1,6,1
410050241003027,24,2,5,0
410050241003028,0,0,0,0
410050241003029,0,0,0,0
410050241003030,2,1,0,0
410050241003031,87,4,1,2
410050241003032,5,2,0,0
410050241003033,38,1,3,4
410050241003034,6,0,0,1
410050241003035,27,3,1,3
410050241003036,0,0,0,0
410050241003037,0,0,0,0
410050241003038,14,2,0,0
410050241003039,81,6,3,0
410050241003040,0,0,0,0
410050241003041,0,0,0,0
410050241003042,0,0,0,0
410050241003043,159,5,7,8
410050241003044,20,2,3,0
410050241003045,56,2,6,2
410050241003046,13,0,5,0
410050241003047,20,0,2,1
410050241003048,0,0,0,0
410050241003049,0,0,0,0
410050241003050,0,0,0,0
410050241003051,0,0,0,0
410050241003052,0,0,0,0
410050241003053,0,0,0,0
410050241003054,0,0,0,0
410050241003055,0,0,0,0
410050241003056,0,0,0,0
410050241003057,0,0,0,0
410050241003058,0,0,0,0
410050241003059,0,0,0,0
410050241003060,0,0,0,0
410050241003061,0,0,0,0
410050241003062,0,0,0,0
410050241003063,0,0,0,0
410050241003064,0,0,0,0
410050241003065,0,0,0,0
410050241003066,0,0,0,0
410050241003067,0,0,0,0
410050241003068,0,0,0,0
410050241003069,0,0,0,0
410050241003070,0,0,0,0
410050241003071,0,0,0,0
410050241003072,0,0,0,0
410050241003073,0,0,0,0
410050241003074,0,0,0,0
410050241003075,0,0,0,0
410050241003076,0,0,0,0
410050241003077,0,0,0,0
410050241003078,0,0,0,0
410050241003079,0,0,0,0
410050241003080,0,0,0,0
410050241003081,0,0,0,0
410050241003082,0,0,0,0
410050241003083,0,0,0,0
410050241003084,0,0,0,0
410050242001000,15,0,3,1
410050242001001,26,0,2,2
410050242001002,0,0,0,0
410050242001003,48,4,1,1
410050242001004,0,0,0,0
410050242001005,16,3,2,1
410050242001006,33,1,6,3
410050242001007,0,0,0,0
410050242001008,0,0,0,0
410050242001009,45,0,0,1
410050242001010,14,3,0,1
410050242001011,77,13,8,0
410050242001012,39,0,5,1
410050242001013,71,3,9,4
410050242001014,117,2,17,1
410050242001015,125,14,5,1
410050242001016,9,0,0,1
410050242001017,27,1,0,3
410050242001018,0,0,0,0
410050242001019,237,18,10,7
410050242001020,326,6,18,16
410050242001021,9,0,1,0
410050242001022,0,0,0,0
410050242001023,83,3,0,7
410050242001024,13,0,0,1
410050242001025,25,1,3,0
410050242001026,33,8,3,2
410050242001027,19,0,0,0
410050242001028,15,3,1,0
410050242001029,30,7,1,0
410050242001030,7,2,0,0
410050242001031,15,0,3,1
410050242001032,12,0,0,0
410050242001033,16,0,0,1
410050242001034,0,0,0,0
410050242001035,5,1,0,0
410050242001036,18,0,0,0
410050242001037,16,2,2,3
410050242001038,14,1,1,2
410050242001039,11,2,0,0
410050242001040,21,2,0,0
410050242001041,7,0,0,0
410050242001042,9,0,0,0
410050242001043,13,0,1,0
410050242001044,19,0,1,0
410050242001045,16,4,2,2
410050242001046,2,0,1,0
410050242001047,10,0,0,1
410050242001048,14,0,1,2
410050242001049,0,0,0,0
410050242001050,23,1,0,0
410050242001051,8,1,2,0
410050242001052,8,1,0,0
410050242001053,5,0,0,0
410050242001054,6,0,0,0
410050242001055,7,1,0,0
410050242001056,18,1,2,1
410050242001057,29,2,1,1
410050242001058,8,0,0,0
410050242001059,14,2,2,0
410050242001060,6,0,0,0
410050242001061,0,0,0,0
410050242001062,0,0,0,0
410050242001063,0,0,0,0
410050242001064,12,2,0,0
410050242001065,13,0,0,0
410050242001066,0,0,0,0
410050242001067,11,0,0,2
410050242001068,0,0,0,0
410050242001069,20,0,0,1
410050242002000,45,1,0,0
410050242002001,153,2,2,8
410050242002002,165,17,4,1
410050242002003,126,6,12,1
410050242002004,2,1,0,0
410050242002005,51,5,2,0
410050242002006,0,0,0,0
410050242002007,0,0,0,0
410050242002008,0,0,0,0
410050242002009,0,0,0,0
410050242002010,0,0,0,0
410050242002011,0,0,0,0
410050242002012,11,0,0,0
410050242002013,0,0,0,0
410050242002014,39,3,9,0
410050242002015,0,0,0,0
410050242002016,0,0,0,0
410050242002017,15,2,0,1
410050242002018,0,0,0,0
410050242002019,97,7,9,4
410050242002020,131,9,5,5
410050242002021,9,0,0,0
410050242002022,0,0,0,0
410050242002023,109,0,3,0
410050242002024,30,2,0,3
410050242002025,0,0,0,0
410050242002026,0,0,0,0
410050242003000,0,0,0,0
410050242003001,0,0,0,0
410050242003002,207,13,8,7
410050242003003,33,2,3,1
410050242003004,35,1,2,0
410050242003005,0,0,0,0
410050242003006,10,0,0,0
410050242003007,2,0,1,1
410050242003008,128,7,3,0
410050242003009,0,0,0,0
410050242003010,116,10,4,2
410050242003011,130,2,9,3
410050242003012,84,5,10,0
410050242003013,0,0,0,0
410050242003014,0,0,0,0
410050242003015,0,0,0,0
410050242003016,0,0,0,0
410050242003017,7,1,0,0
410050242003018,19,2,2,0
410050242003019,0,0,0,0
410050242003020,0,0,0,0
410050242003021,50,0,5,0
410050242003022,104,16,7,6
410050242004000,113,5,16,1
410050242004001,42,13,2,0
410050242004002,67,1,0,0
410050242004003,17,3,2,2
410050242004004,0,0,0,0
410050242004005,364,44,44,5
410050242004006,5,0,0,0
410050242004007,13,0,1,2
410050242004008,48,0,5,2
410050242004009,20,1,1,0
410050242004010,176,8,6,16
410050242004011,21,1,2,0
410050242004012,27,0,2,2
410050242004013,42,3,9,1
410050242004014,517,47,38,11
410050242004015,26,1,1,0
410050242004016,41,5,2,0
410050242004017,53,0,4,0
410050242004018,18,1,2,4
410050242004019,14,4,2,1
410050242004020,0,0,0,0
410050242004021,21,5,2,0
410050242004022,0,0,0,0
410050242004023,0,0,0,0
410050242005000,20,1,1,0
410050242005001,17,0,1,0
410050242005002,20,2,1,2
410050242005003,8,0,0,2
410050242005004,15,1,0,0
410050242005005,476,36,24,13
410050242005006,78,10,9,0
410050242005007,131,6,17,8
410050242005008,40,6,5,0
410050242005009,74,0,1,5
410050242005010,12,0,2,0
410050242005011,27,2,1,3
410050242005012,100,10,4,1
410050242005013,6,0,0,1
410050242005014,5,0,1,1
410050242005015,150,7,0,9
410050242005016,65,4,10,4
410050242005017,12,0,1,0
410050242005018,31,4,1,4
410050242005019,17,1,0,0
410050242005020,21,0,3,0
410050242005021,27,3,1,2
410050242005022,9,0,4,0
410050242005023,13,1,1,2
410050242005024,10,0,0,0
410050242005025,25,3,3,0
410050242005026,15,3,3,0
410050242005027,46,2,3,1
410050242005028,60,9,2,2
410050242005029,0,0,0,0
410050242005030,11,5,3,1
410050242005031,52,5,2,1
410050242005032,32,0,5,0
410050242005033,70,5,6,3
410050242005034,41,4,0,0
410050242005035,125,9,13,6
410050242005036,0,0,0,0
410050242005037,0,0,0,0
410050242005038,32,2,1,0
410050242005039,24,4,1,5
410050242005040,0,0,0,0
410050242005041,0,0,0,0
410050242005042,0,0,0,0
410050242005043,0,0,0,0
410050242005044,0,0,0,0
410050242005045,0,0,0,0
410050242005046,0,0,0,0
410050242005047,0,0,0,0
410050242005048,0,0,0,0
410050242005049,93,5,8,4
410050243021000,0,0,0,0
410050243021001,198,8,14,9
410050243021002,16,0,1,2
410050243021003,191,8,2,6
410050243021004,32,5,1,0
410050243021005,0,0,0,0
410050243021006,23,0,1,0
410050243021007,23,2,1,1
410050243021008,17,0,0,0
410050243021009,22,1,3,0
410050243021010,20,1,0,1
410050243021011,9,0,1,0
410050243021012,14,4,1,2
410050243021013,225,42,26,20
410050243021014,33,2,4,4
410050243021015,13,1,3,2
410050243021016,203,21,4,0
410050243021017,17,0,1,0
410050243021018,31,3,3,0
410050243021019,36,0,3,0
410050243021020,15,0,0,0
410050243021021,28,6,3,1
410050243021022,10,0,1,0
410050243021023,231,4,23,8
410050243021024,179,7,13,3
410050243021025,40,2,3,4
410050243021026,90,0,0,3
410050243021027,60,4,1,3
410050243021028,0,0,0,0
410050243021029,8,1,0,3
410050243021030,14,1,3,0
410050243021031,26,0,1,0
410050243021032,25,1,3,2
410050243022000,375,19,17,14
410050243022001,97,0,3,15
410050243022002,12,0,0,0
410050243022003,0,0,0,0
410050243022004,242,11,13,5
410050243022005,115,11,12,1
410050243022006,156,10,17,5
410050243022007,180,13,4,0
410050243022008,83,0,3,4
410050243022009,0,0,0,0
410050243022010,14,1,1,0
410050243022011,0,0,0,0
410050243022012,86,0,7,2
410050243022013,82,0,11,1
410050243022014,33,1,0,1
410050243022015,0,0,0,0
410050243022016,21,1,2,0
410050243022017,14,2,0,0
410050243022018,7,1,0,0
410050243022019,10,0,0,0
410050243022020,18,1,6,1
410050243022021,60,0,5,0
410050243022022,70,6,1,5
410050243022023,7,1,0,0
410050243022024,24,2,3,4
410050243022025,79,4,7,3
410050243022026,5,3,0,0
410050243022027,20,1,1,3
410050243023000,94,4,3,4
410050243023001,77,0,0,0
410050243023002,121,1,11,2
410050243023003,81,1,2,9
410050243023004,0,0,0,0
410050243023005,99,3,0,2
410050243023006,4,0,2,0
410050243023007,56,1,11,0
410050243023008,12,0,0,0
410050243023009,16,3,1,1
410050243023010,62,0,2,3
410050243023011,24,1,0,1
410050243023012,154,7,4,3
410050243023013,27,0,2,0
410050243023014,117,0,10,0
410050243023015,0,0,0,0
410050243023016,8,0,0,0
410050243023017,0,0,0,0
410050243023018,0,0,0,0
410050243023019,0,0,0,0
410050243023020,4,0,0,0
410050243023021,5,0,0,0
410050243023022,0,0,0,0
410050243023023,0,0,0,0
410050243023024,0,0,0,0
410050243023025,0,0,0,0
410050243023026,0,0,0,0
410050243023027,0,0,0,0
410050243023028,43,3,1,7
410050243023029,13,0,1,0
410050243023030,0,0,0,0
410050243023031,17,1,0,0
410050243023032,14,0,2,0
410050243023033,133,7,8,8
410050243023034,27,1,6,0
410050243023035,3,0,0,1
410050243023036,2,0,0,1
410050243023037,0,0,0,0
410050243023038,16,0,0,0
410050243023039,10,0,0,0
410050243023040,19,1,1,1
410050243023041,96,2,2,3
410050243023042,77,0,3,0
410050243023043,41,0,1,2
410050243023044,45,1,2,1
410050243023045,0,0,0,0
410050243023046,3,0,1,0
410050243023047,0,0,0,0
410050243023048,0,0,0,0
410050243023049,0,0,0,0
410050243023050,35,3,3,0
410050243023051,9,1,0,0
410050243023052,16,0,1,0
410050243023053,0,0,0,0
410050243023054,17,2,0,1
410050243023055,0,0,0,0
410050243031000,174,8,8,1
410050243031001,49,0,1,1
410050243031002,34,1,0,3
410050243031003,8,2,0,0
410050243031004,0,0,0,0
410050243031005,78,3,0,2
410050243031006,366,8,17,9
410050243031007,67,6,6,2
410050243031008,36,2,1,0
410050243031009,38,1,5,1
410050243031010,10,0,0,0
410050243031011,8,2,0,0
410050243031012,14,0,0,4
410050243031013,13,0,0,0
410050243031014,47,1,1,0
410050243032000,15,0,3,0
410050243032001,13,1,0,1
410050243032002,15,1,2,0
410050243032003,64,0,0,0
410050243032004,12,4,0,0
410050243032005,221,8,8,4
410050243032006,25,2,0,0
410050243032007,65,1,0,0
410050243032008,9,0,0,0
410050243032009,96,9,4,5
410050243032010,1,0,0,1
410050243032011,0,0,0,0
410050243032012,28,0,1,2
410050243032013,10,1,0,1
410050243032014,23,0,0,1
410050243032015,0,0,0,0
410050243032016,36,0,6,2
410050243032017,17,0,1,0
410050243032018,16,1,1,1
410050243032019,0,0,0,0
410050243032020,0,0,0,0
410050243032021,16,5,0,1
410050243033000,10,0,0,0
410050243033001,29,0,0,0
410050243033002,275,8,8,12
410050243033003,26,2,0,0
410050243033004,35,2,4,1
410050243033005,58,6,5,0
410050243033006,79,3,3,2
410050243033007,46,3,5,0
410050243033008,51,3,4,2
410050243033009,38,3,1,2
410050243033010,15,1,1,1
410050243033011,15,0,2,0
410050243033012,51,1,0,0
410050243033013,41,3,1,6
410050243033014,21,2,3,0
410050243033015,35,0,0,0
410050243033016,66,4,1,0
410050243033017,41,2,6,1
410050243033018,23,0,0,1
410050243034000,0,0,0,0
410050243034001,76,5,5,0
410050243034002,27,2,0,1
410050243034003,224,13,12,10
410050243034004,32,0,0,0
410050243034005,15,0,0,0
410050243034006,14,1,0,0
410050243034007,54,3,4,1
410050243034008,99,6,8,1
410050243034009,27,0,0,0
410050243034010,17,0,0,0
410050243041000,0,0,0,0
410050243041001,0,0,0,0
410050243041002,0,0,0,0
410050243041003,0,0,0,0
410050243041004,6,0,0,0
410050243041005,2,0,0,0
410050243041006,0,0,0,0
410050243041007,0,0,0,0
410050243041008,6,0,5,0
410050243041009,2,0,0,0
410050243041010,0,0,0,0
410050243041011,13,0,1,1
410050243041012,1,0,0,0
410050243041013,2,0,0,0
410050243041014,7,0,0,0
410050243041015,4,2,0,0
410050243041016,25,1,2,0
410050243041017,0,0,0,0
410050243041018,0,0,0,0
410050243041019,0,0,0,0
410050243041020,0,0,0,0
410050243041021,4,0,0,0
410050243041022,3,0,1,1
410050243041023,3,0,0,0
410050243041024,0,0,0,0
410050243041025,0,0,0,0
410050243041026,0,0,0,0
410050243041027,0,0,0,0
410050243041028,0,0,0,0
410050243041029,0,0,0,0
410050243041030,0,0,0,0
410050243041031,0,0,0,0
410050243041032,7,1,1,0
410050243041033,0,0,0,0
410050243041034,0,0,0,0
410050243041035,5,0,0,0
410050243041036,15,0,0,0
410050243041037,6,0,0,0
410050243041038,8,0,0,0
410050243041039,9,0,1,0
410050243041040,0,0,0,0
410050243041041,5,0,0,1
410050243041042,5,0,0,0
410050243041043,4,0,0,0
410050243041044,2,0,1,0
410050243041045,20,0,0,0
410050243041046,5,0,0,0
410050243041047,40,1,1,2
410050243041048,0,0,0,0
410050243041049,0,0,0,0
410050243041050,6,0,0,0
410050243041051,0,0,0,0
410050243041052,0,0,0,0
410050243041053,0,0,0,0
410050243041054,0,0,0,0
410050243041055,3,0,0,2
410050243041056,1,0,0,0
410050243041057,3,0,0,0
410050243041058,0,0,0,0
410050243041059,0,0,0,0
410050243041060,63,1,5,1
410050243041061,1,0,0,0
410050243041062,25,0,0,0
410050243041063,9,1,1,3
410050243041064,10,2,1,0
410050243041065,3,0,0,0
410050243041066,8,1,2,0
410050243041067,15,0,0,0
410050243041068,0,0,0,0
410050243041069,45,0,1,0
410050243041070,14,0,2,0
410050243041071,3,0,0,1
410050243041072,0,0,0,0
410050243041073,0,0,0,0
410050243041074,0,0,0,0
410050243041075,5,0,0,0
410050243041076,0,0,0,0
410050243041077,0,0,0,0
410050243041078,0,0,0,0
410050243041079,0,0,0,0
410050243041080,2,0,1,0
410050243041081,0,0,0,0
410050243041082,0,0,0,0
410050243041083,0,0,0,0
410050243041084,0,0,0,0
410050243041085,0,0,0,0
410050243041086,0,0,0,0
410050243041087,8,0,0,0
410050243041088,5,0,0,0
410050243041089,0,0,0,0
410050243041090,8,2,0,0
410050243041091,1,0,0,0
410050243041092,2,0,0,0
410050243041093,0,0,0,0
410050243041094,0,0,0,0
410050243041095,3,0,0,0
410050243041096,11,1,0,0
410050243041097,5,0,0,0
410050243041098,0,0,0,0
410050243041099,12,1,3,2
410050243041100,0,0,0,0
410050243041101,1,1,0,0
410050243041102,0,0,0,0
410050243041103,0,0,0,0
410050243041104,3,0,0,0
410050243041105,7,1,1,2
410050243041106,0,0,0,0
410050243041107,10,0,0,0
410050243041108,2,0,0,1
410050243041109,0,0,0,0
410050243041110,24,0,0,0
410050243041111,10,0,0,0
410050243041112,1,0,0,0
410050243041113,5,0,0,0
410050243041114,18,0,0,0
410050243042000,0,0,0,0
410050243042001,1,0,0,0
410050243042002,8,0,2,0
410050243042003,0,0,0,0
410050243042004,0,0,0,0
410050243042005,32,0,2,0
410050243042006,167,7,12,6
410050243042007,9,0,0,0
410050243042008,6,0,0,0
410050243042009,0,0,0,0
410050243042010,4,0,1,0
410050243042011,24,0,1,0
410050243042012,0,0,0,0
410050243042013,60,2,1,4
410050243042014,1,0,0,0
410050243042015,72,7,1,0
410050243042016,0,0,0,0
410050243042017,61,0,7,0
410050243042018,15,0,0,0
410050243042019,14,0,0,0
410050243042020,0,0,0,0
410050243042021,0,0,0,0
410050243042022,0,0,0,0
410050243042023,0,0,0,0
410050243042024,0,0,0,0
410050243042025,0,0,0,0
410050243043000,0,0,0,0
410050243043001,0,0,0,0
410050243043002,0,0,0,0
410050243043003,3,0,0,2
410050243043004,8,1,0,0
410050243043005,0,0,0,0
410050243043006,1,0,0,0
410050243043007,9,0,3,0
410050243043008,0,0,0,0
410050243043009,0,0,0,0
410050243043010,5,0,0,0
410050243043011,0,0,0,0
410050243043012,0,0,0,0
410050243043013,0,0,0,0
410050243043014,0,0,0,0
410050243043015,0,0,0,0
410050243043016,0,0,0,0
410050243043017,0,0,0,0
410050243043018,0,0,0,0
410050243043019,0,0,0,0
410050243043020,0,0,0,0
410050243043021,0,0,0,0
410050243043022,0,0,0,0
410050243043023,0,0,0,0
410050243043024,0,0,0,0
410050243043025,0,0,0,0
410050243043026,0,0,0,0
410050243043027,0,0,0,0
410050243043028,0,0,0,0
410050243043029,0,0,0,0
410050243043030,0,0,0,0
410050243043031,0,0,0,0
410050243043032,0,0,0,0
410050243043033,0,0,0,0
410050243043034,0,0,0,0
410050243043035,0,0,0,0
410050243043036,0,0,0,0
410050243043037,0,0,0,0
410050243043038,0,0,0,0
410050243043039,1,0,0,0
410050243043040,6,0,1,0
410050243043041,20,4,2,0
410050243043042,0,0,0,0
410050243043043,0,0,0,0
410050243043044,0,0,0,0
410050243043045,14,1,0,1
410050243043046,70,0,1,0
410050243043047,6,0,0,0
410050243043048,16,1,0,0
410050243043049,0,0,0,0
410050243043050,6,0,0,0
410050243043051,151,12,7,1
410050243043052,26,0,0,3
410050243043053,11,0,0,0
410050243043054,17,1,0,0
410050243043055,27,1,1,0
410050243043056,17,0,0,0
410050243043057,0,0,0,0
410050243043058,0,0,0,0
410050243043059,8,2,0,2
410050243043060,23,3,0,3
410050243043061,3,0,0,0
410050243043062,11,0,1,0
410050243043063,0,0,0,0
410050243043064,4,0,0,0
410050243043065,8,0,0,0
410050243043066,20,1,0,1
410050243043067,29,0,0,0
410050243043068,11,0,0,0
410050243043069,1,0,0,0
410050243043070,10,2,0,0
410050243043071,13,0,0,2
410050243043072,11,1,1,2
410050243043073,0,0,0,0
410050243043074,0,0,0,0
410050243043075,47,2,7,2
410050243043076,50,0,5,0
410050243043077,40,0,2,2
410050243043078,15,0,3,1
410050243043079,0,0,0,0
410050243043080,12,2,1,0
410050243043081,0,0,0,0
410050243043082,6,0,1,0
410050243043083,16,0,1,1
410050243043084,5,0,0,0
410050243043085,17,0,0,0
410050243043086,0,0,0,0
410050243043087,0,0,0,0
410050243043088,49,4,0,0
410050243043089,22,0,0,0
410050243043090,18,0,2,0
410050243043091,10,0,0,0
410050243043092,44,0,0,0
410050243043093,107,7,2,6
410050243043094,0,0,0,0
410050243043095,34,0,0,0
410050243043096,16,3,0,0
410050243043097,3,0,1,1
410050243043098,0,0,0,0
410050243043099,26,1,0,0
410050243043100,7,0,0,0
410050243043101,0,0,0,0
410050243043102,2,0,0,0
410050243043103,0,0,0,0
410050243043104,0,0,0,0
410050243043105,0,0,0,0
410050243043106,0,0,0,0
410050243043107,2,0,0,0
410050243043108,25,0,0,0
410050243043109,4,1,0,0
410050243043110,5,1,0,0
410050243043111,9,0,0,0
410050243043112,14,0,0,0
410050243043113,0,0,0,0
410050243043114,0,0,0,0
410050243043115,0,0,0,0
410050243043116,0,0,0,0
410050243043117,0,0,0,0
410050243043118,0,0,0,0
410050243043119,0,0,0,0
410050243043120,0,0,0,0
410050243043121,30,0,2,3
410050243043122,0,0,0,0
410050243043123,0,0,0,0
410050243043124,11,0,0,0
410050243043125,0,0,0,0
410050243043126,0,0,0,0
410050243043127,0,0,0,0
410050243043128,3,0,0,0
410050243043129,0,0,0,0
410050243043130,1,0,0,1
410050243043131,0,0,0,0
410050243043132,0,0,0,0
410050243043133,0,0,0,0
410050244011000,8,0,3,0
410050244011001,48,4,1,2
410050244011002,20,2,2,5
410050244011003,136,8,10,13
410050244011004,150,14,12,9
410050244011005,31,3,7,2
410050244011006,170,12,19,5
410050244011007,28,2,5,1
410050244011008,48,6,3,7
410050244011009,221,10,18,28
410050244011010,146,12,17,6
410050244011011,115,4,9,4
410050244011012,124,13,6,3
410050244011013,186,5,18,2
410050244012000,568,49,75,21
410050244012001,54,5,4,0
410050244012002,106,4,5,0
410050244012003,79,8,2,5
410050244012004,132,0,1,23
410050244012005,411,14,27,0
410050244012006,69,1,5,9
410050244012007,47,0,6,4
410050244012008,192,8,7,8
410050244012009,170,0,9,11
410050244012010,144,16,8,5
410050244012011,101,6,2,8
410050244021000,7,0,2,0
410050244021001,267,17,9,3
410050244021002,191,5,9,10
410050244021003,170,9,4,4
410050244021004,46,4,3,0
410050244021005,0,0,0,0
410050244021006,0,0,0,0
410050244021007,0,0,0,0
410050244021008,374,28,35,25
410050244021009,63,9,1,0
410050244021010,48,1,6,3
410050244021011,56,2,3,7
410050244021012,43,9,4,1
410050244021013,18,0,1,2
410050244021014,57,3,0,2
410050244021015,61,0,6,1
410050244021016,0,0,0,0
410050244021017,35,1,3,1
410050244021018,0,0,0,0
410050244021019,0,0,0,0
410050244021020,0,0,0,0
410050244021021,0,0,0,0
410050244022000,1160,66,57,40
410050244022001,37,1,9,2
410050244022002,64,5,1,1
410050244022003,75,7,10,0
410050244022004,50,0,6,5
410050244022005,139,4,4,4
410050244022006,61,7,7,6
410050244022007,94,5,2,3
410050244022008,210,6,7,2
410050244023000,924,53,45,31
410050244023001,134,16,9,4
410050244023002,10,1,1,0
410050244023003,174,2,0,0
410050244023004,0,0,0,0
410050244023005,0,0,0,0
410050244023006,225,3,11,3
410050244023007,0,0,0,0
410050244023008,0,0,0,0
410050244023009,0,0,0,0
410050244023010,15,0,2,1
410050244023011,291,14,16,2
410050244023012,16,0,2,4
410059800001000,0,0,0,0
410059800001001,0,0,0,0
410059800001002,0,0,0,0
410059800001003,0,0,0,0
410059800001004,0,0,0,0
410059800001005,0,0,0,0
410059800001006,0,0,0,0
410059800001007,0,0,0,0
410059800001008,0,0,0,0
410059800001009,0,0,0,0
410059800001010,0,0,0,0
410059800001011,0,0,0,0
410059800001012,0,0,0,0
410059800001013,0,0,0,0
410059800001014,0,0,0,0
410059800001015,0,0,0,0
410059800001016,0,0,0,0
410059800001017,0,0,0,0
410059800001018,6,0,0,1
410059800001019,0,0,0,0
410059800001020,0,0,0,0
410059800001021,0,0,0,0
410059800001022,0,0,0,0
410059800001023,0,0,0,0
410059800001024,0,0,0,0
410059800001025,0,0,0,0
410059800001026,0,0,0,0
410059800001027,0,0,0,0
410059800001028,0,0,0,0
410059800001029,0,0,0,0
410059800001030,4,1,0,0
410059800001031,0,0,0,0
410059800001032,0,0,0,0
410059800001033,0,0,0,0
410059800001034,0,0,0,0
410059800001035,0,0,0,0
410059800001036,0,0,0,0
410059800001037,0,0,0,0
410059800001038,0,0,0,0
410059800001039,0,0,0,0
410059800001040,0,0,0,0
410059800001041,0,0,0,0
410059800001042,0,0,0,0
410059800001043,0,0,0,0
410059800001044,0,0,0,0
410059800001045,0,0,0,0
410059800001046,0,0,0,0
410059800001047,0,0,0,0
410059800001048,0,0,0,0
410059800001049,0,0,0,0
410059800001050,0,0,0,0
410059800001051,0,0,0,0
410059800001052,0,0,0,0
410059800001053,3,0,0,0
410059800001054,0,0,0,0
410059800001055,0,0,0,0
410059800001056,0,0,0,0
410059800001057,0,0,0,0
410059800001058,0,0,0,0
410059800001059,0,0,0,0
410059800001060,0,0,0,0
410059800001061,0,0,0,0
410059800001062,0,0,0,0
410059800001063,0,0,0,0
410059800001064,0,0,0,0
410059800001065,0,0,0,0
410059800001066,0,0,0,0
410059800001067,0,0,0,0
410059800001068,0,0,0,0
410059800001069,0,0,0,0
410059800001070,0,0,0,0
410059800001071,0,0,0,0
410059800001072,0,0,0,0
410059800001073,0,0,0,0
410059800001074,0,0,0,0
410059800001075,0,0,0,0
410059800001076,0,0,0,0
410059800001077,0,0,0,0
410059800001078,0,0,0,0
410059800001079,0,0,0,0
410059800001080,0,0,0,0
410059800001081,0,0,0,0
410059800001082,0,0,0,0
410059800001083,0,0,0,0
410059800001084,0,0,0,0
410059800001085,0,0,0,0
410059800001086,0,0,0,0
410059800001087,0,0,0,0
410059800001088,0,0,0,0
410059800001089,0,0,0,0
410059800001090,0,0,0,0
410059800001091,0,0,0,0
410059800001092,0,0,0,0
410059800001093,0,0,0,0
410059800001094,0,0,0,0
410059800001095,0,0,0,0
410059800001096,0,0,0,0
410059800001097,0,0,0,0
410059800001098,0,0,0,0
410059800001099,0,0,0,0
410059800001100,0,0,0,0
410059800001101,0,0,0,0
410059800001102,0,0,0,0
410059800001103,0,0,0,0
410059800001104,0,0,0,0
410059800001105,0,0,0,0
410059800001106,0,0,0,0
410059800001107,0,0,0,0
410059800001108,0,0,0,0
410059800001109,0,0,0,0
410059800001110,0,0,0,0
410059800001111,0,0,0,0
410059800001112,0,0,0,0
410059800001113,0,0,0,0
410059800001114,0,0,0,0
410059800001115,0,0,0,0
410059800001116,0,0,0,0
410059800001117,0,0,0,0
410059800001118,0,0,0,0
410059800001119,0,0,0,0
410059800001120,0,0,0,0
410059800001121,0,0,0,0
410059800001122,62,3,3,0
410059800001123,0,0,0,0
410059800001124,7,0,0,1
410059800001125,0,0,0,0
410059800001126,0,0,0,0
410059800001127,0,0,0,0
410059800001128,0,0,0,0
410059800001129,0,0,0,0
410059800001130,0,0,0,0
410059800001131,0,0,0,0
410059800001132,0,0,0,0
410059800001133,0,0,0,0
410059800001134,0,0,0,0
410059800001135,0,0,0,0
410059800001136,0,0,0,0
410059800001137,0,0,0,0
410059800001138,0,0,0,0
410059800001139,0,0,0,0
410059800001140,0,0,0,0
410059800001141,0,0,0,0
410059800001142,0,0,0,0
410059800001143,0,0,0,0
410059800001144,0,0,0,0
410059800001145,0,0,0,0
410059800001146,0,0,0,0
410059800001147,0,0,0,0
410059800001148,0,0,0,0
410059800001149,0,0,0,0
410059800001150,0,0,0,0
410059800001151,0,0,0,0
410059800001152,0,0,0,0
410059800001153,0,0,0,0
410059800001154,0,0,0,0
410059800001155,0,0,0,0
410059800001156,0,0,0,0
410059800001157,0,0,0,0
410059800001158,0,0,0,0
410059800001159,0,0,0,0
410059800001160,0,0,0,0
410059800001161,0,0,0,0
410059800001162,0,0,0,0
410059800001163,0,0,0,0
410059800001164,0,0,0,0
410059800001165,0,0,0,0
410059800001166,0,0,0,0
410059800001167,0,0,0,0
410059800001168,0,0,0,0
410059800001169,0,0,0,0
410059800001170,0,0,0,0
410059800001171,0,0,0,0
410059800001172,0,0,0,0
410059800001173,0,0,0,0
410059800001174,0,0,0,0
410059800001175,0,0,0,0
410059800001176,0,0,0,0
410059800001177,0,0,0,0
410059800001178,0,0,0,0
410059800001179,0,0,0,0
410059800001180,0,0,0,0
410059800001181,0,0,0,0
410059800001182,0,0,0,0
410059800001183,0,0,0,0
410059800001184,0,0,0,0
410059800001185,0,0,0,0
410059800001186,0,0,0,0
410059800001187,0,0,0,0
410059800001188,0,0,0,0
410059800001189,0,0,0,0
410059800001190,0,0,0,0
410059800001191,0,0,0,0
410059800001192,0,0,0,0
410059800001193,0,0,0,0
410059800001194,0,0,0,0
410059800001195,0,0,0,0
410059800001196,0,0,0,0
410059800001197,0,0,0,0
410059800001198,0,0,0,0
410059800001199,0,0,0,0
410059800001200,0,0,0,0
410059800001201,0,0,0,0
410059800001202,0,0,0,0
410059800001203,0,0,0,0
410059800001204,0,0,0,0
410059800001205,0,0,0,0
410059800001206,0,0,0,0
410059800001207,0,0,0,0
410059800001208,0,0,0,0
410059800001209,0,0,0,0
410059800001210,0,0,0,0
410059800001211,0,0,0,0
410059800001212,0,0,0,0
410059800001213,0,0,0,0
410059800001214,0,0,0,0
410059800001215,0,0,0,0
410059800001216,0,0,0,0
410059800001217,0,0,0,0
410059800001218,0,0,0,0
410059800001219,0,0,0,0
410059800001220,0,0,0,0
410059800001221,0,0,0,0
410059800001222,0,0,0,0
410059800001223,0,0,0,0
410059800001224,0,0,0,0
410059800001225,0,0,0,0
410059800001226,0,0,0,0
410059800001227,0,0,0,0
410059800001228,0,0,0,0
410059800001229,0,0,0,0
410059800001230,0,0,0,0
410059800001231,0,0,0,0
410059800001232,0,0,0,0
410059800001233,0,0,0,0
410059800001234,0,0,0,0
410059800001235,0,0,0,0
410059800001236,0,0,0,0
410059800001237,0,0,0,0
410059800001238,0,0,0,0
410059800001239,0,0,0,0
410059800001240,0,0,0,0
410059800001241,0,0,0,0
410059800001242,0,0,0,0
410059800001243,0,0,0,0
410059800001244,0,0,0,0
410059800001245,0,0,0,0
410059800001246,0,0,0,0
410059800001247,0,0,0,0
410059800001248,0,0,0,0
410059800001249,0,0,0,0
410059800001250,0,0,0,0
410059800001251,0,0,0,0
410059800001252,0,0,0,0
410059800001253,0,0,0,0
410059800001254,0,0,0,0
410059800001255,0,0,0,0
410059800001256,0,0,0,0
410059800001257,0,0,0,0
410059800001258,0,0,0,0
410059800001259,0,0,0,0
410059800001260,0,0,0,0
410059800001261,0,0,0,0
410059800001262,0,0,0,0
410059800001263,0,0,0,0
410059800001264,0,0,0,0
410059800001265,0,0,0,0
410059800001266,0,0,0,0
410059800001267,0,0,0,0
410059800001268,0,0,0,0
410059800001269,0,0,0,0
410059800001270,0,0,0,0
410059800001271,0,0,0,0
410059800001272,0,0,0,0
410059800001273,0,0,0,0
410059800001274,0,0,0,0
410059800001275,0,0,0,0
410059800001276,0,0,0,0
410059800001277,0,0,0,0
410059800001278,0,0,0,0
410059800001279,0,0,0,0
410059800001280,0,0,0,0
410059800001281,0,0,0,0
410059800001282,0,0,0,0
410059800001283,0,0,0,0
410059800001284,0,0,0,0
410059800001285,0,0,0,0
410059800001286,0,0,0,0
410059800001287,0,0,0,0
410059800001288,0,0,0,0
410059800001289,0,0,0,0
410059800001290,0,0,0,0
410059800001291,0,0,0,0
410059800001292,0,0,0,0
410059800001293,0,0,0,0
410059800001294,0,0,0,0
410059800001295,0,0,0,0
410059800001296,0,0,0,0
410059800001297,0,0,0,0
410059800001298,0,0,0,0
410059800001299,0,0,0,0
410059800001300,0,0,0,0
410510001011000,110,6,0,2
410510001011001,59,0,5,0
410510001011002,36,0,1,1
410510001011003,80,1,7,0
410510001011004,60,2,2,5
410510001011005,130,3,4,0
410510001011006,67,2,1,1
410510001011007,0,0,0,0
410510001011008,68,1,0,4
410510001011009,55,3,0,10
410510001011010,49,3,8,0
410510001011011,61,5,9,1
410510001011012,151,4,1,0
410510001011013,39,5,0,0
410510001011014,37,3,0,0
410510001011015,69,1,14,0
410510001011016,60,0,5,0
410510001011017,69,9,4,6
410510001011018,50,0,7,0
410510001011019,56,3,5,0
410510001011020,84,6,2,2
410510001012000,36,1,1,0
410510001012001,60,0,1,0
410510001012002,32,4,2,0
410510001012003,34,4,1,0
410510001012004,48,2,0,5
410510001012005,47,2,0,0
410510001012006,41,1,1,0
410510001012007,59,4,0,1
410510001012008,48,3,7,1
410510001012009,65,2,10,0
410510001012010,62,6,2,0
410510001012011,53,0,4,0
410510001012012,88,6,5,1
410510001012013,74,5,3,3
410510001012014,34,0,1,1
410510001012015,22,1,0,0
410510001012016,144,5,7,3
410510001012017,15,0,0,1
410510001013000,28,3,0,0
410510001013001,23,0,3,0
410510001013002,73,0,1,0
410510001013003,0,0,0,0
410510001013004,401,7,3,2
410510001013005,17,0,0,0
410510001013006,19,2,0,0
410510001013007,17,0,0,0
410510001013008,33,1,1,5
410510001013009,11,1,0,0
410510001013010,128,0,0,0
410510001013011,28,0,5,2
410510001013012,21,3,3,0
410510001013013,28,0,1,0
410510001013014,32,0,1,0
410510001013015,19,0,1,2
410510001013016,23,0,0,0
410510001013017,25,3,0,0
410510001021000,70,0,0,0
410510001021001,19,0,0,0
410510001021002,129,5,6,3
410510001021003,18,5,0,0
410510001021004,13,0,1,0
410510001021005,19,3,0,1
410510001021006,32,5,3,0
410510001021007,22,0,0,0
410510001021008,17,1,0,0
410510001021009,24,1,3,2
410510001021010,29,0,0,0
410510001021011,25,2,1,4
410510001021012,22,0,1,2
410510001021013,29,0,1,0
410510001021014,15,1,1,0
410510001021015,41,1,3,0
410510001021016,16,1,2,4
410510001021017,40,1,0,1
410510001021018,91,6,2,2
410510001021019,44,2,1,0
410510001021020,35,6,6,0
410510001021021,24,0,0,5
410510001021022,28,3,0,1
410510001021023,12,1,2,0
410510001021024,26,0,3,3
410510001021025,39,6,4,0
410510001021026,9,1,1,0
410510001022000,8,0,3,1
410510001022001,39,2,3,0
410510001022002,20,1,3,2
410510001022003,40,0,8,2
410510001022004,35,0,4,0
410510001022005,121,1,2,0
410510001022006,20,0,1,1
410510001022007,36,1,4,0
410510001022008,47,0,2,8
410510001022009,58,0,1,0
410510001022010,31,2,0,0
410510001022011,40,7,0,2
410510001022012,39,6,3,2
410510001022013,39,1,1,0
410510001022014,23,0,3,0
410510001022015,57,2,1,4
410510001022016,16,0,0,0
410510001022017,41,0,8,0
410510001022018,52,9,2,6
410510001022019,33,1,5,5
410510001022020,53,1,6,3
410510001022021,37,1,2,1
410510001022022,41,2,7,3
410510001022023,48,3,10,1
410510001022024,58,1,7,4
410510001022025,31,0,2,0
410510001022026,56,6,3,2
410510001022027,48,2,7,0
410510001022028,30,1,0,0
410510001023000,34,1,0,0
410510001023001,20,3,2,0
410510001023002,52,0,0,5
410510001023003,55,1,0,0
410510001023004,34,0,0,3
410510001023005,29,0,0,0
410510001023006,36,3,10,0
410510001023007,62,7,5,6
410510001023008,59,3,9,0
410510001023009,43,0,0,5
410510001023010,32,0,2,0
410510001023011,51,3,5,0
410510001023012,51,3,2,2
410510001023013,58,4,5,8
410510001023014,68,0,1,4
410510001023015,32,4,0,0
410510001023016,44,0,4,2
410510001023017,35,0,0,0
410510001024000,61,2,6,7
410510001024001,55,6,6,3
410510001024002,34,3,1,0
410510001024003,33,0,2,1
410510001024004,23,0,0,0
410510001024005,35,2,4,2
410510001024006,42,0,0,3
410510001024007,52,1,1,3
410510001024008,47,5,3,7
410510001024009,57,4,4,0
410510001024010,56,1,9,2
410510001024011,43,0,2,1
410510001024012,36,0,5,1
410510001024013,54,3,3,6
410510001024014,58,1,5,0
410510001024015,45,2,0,1
410510001024016,53,7,3,0
410510001024017,27,5,4,2
410510001024018,41,4,1,4
410510001024019,23,0,0,0
410510001024020,59,0,1,0
410510001024021,22,0,4,2
410510001024022,24,0,2,1
410510001024023,21,1,6,1
410510001024024,43,0,3,0
410510001024025,72,0,1,0
410510001024026,0,0,0,0
410510002011000,0,0,0,0
410510002011001,0,0,0,0
410510002011002,0,0,0,0
410510002011003,50,2,3,2
410510002011004,60,2,1,0
410510002011005,59,4,8,7
410510002011006,50,3,3,4
410510002011007,57,2,0,3
410510002011008,35,4,1,0
410510002011009,200,3,0,2
410510002011010,68,5,6,7
410510002011011,52,0,2,0
410510002011012,57,8,3,0
410510002011013,72,15,6,0
410510002011014,71,9,3,0
410510002011015,87,12,10,1
410510002011016,70,8,11,0
410510002011017,64,1,0,6
410510002011018,77,9,0,5
410510002011019,66,8,10,1
410510002011020,105,17,10,1
410510002011021,0,0,0,0
410510002011022,46,8,0,0
410510002011023,50,4,2,0
410510002011024,89,1,0,4
410510002011025,105,11,3,0
410510002011026,37,0,8,1
410510002011027,48,4,0,3
410510002011028,22,1,4,0
410510002011029,0,0,0,0
410510002011030,41,1,0,0
410510002011031,31,0,1,0
410510002011032,0,0,0,0
410510002011033,22,1,5,1
410510002011034,41,3,10,1
410510002011035,25,0,2,0
410510002011036,39,1,1,0
410510002011037,48,7,4,3
410510002011038,35,3,0,0
410510002011039,42,3,0,0
410510002011040,12,0,0,0
410510002011041,36,1,3,1
410510002011042,86,6,4,1
410510002011043,51,5,6,0
410510002012000,0,0,0,0
410510002012001,256,11,5,0
410510002012002,42,2,1,0
410510002012003,58,2,0,0
410510002012004,47,5,2,1
410510002012005,133,0,0,1
410510002012006,36,0,0,1
410510002012007,36,5,4,0
410510002012008,0,0,0,0
410510002012009,0,0,0,0
410510002012010,0,0,0,0
410510002012011,14,2,0,0
410510002012012,0,0,0,0
410510002012013,39,1,3,0
410510002012014,36,4,0,0
410510002012015,42,3,2,0
410510002012016,33,0,0,0
410510002012017,37,2,2,0
410510002012018,51,4,2,0
410510002012019,58,3,3,7
410510002012020,67,1,2,6
410510002012021,43,4,1,0
410510002012022,67,8,1,4
410510002012023,45,4,0,1
410510002012024,0,0,0,0
410510002012025,0,0,0,0
410510002012026,18,0,1,1
410510002012027,16,0,1,0
410510002012028,64,4,2,0
410510002012029,17,0,0,1
410510002021000,0,0,0,0
410510002021001,36,5,0,1
410510002021002,0,0,0,0
410510002021003,5,0,0,1
410510002021004,126,3,6,1
410510002021005,236,17,10,1
410510002021006,9,0,2,0
410510002021007,0,0,0,0
410510002021008,63,0,4,0
410510002021009,13,0,1,0
410510002021010,153,0,5,5
410510002021011,28,0,0,0
410510002021012,82,0,3,4
410510002021013,59,0,1,1
410510002021014,13,2,0,3
410510002021015,43,3,0,0
410510002021016,47,1,2,1
410510002021017,107,3,1,0
410510002021018,64,2,0,3
410510002021019,18,3,1,1
410510002021020,23,0,1,0
410510002021021,44,1,4,0
410510002021022,30,0,6,2
410510002021023,68,2,3,2
410510002021024,45,0,0,1
410510002022000,0,0,0,0
410510002022001,45,1,7,0
410510002022002,127,11,7,7
410510002022003,55,1,5,4
410510002022004,50,3,2,2
410510002022005,50,4,3,1
410510002022006,54,6,0,3
410510002022007,19,1,2,0
410510002022008,142,14,1,1
410510002022009,55,4,1,1
410510002022010,51,0,0,2
410510002022011,26,1,0,1
410510002022012,39,4,1,1
410510002022013,26,1,0,0
410510002022014,36,1,0,3
410510002022015,68,5,1,0
410510002022016,48,0,1,0
410510002022017,45,11,2,0
410510002022018,42,0,4,2
410510002022019,58,4,2,0
410510002022020,54,2,0,1
410510002022021,28,0,1,1
410510002022022,74,6,5,0
410510002022023,55,7,5,3
410510002022024,61,6,1,0
410510002022025,84,5,8,1
410510002022026,69,13,7,0
410510002022027,74,9,7,5
410510002022028,293,1,1,1
410510002022029,0,0,0,0
410510002022030,52,3,0,3
410510002022031,59,1,15,1
410510002022032,68,4,1,12
410510002022033,45,1,1,0
410510002022034,69,4,3,8
410510002022035,23,4,1,0
410510003011000,91,3,6,7
410510003011001,111,1,1,3
410510003011002,83,2,2,1
410510003011003,26,1,0,1
410510003011004,36,1,2,0
410510003011005,19,2,1,1
410510003011006,22,1,0,0
410510003011007,54,2,1,1
410510003011008,38,0,4,2
410510003011009,30,6,1,0
410510003011010,68,0,1,0
410510003011011,50,3,1,1
410510003011012,42,1,3,0
410510003011013,34,1,6,1
410510003011014,29,2,6,0
410510003011015,62,1,0,1
410510003011016,41,2,0,0
410510003011017,41,0,1,1
410510003011018,54,2,6,4
410510003011019,46,2,1,0
410510003012000,54,1,5,5
410510003012001,93,3,0,2
410510003012002,26,1,0,0
410510003012003,56,0,4,1
410510003012004,73,5,1,0
410510003012005,28,1,7,0
410510003012006,57,0,9,3
410510003012007,502,1,6,3
410510003012008,0,0,0,0
410510003012009,16,0,0,0
410510003012010,0,0,0,0
410510003012011,210,0,0,2
410510003012012,3,0,1,0
410510003012013,0,0,0,0
410510003012014,0,0,0,0
410510003012015,0,0,0,0
410510003012016,38,1,1,0
410510003012017,32,2,0,0
410510003012018,0,0,0,0
410510003012019,0,0,0,0
410510003012020,134,0,0,0
410510003012021,21,0,0,0
410510003012022,35,0,2,0
410510003012023,16,1,0,0
410510003012024,12,0,0,0
410510003012025,20,0,2,0
410510003012026,26,2,2,0
410510003012027,15,0,0,0
410510003012028,27,4,0,0
410510003012029,22,0,1,1
410510003012030,31,0,1,0
410510003012031,0,0,0,0
410510003012032,27,0,0,2
410510003012033,146,0,0,2
410510003012034,0,0,0,0
410510003012035,0,0,0,0
410510003012036,31,5,0,0
410510003013000,47,5,4,0
410510003013001,19,1,1,1
410510003013002,55,1,3,4
410510003013003,28,1,0,0
410510003013004,67,7,5,1
410510003013005,337,2,1,0
410510003013006,32,0,1,0
410510003013007,38,0,0,0
410510003013008,46,0,0,2
410510003013009,30,0,2,4
410510003013010,39,2,0,2
410510003013011,35,0,0,2
410510003013012,21,1,2,0
410510003013013,32,2,4,0
410510003013014,27,0,3,0
410510003013015,71,5,2,2
410510003013016,56,3,8,5
410510003013017,33,3,9,0
410510003013018,31,2,0,1
410510003013019,24,3,1,2
410510003013020,335,9,1,2
410510003013021,51,4,4,0
410510003013022,43,3,1,1
410510003013023,44,0,6,2
410510003014000,58,0,2,1
410510003014001,39,5,1,2
410510003014002,46,3,1,3
410510003014003,47,2,3,2
410510003014004,663,11,8,2
410510003014005,321,2,3,0
410510003021000,146,15,18,4
410510003021001,42,6,6,1
410510003021002,38,0,4,7
410510003021003,36,2,0,7
410510003021004,78,1,4,11
410510003021005,58,8,0,0
410510003021006,28,1,0,0
410510003021007,47,3,6,2
410510003021008,32,1,0,3
410510003021009,56,2,3,6
410510003021010,100,10,5,2
410510003021011,17,1,1,0
410510003021012,69,3,0,1
410510003021013,18,3,3,1
410510003021014,45,6,1,5
410510003021015,42,0,1,8
410510003021016,61,10,5,1
410510003021017,54,6,0,0
410510003021018,38,3,8,0
410510003021019,30,1,0,0
410510003021020,41,1,3,0
410510003021021,44,3,2,2
410510003021022,34,3,1,0
410510003021023,37,1,8,1
410510003021024,37,0,5,0
410510003022000,7,0,0,0
410510003022001,11,4,0,1
410510003022002,7,0,0,0
410510003022003,29,0,0,1
410510003022004,33,0,2,1
410510003022005,16,4,2,0
410510003022006,12,0,0,0
410510003022007,15,0,0,2
410510003022008,25,1,7,0
410510003022009,30,6,5,1
410510003022010,32,1,1,0
410510003022011,6,0,0,0
410510003022012,18,0,0,0
410510003022013,26,3,2,0
410510003022014,27,1,4,3
410510003022015,13,0,0,2
410510003022016,33,10,1,0
410510003022017,15,0,0,0
410510003022018,38,2,4,2
410510003022019,39,4,1,1
410510003022020,33,0,0,1
410510003022021,47,3,2,0
410510003022022,49,0,10,0
410510003022023,33,1,0,1
410510003022024,48,8,2,4
410510003022025,15,4,0,1
410510003022026,28,0,4,5
410510003022027,46,8,0,3
410510003022028,33,0,1,0
410510003022029,43,6,2,1
410510003022030,41,2,2,0
410510003022031,68,3,8,3
410510003022032,67,9,4,0
410510003022033,30,2,2,4
410510003022034,41,8,1,3
410510003022035,26,5,1,0
410510003022036,33,0,9,2
410510003022037,49,4,0,0
410510003022038,27,2,6,0
410510003022039,39,4,3,0
410510003022040,34,7,3,1
410510003022041,40,7,3,1
410510003022042,40,2,1,4
410510003022043,23,0,1,0
410510003022044,88,4,4,1
410510003022045,48,4,0,0
410510003022046,38,4,1,3
410510003023000,77,8,11,0
410510003023001,67,8,6,1
410510003023002,75,2,7,9
410510003023003,68,1,6,4
410510003023004,56,11,2,0
410510003023005,22,1,1,0
410510003023006,64,15,5,0
410510003023007,72,1,11,0
410510003023008,56,4,0,0
410510003023009,75,0,7,6
410510003023010,45,6,2,0
410510003023011,54,3,3,0
410510003023012,59,1,5,0
410510003023013,43,3,3,1
410510003023014,25,1,2,0
410510003023015,24,2,3,0
410510003023016,30,0,0,0
410510003024000,0,0,0,0
410510003024001,195,19,20,2
410510003024002,60,6,10,2
410510003024003,0,0,0,0
410510003024004,0,0,0,0
410510003024005,0,0,0,0
410510003024006,64,6,2,1
410510003024007,51,2,4,2
410510003024008,49,1,3,0
410510003024009,33,0,4,1
410510003024010,75,16,2,2
410510003024011,40,0,9,0
410510003024012,43,6,0,0
410510003024013,40,2,4,3
410510003024014,48,2,3,3
410510003024015,49,0,11,2
410510003024016,57,4,13,0
410510003024017,8,1,1,0
410510003024018,0,0,0,0
410510003024019,14,0,0,0
410510003024020,85,4,0,4
410510003024021,0,0,0,0
410510003024022,81,6,7,1
410510003024023,24,6,4,0
410510003024024,0,0,0,0
410510003024025,34,4,1,2
410510003024026,3,0,1,0
410510003024027,27,3,3,0
410510003024028,25,1,3,1
410510003024029,36,0,3,2
410510003024030,13,0,2,1
410510003024031,0,0,0,0
410510003024032,0,0,0,0
410510003024033,41,4,3,4
410510003024034,45,1,5,3
410510003024035,23,3,0,0
410510003024036,27,0,0,6
410510003024037,42,0,0,0
410510003024038,49,2,10,2
410510003025000,27,0,3,0
410510003025001,31,0,3,0
410510003025002,43,2,3,0
410510003025003,73,10,1,0
410510003025004,41,5,0,0
410510003025005,0,0,0,0
410510003025006,65,5,4,9
410510003025007,71,0,12,0
410510003025008,71,11,4,1
410510003025009,80,1,8,2
410510003025010,57,1,2,4
410510003025011,47,7,4,2
410510003025012,45,0,5,2
410510003025013,33,1,0,0
410510003025014,22,0,0,0
410510003025015,43,5,1,0
410510003025016,40,1,1,8
410510003025017,47,7,8,0
410510003025018,0,0,0,0
410510003025019,0,0,0,0
410510003025020,26,0,0,0
410510003025021,56,1,0,11
410510003025022,39,5,3,2
410510003025023,10,0,0,0
410510003025024,40,0,2,6
410510003025025,27,3,0,0
410510003025026,32,0,2,0
410510003026000,54,0,4,0
410510003026001,0,0,0,0
410510003026002,54,2,8,1
410510003026003,46,2,0,5
410510003026004,11,3,2,0
410510003026005,33,2,2,3
410510003026006,31,0,3,0
410510003026007,32,2,1,3
410510003026008,37,2,3,7
410510003026009,26,0,4,2
410510003026010,33,3,0,0
410510003026011,42,3,2,0
410510003026012,40,1,7,0
410510003026013,38,0,6,5
410510003026014,48,7,7,0
410510003026015,0,0,0,0
410510003026016,38,4,1,0
410510003026017,50,0,8,7
410510003026018,0,0,0,0
410510003026019,37,0,1,6
410510003026020,51,7,5,0
410510003026021,20,1,0,0
410510003026022,2,0,0,1
410510003026023,24,0,1,1
410510003026024,55,1,11,1
410510003026025,35,0,0,5
410510003026026,15,0,3,0
410510003026027,0,0,0,0
410510003026028,60,5,3,6
410510003026029,52,0,6,0
410510003026030,46,4,1,7
410510003026031,55,0,2,1
410510004011000,58,10,4,0
410510004011001,59,3,3,1
410510004011002,66,3,5,0
410510004011003,58,1,5,0
410510004011004,30,5,3,2
410510004011005,54,2,1,0
410510004011006,57,1,2,5
410510004011007,55,0,9,0
410510004011008,51,4,4,3
410510004011009,33,0,2,0
410510004011010,18,1,0,1
410510004011011,26,2,1,1
410510004011012,30,0,0,0
410510004011013,16,0,0,0
410510004011014,24,1,1,0
410510004011015,31,0,3,0
410510004011016,46,4,5,0
410510004011017,52,7,0,2
410510004011018,72,3,10,1
410510004011019,55,5,1,3
410510004011020,44,4,0,0
410510004011021,46,3,0,0
410510004011022,53,4,0,0
410510004011023,34,0,0,1
410510004011024,80,6,3,2
410510004011025,29,3,2,0
410510004011026,35,6,1,0
410510004012000,24,0,3,1
410510004012001,28,1,0,0
410510004012002,20,0,0,0
410510004012003,62,2,0,0
410510004012004,35,3,4,2
410510004012005,9,0,0,0
410510004012006,0,0,0,0
410510004012007,21,4,2,0
410510004012008,34,4,2,2
410510004012009,61,5,1,3
410510004012010,34,1,2,0
410510004012011,16,0,0,0
410510004012012,45,1,3,1
410510004012013,39,2,2,0
410510004012014,15,0,1,2
410510004012015,18,1,4,0
410510004012016,39,5,0,1
410510004012017,43,2,0,1
410510004012018,17,1,3,0
410510004012019,19,3,4,0
410510004012020,32,0,2,0
410510004012021,18,1,2,0
410510004012022,40,8,6,3
410510004012023,25,0,0,0
410510004012024,16,0,0,0
410510004012025,18,0,0,0
410510004012026,22,0,0,0
410510004012027,12,0,0,0
410510004013000,18,0,3,0
410510004013001,12,4,1,0
410510004013002,21,2,0,5
410510004013003,24,1,0,2
410510004013004,13,0,0,2
410510004013005,19,0,0,0
410510004013006,30,0,5,0
410510004013007,8,0,0,0
410510004013008,20,3,0,0
410510004013009,16,3,1,1
410510004013010,24,0,7,2
410510004013011,23,1,0,0
410510004013012,48,2,1,1
410510004013013,4,0,0,0
410510004013014,20,0,0,0
410510004013015,36,0,5,1
410510004013016,20,6,3,0
410510004013017,4,0,0,0
410510004013018,0,0,0,0
410510004013019,18,0,0,0
410510004013020,41,4,0,0
410510004013021,0,0,0,0
410510004013022,9,0,0,1
410510004013023,12,0,2,1
410510004013024,18,0,0,2
410510004013025,14,0,0,1
410510004013026,5,0,0,0
410510004013027,18,1,0,5
410510004013028,0,0,0,0
410510004013029,6,4,0,1
410510004013030,8,0,0,0
410510004013031,12,0,0,1
410510004013032,23,0,0,0
410510004013033,23,0,0,0
410510004013034,12,0,1,0
410510004013035,24,2,0,0
410510004013036,12,1,0,0
410510004013037,33,5,0,0
410510004013038,20,0,1,2
410510004013039,28,2,0,0
410510004013040,11,0,0,0
410510004013041,0,0,0,0
410510004013042,15,3,2,0
410510004013043,32,0,0,0
410510004013044,22,1,4,1
410510004013045,18,0,0,0
410510004013046,19,0,1,0
410510004013047,28,2,0,0
410510004013048,17,0,0,1
410510004013049,13,0,0,0
410510004013050,9,0,0,1
410510004013051,23,0,0,0
410510004013052,32,0,3,1
410510004013053,19,0,2,1
410510004013054,23,1,2,2
410510004013055,16,6,0,1
410510004013056,21,2,4,1
410510004013057,19,1,0,2
410510004013058,26,0,0,0
410510004013059,17,1,1,0
410510004013060,10,3,0,0
410510004014000,37,4,2,2
410510004014001,32,0,7,1
410510004014002,31,5,0,5
410510004014003,38,10,2,4
410510004014004,30,0,1,0
410510004014005,45,0,0,1
410510004014006,19,0,0,0
410510004014007,30,0,0,3
410510004014008,33,0,0,1
410510004014009,19,0,0,0
410510004014010,17,0,3,1
410510004014011,36,3,7,0
410510004014012,61,6,4,0
410510004014013,22,1,0,0
410510004014014,62,8,0,1
410510004014015,80,8,11,0
410510004014016,23,1,2,0
410510004014017,43,3,3,0
410510004014018,28,0,3,0
410510004021000,79,1,3,4
410510004021001,32,0,1,0
410510004021002,81,5,0,2
410510004021003,34,0,0,1
410510004021004,181,11,20,6
410510004021005,145,9,5,8
410510004021006,46,1,2,1
410510004021007,46,2,2,0
410510004021008,34,0,2,1
410510004021009,33,1,1,0
410510004021010,44,0,8,1
410510004021011,42,4,3,2
410510004021012,148,14,6,0
410510004021013,188,10,15,2
410510004021014,132,11,3,2
410510004021015,59,6,2,0
410510004021016,76,2,1,0
410510004022000,37,1,4,3
410510004022001,18,0,0,0
410510004022002,34,1,1,2
410510004022003,12,4,1,0
410510004022004,23,1,1,0
410510004022005,36,2,1,2
410510004022006,8,1,0,1
410510004022007,28,3,0,0
410510004022008,21,0,0,1
410510004022009,26,3,4,1
410510004022010,33,6,0,1
410510004022011,13,0,0,0
410510004022012,22,0,1,0
410510004022013,11,1,4,0
410510004022014,33,4,0,0
410510004022015,33,0,2,0
410510004022016,39,6,0,0
410510004022017,34,6,1,0
410510004022018,34,10,2,0
410510004022019,16,0,1,1
410510004022020,18,0,0,7
410510004022021,22,0,0,0
410510004022022,34,3,2,1
410510004022023,24,0,4,1
410510004022024,34,4,0,4
410510004022025,20,0,0,0
410510004022026,16,1,1,0
410510004022027,47,1,8,1
410510004022028,21,0,0,0
410510004022029,14,1,0,0
410510004022030,24,0,2,2
410510004022031,29,0,4,1
410510004022032,24,6,4,0
410510004022033,26,0,0,2
410510004022034,18,2,1,0
410510004022035,27,0,2,0
410510004022036,29,6,0,0
410510004022037,44,10,3,0
410510004022038,26,0,3,0
410510004022039,30,1,0,0
410510004022040,29,2,2,0
410510004022041,15,0,2,0
410510004022042,22,3,1,0
410510004022043,19,0,0,1
410510004022044,26,1,0,5
410510004023000,36,0,2,3
410510004023001,24,3,3,0
410510004023002,41,10,1,0
410510004023003,24,1,3,0
410510004023004,7,0,0,0
410510004023005,36,3,2,1
410510004023006,32,2,2,2
410510004023007,30,8,0,2
410510004023008,25,0,0,0
410510004023009,34,0,1,1
410510004023010,31,5,5,0
410510004023011,0,0,0,0
410510004023012,47,1,0,0
410510004023013,42,3,2,2
410510004023014,59,0,0,0
410510004023015,267,13,5,6
410510004023016,22,3,0,1
410510004023017,32,2,4,0
410510004023018,30,0,0,0
410510004023019,25,2,2,0
410510004023020,24,0,0,0
410510004023021,29,2,1,0
410510004023022,44,5,5,1
410510004023023,26,1,1,1
410510004023024,30,0,0,0
410510004023025,19,1,0,0
410510004023026,28,1,1,1
410510004023027,37,2,4,3
410510004023028,34,3,0,2
410510004023029,29,1,1,0
410510004023030,63,1,2,3
410510004023031,150,13,5,2
410510005011000,156,7,8,6
410510005011001,29,0,2,0
410510005011002,35,2,1,3
410510005011003,66,5,1,0
410510005011004,41,7,1,1
410510005011005,40,8,5,2
410510005011006,36,8,0,3
410510005011007,112,2,10,1
410510005011008,63,7,5,0
410510005011009,42,3,2,0
410510005011010,43,2,3,0
410510005011011,13,1,0,0
410510005011012,38,0,1,0
410510005011013,53,3,7,1
410510005011014,37,0,1,2
410510005011015,36,6,0,0
410510005011016,29,1,2,0
410510005011017,30,0,0,3
410510005011018,24,1,0,0
410510005011019,39,3,4,1
410510005012000,23,2,3,0
410510005012001,27,2,3,0
410510005012002,35,1,2,1
410510005012003,18,4,2,1
410510005012004,10,1,1,0
410510005012005,37,2,10,2
410510005012006,42,6,3,0
410510005012007,38,3,3,0
410510005012008,84,10,6,6
410510005012009,32,4,1,1
410510005012010,40,3,1,0
410510005012011,32,2,4,2
410510005012012,62,0,2,0
410510005012013,36,2,3,1
410510005012014,49,0,0,3
410510005012015,82,0,3,2
410510005012016,33,5,3,2
410510005012017,30,3,1,0
410510005012018,13,2,0,0
410510005012019,22,2,0,0
410510005012020,26,1,0,0
410510005012021,44,1,0,0
410510005012022,59,0,6,2
410510005012023,78,1,5,8
410510005012024,20,1,0,1
410510005012025,42,2,2,0
410510005012026,20,2,0,1
410510005012027,28,8,2,3
410510005013000,38,3,6,0
410510005013001,26,2,0,1
410510005013002,15,3,1,1
410510005013003,24,2,3,1
410510005013004,28,0,0,2
410510005013005,30,3,0,0
410510005013006,37,3,2,0
410510005013007,17,6,0,0
410510005013008,25,4,1,0
410510005013009,43,7,0,0
410510005013010,22,3,2,1
410510005013011,22,0,2,1
410510005013012,40,3,2,1
410510005013013,34,2,1,3
410510005013014,21,0,0,0
410510005013015,31,1,1,0
410510005013016,31,6,1,3
410510005013017,39,1,0,1
410510005013018,26,0,0,0
410510005013019,48,7,6,0
410510005013020,36,3,0,2
410510005013021,57,2,1,1
410510005013022,28,1,1,2
410510005013023,37,3,2,2
410510005013024,29,0,0,0
410510005013025,26,0,1,1
410510005013026,50,1,1,1
410510005013027,31,0,3,1
410510005013028,42,4,4,0
410510005013029,20,0,1,0
410510005013030,38,0,1,3
410510005013031,26,1,4,2
410510005013032,29,1,2,2
410510005013033,28,1,1,2
410510005013034,22,0,1,4
410510005013035,28,0,4,0
410510005014000,37,4,0,0
410510005014001,30,1,0,0
410510005014002,71,2,0,0
410510005014003,6,0,1,0
410510005014004,18,0,0,0
410510005014005,33,3,2,1
410510005014006,32,6,0,0
410510005014007,26,1,1,1
410510005014008,26,0,1,1
410510005014009,30,0,0,0
410510005014010,31,2,3,2
410510005014011,33,0,1,2
410510005014012,22,0,0,1
410510005014013,36,1,2,2
410510005014014,40,3,0,4
410510005014015,0,0,0,0
410510005014016,48,3,6,3
410510005014017,34,0,0,0
410510005014018,32,4,0,0
410510005014019,33,2,2,1
410510005014020,42,2,1,0
410510005014021,33,2,3,0
410510005014022,57,4,0,0
410510005014023,33,0,2,0
410510005014024,38,1,0,1
410510005014025,22,1,0,5
410510005014026,41,3,1,0
410510005014027,73,1,6,1
410510005014028,29,0,0,0
410510005021000,119,7,6,1
410510005021001,58,5,0,1
410510005021002,35,2,1,0
410510005021003,34,5,1,0
410510005021004,70,5,1,3
410510005021005,41,1,1,0
410510005021006,8,0,0,0
410510005021007,16,3,0,2
410510005021008,24,0,3,2
410510005021009,33,1,1,1
410510005021010,21,2,1,0
410510005021011,45,1,3,3
410510005021012,60,4,4,9
410510005021013,62,4,1,9
410510005021014,37,0,0,1
410510005021015,40,1,0,0
410510005021016,49,1,6,2
410510005021017,13,0,0,2
410510005021018,48,4,2,4
410510005021019,39,4,9,2
410510005021020,63,6,4,8
410510005021021,1,0,0,0
410510005021022,85,9,11,2
410510005021023,10,0,0,1
410510005022000,28,0,2,0
410510005022001,6,0,1,0
410510005022002,112,6,4,2
410510005022003,66,1,7,0
410510005022004,63,3,1,3
410510005022005,53,1,2,2
410510005022006,66,1,5,5
410510005022007,49,5,3,0
410510005022008,59,3,7,5
410510005022009,63,3,8,2
410510005022010,48,4,4,2
410510005022011,48,2,5,1
410510005023000,25,1,1,1
410510005023001,63,4,4,1
410510005023002,60,4,4,3
410510005023003,39,1,1,3
410510005023004,59,6,2,3
410510005023005,45,2,0,0
410510005023006,46,1,0,3
410510005023007,35,2,7,2
410510005023008,15,2,2,1
410510005023009,26,2,0,1
410510005023010,48,3,0,1
410510005023011,67,2,0,6
410510005023012,54,3,3,0
410510005023013,57,2,2,1
410510005023014,57,4,2,1
410510005023015,70,7,3,0
410510005023016,27,0,2,1
410510005023017,44,2,0,5
410510005023018,46,6,4,1
410510005023019,19,0,1,1
410510005023020,19,1,0,3
410510005023021,22,3,0,0
410510005023022,31,3,3,0
410510005023023,14,0,0,3
410510005023024,18,2,0,3
410510005024000,75,2,0,0
410510005024001,30,0,0,0
410510005024002,159,2,2,0
410510005024003,90,9,5,2
410510005024004,97,7,6,0
410510005024005,65,2,1,1
410510005024006,37,0,0,0
410510005024007,59,6,2,0
410510005024008,18,0,0,1
410510005024009,0,0,0,0
410510005024010,54,0,0,0
410510005024011,51,3,5,0
410510005024012,49,0,0,0
410510005024013,68,5,5,0
410510005024014,18,0,2,0
410510005024015,29,5,2,0
410510005024016,47,1,0,0
410510005024017,0,0,0,0
410510005024018,26,3,0,0
410510005024019,36,0,2,0
410510005024020,17,0,0,1
410510005024021,66,6,1,0
410510005024022,64,5,5,0
410510005025000,38,2,5,0
410510005025001,53,4,0,1
410510005025002,53,3,1,2
410510005025003,0,0,0,0
410510005025004,44,2,2,0
410510005025005,55,2,5,0
410510005025006,87,1,8,1
410510005025007,6,2,1,3
410510005025008,15,0,0,0
410510005025009,28,2,0,2
410510005025010,29,3,1,1
410510005025011,12,0,0,0
410510005025012,13,3,1,1
410510005025013,25,0,0,0
410510005025014,13,0,0,0
410510005025015,47,8,1,0
410510005025016,57,1,2,0
410510005025017,76,1,1,2
410510005025018,9,1,2,2
410510005025019,8,0,1,0
410510005025020,0,0,0,0
410510005025021,50,9,0,0
410510005025022,33,2,1,0
410510005025023,13,0,0,1
410510006011000,108,3,7,2
410510006011001,26,0,2,6
410510006011002,61,6,7,4
410510006011003,47,4,4,0
410510006011004,63,2,2,1
410510006011005,0,0,0,0
410510006011006,47,3,3,0
410510006011007,0,0,0,0
410510006011008,327,17,28,11
410510006011009,27,1,0,1
410510006011010,57,5,3,1
410510006011011,27,2,0,1
410510006011012,30,10,4,1
410510006011013,94,8,6,1
410510006011014,57,3,4,2
410510006011015,162,9,9,7
410510006011016,117,6,9,6
410510006011017,58,3,1,3
410510006011018,33,0,3,0
410510006011019,101,3,13,8
410510006011020,123,18,5,1
410510006011021,65,7,5,9
410510006011022,66,3,8,0
410510006011023,42,3,1,0
410510006011024,69,3,7,2
410510006011025,40,3,5,1
410510006011026,59,2,4,8
410510006011027,36,0,9,1
410510006011028,98,7,4,1
410510006012000,47,6,2,1
410510006012001,24,0,1,1
410510006012002,55,4,7,0
410510006012003,50,0,2,9
410510006012004,55,2,0,0
410510006012005,33,1,3,2
410510006012006,21,1,0,3
410510006012007,11,0,0,1
410510006012008,26,4,1,0
410510006012009,26,1,3,0
410510006012010,44,2,10,3
410510006012011,49,3,4,0
410510006012012,42,1,3,0
410510006012013,25,0,1,1
410510006012014,21,0,1,3
410510006012015,27,2,0,1
410510006012016,28,3,1,2
410510006012017,27,2,1,1
410510006012018,35,0,4,1
410510006012019,29,2,3,2
410510006012020,10,0,1,0
410510006012021,49,0,1,1
410510006012022,22,1,2,2
410510006012023,44,3,3,1
410510006012024,24,2,1,1
410510006012025,29,2,2,0
410510006012026,31,1,2,1
410510006012027,24,0,2,8
410510006012028,18,2,1,0
410510006012029,26,0,0,1
410510006013000,5,0,0,1
410510006013001,42,3,3,3
410510006013002,48,4,1,1
410510006013003,59,3,5,1
410510006013004,74,1,1,0
410510006013005,53,3,5,1
410510006013006,142,9,10,2
410510006013007,137,8,8,8
410510006013008,48,0,1,0
410510006013009,104,3,5,11
410510006013010,61,2,9,5
410510006013011,22,5,1,0
410510006013012,62,3,2,1
410510006013013,0,0,0,0
410510006013014,149,10,13,8
410510006013015,74,2,2,13
410510006013016,124,8,5,2
410510006013017,143,11,4,6
410510006013018,14,2,1,0
410510006013019,60,9,0,3
410510006014000,46,3,3,2
410510006014001,111,5,7,15
410510006014002,58,1,2,1
410510006014003,95,8,1,0
410510006014004,12,0,0,0
410510006014005,21,0,1,0
410510006014006,50,5,2,0
410510006014007,36,0,0,0
410510006014008,27,1,1,0
410510006014009,32,1,3,1
410510006014010,43,4,1,2
410510006014011,45,9,9,1
410510006014012,25,0,3,0
410510006014013,39,3,4,3
410510006014014,48,1,2,2
410510006014015,27,1,2,1
410510006014016,50,0,2,3
410510006014017,319,13,21,8
410510006014018,43,5,2,0
410510006014019,20,0,0,1
410510006014020,37,3,6,2
410510006014021,50,3,2,0
410510006014022,48,3,0,1
410510006014023,37,2,2,2
410510006014024,20,0,0,0
410510006014025,4,0,0,0
410510006014026,15,3,1,0
410510006014027,28,0,1,2
410510006014028,44,6,2,3
410510006021000,0,0,0,0
410510006021001,0,0,0,0
410510006021002,0,0,0,0
410510006021003,25,0,5,1
410510006021004,72,6,2,4
410510006021005,53,3,0,10
410510006021006,0,0,0,0
410510006021007,147,11,12,2
410510006021008,147,11,5,5
410510006021009,27,0,2,0
410510006021010,53,3,1,1
410510006021011,0,0,0,0
410510006021012,89,10,11,5
410510006021013,84,13,4,9
410510006021014,160,6,20,0
410510006021015,100,9,5,0
410510006021016,33,2,2,3
410510006021017,14,2,0,0
410510006021018,24,2,2,1
410510006021019,38,0,8,5
410510006021020,55,0,1,0
410510006021021,39,4,3,2
410510006021022,0,0,0,0
410510006021023,0,0,0,0
410510006022000,65,2,8,0
410510006022001,43,1,1,4
410510006022002,59,5,5,3
410510006022003,67,11,1,2
410510006022004,85,2,7,3
410510006022005,56,1,7,0
410510006022006,70,0,0,0
410510006022007,66,3,2,0
410510006022008,34,0,1,0
410510006022009,39,2,2,4
410510006022010,62,1,6,0
410510006022011,50,10,0,1
410510006022012,77,12,1,2
410510006022013,57,6,4,0
410510006022014,201,9,4,8
410510006022015,59,3,1,3
410510006022016,62,1,0,3
410510006022017,68,2,1,0
410510006022018,313,20,31,1
410510006022019,46,2,4,2
410510006022020,54,3,0,1
410510006022021,151,2,7,3
410510006022022,15,1,0,0
410510006022023,72,1,4,11
410510006022024,32,1,0,3
410510006023000,88,7,10,1
410510006023001,73,11,7,2
410510006023002,65,2,6,4
410510006023003,51,2,0,0
410510006023004,58,2,4,1
410510006023005,103,4,8,0
410510006023006,73,11,4,0
410510006023007,64,7,2,1
410510006023008,60,4,0,6
410510006023009,77,4,4,4
410510006023010,41,0,0,1
410510006023011,0,0,0,0
410510006023012,20,0,3,2
410510006023013,54,1,2,1
410510006023014,74,3,5,7
410510006023015,28,4,5,0
410510006023016,38,3,4,4
410510006023017,22,1,2,0
410510006023018,34,3,1,0
410510006023019,20,3,2,0
410510006023020,32,1,2,0
410510006023021,23,1,2,0
410510006023022,35,0,1,1
410510006023023,17,0,1,0
410510006024000,139,3,14,2
410510006024001,12,3,0,0
410510006024002,30,0,0,0
410510006024003,33,1,1,0
410510006024004,60,5,5,0
410510006024005,48,2,4,0
410510006024006,35,1,3,0
410510006024007,24,0,3,1
410510006024008,8,0,0,0
410510006024009,34,0,1,3
410510006024010,55,1,2,2
410510006024011,46,9,5,1
410510006024012,36,0,0,0
410510006024013,78,0,2,1
410510006024014,30,3,1,0
410510006024015,24,1,0,1
410510006024016,30,0,0,2
410510006024017,39,0,1,2
410510006024018,32,5,3,1
410510006024019,35,0,1,3
410510006024020,38,0,4,1
410510006024021,10,0,5,1
410510006024022,34,7,3,4
410510006024023,63,7,3,3
410510006024024,38,3,2,0
410510006024025,66,4,4,0
410510006024026,89,4,9,1
410510006024027,68,3,9,1
410510006024028,78,10,0,1
410510006024029,95,3,5,4
410510006024030,57,1,5,0
410510006024031,79,3,4,3
410510007011000,121,11,13,2
410510007011001,42,0,0,0
410510007011002,53,2,1,0
410510007011003,93,18,2,0
410510007011004,68,0,0,2
410510007011005,95,2,1,2
410510007011006,81,5,0,6
410510007011007,204,6,4,4
410510007011008,71,6,0,0
410510007011009,106,8,4,4
410510007011010,51,3,8,3
410510007011011,72,5,5,0
410510007011012,168,25,14,3
410510007011013,41,7,1,0
410510007011014,30,1,4,5
410510007011015,153,11,5,2
410510007011016,54,1,1,0
410510007011017,49,1,0,4
410510007012000,13,0,0,0
410510007012001,54,3,1,3
410510007012002,34,0,0,1
410510007012003,25,0,0,0
410510007012004,41,3,3,1
410510007012005,57,5,2,0
410510007012006,42,1,2,0
410510007012007,55,10,6,0
410510007012008,18,0,0,0
410510007012009,23,3,0,0
410510007012010,27,0,1,0
410510007012011,54,6,1,0
410510007012012,43,2,0,4
410510007012013,45,5,1,2
410510007012014,32,2,0,0
410510007012015,43,0,3,1
410510007012016,54,3,1,3
410510007012017,129,1,8,11
410510007012018,54,1,2,1
410510007012019,45,5,0,1
410510007012020,48,1,0,3
410510007012021,52,3,4,2
410510007012022,31,0,3,1
410510007013000,85,5,5,3
410510007013001,68,1,0,0
410510007013002,73,4,6,0
410510007013003,80,6,2,1
410510007013004,126,10,16,0
410510007013005,19,0,0,4
410510007013006,65,1,2,1
410510007013007,18,0,0,0
410510007013008,54,7,2,0
410510007013009,241,11,18,6
410510007013010,28,2,4,0
410510007013011,40,0,6,2
410510007013012,39,3,4,1
410510007013013,37,0,2,1
410510007013014,53,1,1,6
410510007013015,41,0,2,1
410510007013016,24,3,1,0
410510007013017,38,1,2,7
410510007013018,34,3,1,3
410510007013019,60,0,0,1
410510007014000,214,9,15,0
410510007014001,91,5,7,2
410510007014002,131,0,5,0
410510007014003,45,3,3,3
410510007014004,38,1,0,0
410510007014005,20,0,1,0
410510007014006,26,0,0,0
410510007014007,57,5,11,1
410510007014008,27,5,2,0
410510007014009,36,2,0,1
410510007014010,25,0,7,0
410510007014011,16,1,1,1
410510007014012,34,4,1,0
410510007014013,32,0,2,7
410510007014014,21,1,0,0
410510007014015,17,2,1,0
410510007014016,27,2,0,0
410510007014017,22,2,2,1
410510007014018,17,0,2,0
410510007014019,35,3,2,3
410510007014020,46,0,3,1
410510007014021,22,0,7,0
410510007014022,18,1,0,0
410510007021000,15,1,0,0
410510007021001,45,6,3,3
410510007021002,238,10,3,3
410510007021003,39,4,1,0
410510007021004,45,0,1,0
410510007021005,30,1,1,0
410510007021006,58,2,6,0
410510007021007,63,0,4,1
410510007021008,34,1,3,1
410510007021009,136,3,2,0
410510007021010,229,18,20,1
410510007021011,218,17,15,8
410510007021012,46,2,0,0
410510007021013,44,6,5,4
410510007021014,30,2,3,3
410510007022000,155,6,3,3
410510007022001,83,5,4,5
410510007022002,117,11,1,0
410510007022003,84,8,6,4
410510007022004,39,3,4,1
410510007022005,22,1,1,1
410510007022006,36,1,1,2
410510007022007,33,1,2,2
410510007022008,34,4,7,0
410510007022009,29,3,1,0
410510007022010,28,3,0,0
410510007022011,29,1,3,1
410510007022012,32,3,2,0
410510007022013,33,1,3,0
410510007022014,89,0,4,4
410510007022015,93,10,1,1
410510007022016,97,2,1,4
410510007022017,121,2,0,0
410510007022018,50,3,4,0
410510007022019,34,0,0,1
410510007022020,29,0,0,0
410510007022021,42,5,2,3
410510007022022,36,1,2,4
410510007023000,25,0,0,0
410510007023001,34,1,0,0
410510007023002,17,1,0,0
410510007023003,40,4,6,0
410510007023004,31,1,1,0
410510007023005,35,0,3,3
410510007023006,52,7,5,3
410510007023007,51,6,4,0
410510007023008,28,2,1,2
410510007023009,41,0,1,4
410510007023010,28,3,2,3
410510007023011,35,1,5,0
410510007023012,32,5,0,0
410510007023013,38,4,0,1
410510007023014,27,2,1,2
410510007023015,48,5,0,0
410510007023016,36,2,0,1
410510007023017,21,2,0,0
410510007023018,36,0,0,1
410510007023019,43,3,8,0
410510007023020,40,4,2,1
410510007023021,35,0,2,1
410510007023022,40,5,2,0
410510007023023,36,1,1,1
410510007023024,35,1,3,1
410510007023025,34,5,2,0
410510007023026,40,2,0,1
410510007023027,45,4,2,0
410510007023028,62,3,1,0
410510007023029,47,5,4,0
410510007023030,45,0,1,0
410510007023031,27,1,3,0
410510007023032,29,0,0,0
410510007023033,30,5,0,0
410510007023034,59,5,7,0
410510007023035,47,5,3,0
410510007024000,36,8,3,1
410510007024001,31,0,0,2
410510007024002,32,1,1,0
410510007024003,21,0,0,0
410510007024004,28,1,0,2
410510007024005,47,0,2,2
410510007024006,39,3,2,0
410510007024007,39,0,8,1
410510007024008,58,5,1,4
410510007024009,51,1,0,2
410510007024010,45,1,0,3
410510007024011,37,1,1,0
410510007024012,38,3,2,2
410510007024013,32,1,0,0
410510007024014,55,4,7,0
410510007024015,39,2,3,1
410510007024016,40,5,0,3
410510007024017,22,4,0,2
410510007024018,39,2,1,1
410510007024019,32,6,1,2
410510007024020,17,1,3,0
410510007024021,27,1,0,0
410510007024022,66,7,3,2
410510007024023,63,5,3,0
410510007024024,48,2,4,0
410510007024025,23,1,0,0
410510007024026,43,2,2,0
410510007024027,37,4,0,0
410510007024028,21,0,1,0
410510007024029,10,1,1,0
410510007024030,59,2,1,0
410510007024031,51,3,6,0
410510007024032,53,4,1,0
410510007024033,0,0,0,0
410510008011000,38,8,9,0
410510008011001,17,2,4,0
410510008011002,122,6,7,4
410510008011003,43,5,0,1
410510008011004,50,4,4,2
410510008011005,40,0,3,1
410510008011006,64,3,4,2
410510008011007,19,0,0,0
410510008011008,49,1,0,2
410510008011009,43,6,0,1
410510008011010,215,4,2,8
410510008011011,30,2,0,1
410510008011012,42,0,2,4
410510008011013,45,4,6,0
410510008011014,33,3,0,3
410510008011015,32,2,2,1
410510008011016,51,0,6,1
410510008011017,52,3,1,9
410510008011018,39,2,3,1
410510008011019,72,0,6,1
410510008011020,41,0,1,2
410510008011021,52,7,0,0
410510008011022,80,3,10,2
410510008012000,216,10,15,1
410510008012001,61,1,3,1
410510008012002,42,0,0,0
410510008012003,49,4,1,3
410510008012004,24,0,1,0
410510008012005,67,0,3,0
410510008012006,75,2,4,0
410510008012007,23,2,0,0
410510008012008,34,1,0,0
410510008012009,33,1,0,0
410510008012010,34,3,0,0
410510008012011,107,0,5,0
410510008012012,39,2,0,2
410510008012013,40,0,0,2
410510008012014,51,6,4,0
410510008012015,11,1,1,1
410510008012016,57,1,2,0
410510008012017,40,2,0,4
410510008012018,44,0,3,0
410510008012019,51,7,2,5
410510008012020,19,3,0,0
410510008012021,19,0,0,0
410510008012022,21,0,3,0
410510008013000,49,2,1,0
410510008013001,45,0,8,2
410510008013002,72,11,4,0
410510008013003,50,3,1,0
410510008013004,40,2,2,0
410510008013005,39,0,1,1
410510008013006,365,7,8,1
410510008013007,18,1,1,0
410510008013008,68,0,5,0
410510008013009,64,8,4,5
410510008013010,152,1,0,0
410510008013011,68,0,3,6
410510008013012,18,0,0,0
410510008013013,32,5,1,0
410510008013014,82,12,3,0
410510008013015,10,0,1,0
410510008013016,45,1,7,0
410510008013017,95,3,4,2
410510008013018,0,0,0,0
410510008013019,27,3,0,1
410510008013020,26,2,0,0
410510008014000,50,2,0,0
410510008014001,12,1,1,0
410510008014002,42,6,3,0
410510008014003,43,1,3,0
410510008014004,62,5,1,0
410510008014005,23,1,0,0
410510008014006,45,1,1,3
410510008014007,59,0,6,2
410510008014008,37,1,1,1
410510008014009,32,0,1,0
410510008014010,26,2,4,0
410510008014011,48,5,0,0
410510008014012,60,0,1,5
410510008014013,38,0,2,3
410510008014014,44,0,1,0
410510008014015,31,0,3,0
410510008014016,27,1,0,0
410510008014017,46,1,1,0
410510008014018,5,0,0,0
410510008014019,85,3,3,0
410510008014020,168,3,11,4
410510008014021,15,0,1,0
410510008014022,41,0,0,3
410510008014023,25,0,0,0
410510008014024,27,8,1,3
410510008014025,27,1,1,8
410510008014026,95,2,1,0
410510008021000,54,8,2,3
410510008021001,39,1,1,0
410510008021002,34,1,1,1
410510008021003,14,0,0,0
410510008021004,11,0,0,1
410510008021005,37,0,0,0
410510008021006,85,4,8,2
410510008021007,68,3,3,1
410510008021008,55,1,3,0
410510008021009,54,2,1,0
410510008021010,0,0,0,0
410510008021011,37,0,0,0
410510008021012,34,1,0,0
410510008021013,45,0,0,0
410510008021014,35,0,0,0
410510008021015,40,3,1,0
410510008021016,49,1,1,0
410510008021017,41,1,5,1
410510008021018,0,0,0,0
410510008021019,25,3,0,0
410510008021020,37,7,6,1
410510008021021,15,0,0,0
410510008022000,27,1,0,0
410510008022001,25,0,1,1
410510008022002,38,0,2,0
410510008022003,49,2,1,0
410510008022004,48,3,4,1
410510008022005,32,0,0,0
410510008022006,89,0,3,4
410510008022007,49,8,1,2
410510008022008,47,0,2,7
410510008022009,55,4,8,0
410510008022010,115,3,3,10
410510008022011,43,3,3,0
410510008022012,43,1,3,0
410510008022013,59,2,0,6
410510008022014,17,0,0,1
410510008022015,60,2,1,0
410510008022016,27,0,2,0
410510008022017,28,1,1,2
410510008022018,35,1,0,0
410510008022019,52,0,3,0
410510008022020,29,0,1,0
410510008023000,23,0,0,0
410510008023001,23,0,3,0
410510008023002,19,1,1,1
410510008023003,15,0,0,0
410510008023004,31,0,1,0
410510008023005,14,1,2,0
410510008023006,39,1,0,1
410510008023007,20,0,0,0
410510008023008,38,0,0,0
410510008023009,22,2,0,0
410510008023010,29,1,3,2
410510008023011,26,1,4,1
410510008023012,23,0,0,0
410510008023013,11,0,2,1
410510008023014,24,0,1,0
410510008023015,174,6,2,2
410510008023016,118,11,4,8
410510008023017,16,1,1,0
410510008023018,18,2,0,0
410510008023019,23,0,4,2
410510008023020,14,0,1,0
410510008023021,37,2,0,0
410510008023022,47,0,3,0
410510008023023,47,6,0,0
410510008023024,67,6,6,0
410510008023025,66,3,3,0
410510008023026,98,9,3,0
410510008023027,118,1,5,2
410510008023028,67,9,4,1
410510008023029,51,1,0,1
410510008023030,43,3,1,3
410510008023031,113,1,0,6
410510008023032,52,3,0,0
410510008023033,61,4,3,0
410510008024000,42,0,1,1
410510008024001,95,7,1,0
410510008024002,138,3,6,0
410510008024003,134,2,7,6
410510008024004,289,13,6,1
410510008024005,212,14,1,0
410510008024006,46,5,1,0
410510008024007,59,1,1,0
410510008024008,63,6,4,0
410510008024009,9,0,0,0
410510008024010,33,4,0,2
410510008024011,45,0,3,1
410510008024012,42,0,0,0
410510008024013,80,4,5,0
410510008024014,53,2,0,1
410510008024015,55,2,3,2
410510008024016,49,2,0,0
410510008024017,51,5,0,4
410510008024018,34,0,0,1
410510008024019,38,1,1,4
410510008024020,40,2,2,7
410510008024021,35,1,5,2
410510009011000,70,0,1,7
410510009011001,38,4,4,0
410510009011002,53,1,8,0
410510009011003,45,0,3,2
410510009011004,66,1,0,1
410510009011005,39,1,1,3
410510009011006,64,1,0,0
410510009011007,74,1,1,0
410510009011008,61,4,6,0
410510009011009,71,4,1,2
410510009011010,51,6,2,2
410510009011011,64,1,6,1
410510009011012,66,1,2,1
410510009011013,58,2,4,0
410510009011014,48,10,2,0
410510009011015,35,3,3,0
410510009011016,58,1,1,0
410510009011017,65,0,7,6
410510009011018,75,17,8,5
410510009011019,108,4,7,3
410510009011020,59,2,3,6
410510009012000,17,1,0,3
410510009012001,42,5,0,0
410510009012002,59,3,2,2
410510009012003,71,7,3,1
410510009012004,57,2,4,0
410510009012005,55,1,0,0
410510009012006,51,0,0,6
410510009012007,39,1,1,0
410510009012008,26,1,5,0
410510009012009,42,4,0,2
410510009012010,54,4,0,1
410510009012011,45,4,0,0
410510009012012,5,3,1,0
410510009012013,28,0,0,0
410510009012014,148,4,3,4
410510009012015,81,2,3,0
410510009012016,159,4,23,2
410510009013000,56,0,2,4
410510009013001,51,1,0,4
410510009013002,48,2,5,0
410510009013003,48,0,0,6
410510009013004,64,7,6,2
410510009013005,47,4,1,0
410510009013006,60,1,0,11
410510009013007,62,5,5,3
410510009013008,50,4,0,1
410510009013009,87,4,2,1
410510009013010,47,4,0,3
410510009013011,57,6,4,0
410510009013012,0,0,0,0
410510009013013,41,2,2,0
410510009013014,35,0,0,2
410510009013015,82,0,0,0
410510009013016,80,1,3,2
410510009013017,32,0,0,0
410510009014000,38,0,4,0
410510009014001,111,3,3,1
410510009014002,56,3,2,2
410510009014003,75,0,2,2
410510009014004,43,4,0,0
410510009014005,56,0,10,0
410510009014006,54,1,8,1
410510009014007,68,0,4,1
410510009014008,48,1,0,0
410510009014009,45,0,0,0
410510009014010,57,0,4,0
410510009014011,46,1,0,0
410510009014012,71,0,2,0
410510009014013,38,3,9,1
410510009014014,76,1,10,1
410510009014015,58,3,0,2
410510009014016,43,0,0,0
410510009014017,56,3,1,6
410510009014018,44,0,4,0
410510009014019,54,0,0,3
410510009014020,51,1,0,0
410510009021000,11,3,0,0
410510009021001,62,0,0,1
410510009021002,0,0,0,0
410510009021003,361,4,6,1
410510009021004,116,4,3,2
410510009021005,240,6,10,7
410510009021006,74,6,7,8
410510009021007,80,7,6,0
410510009021008,46,4,0,0
410510009021009,65,2,1,1
410510009021010,616,22,33,1
410510009021011,110,2,2,5
410510009021012,73,2,1,3
410510009021013,49,1,0,4
410510009021014,209,8,6,6
410510009021015,52,3,6,6
410510009021016,47,1,0,2
410510009022000,70,1,4,2
410510009022001,86,2,8,1
410510009022002,81,1,0,2
410510009022003,407,9,4,7
410510009022004,61,1,3,1
410510009022005,71,7,3,6
410510009022006,60,7,0,1
410510009022007,145,9,3,0
410510009022008,50,3,2,1
410510009022009,65,0,5,3
410510009022010,60,0,2,0
410510009022011,50,1,5,0
410510009022012,66,10,2,4
410510009023000,183,15,19,8
410510009023001,248,26,16,2
410510009023002,39,5,3,1
410510009023003,40,1,3,2
410510009023004,44,2,3,1
410510009023005,49,5,1,0
410510009023006,66,7,1,1
410510009023007,74,3,10,0
410510009023008,71,8,0,0
410510009023009,49,1,3,0
410510009023010,63,0,8,1
410510009023011,59,1,0,3
410510009023012,75,2,7,0
410510009023013,45,4,5,0
410510009023014,31,0,0,0
410510009023015,52,1,0,4
410510009023016,69,2,0,7
410510009023017,60,6,3,3
410510009023018,44,0,1,3
410510009023019,66,5,8,1
410510010001000,30,2,0,0
410510010001001,0,0,0,0
410510010001002,22,1,2,0
410510010001003,17,1,0,0
410510010001004,17,4,1,0
410510010001005,29,3,1,1
410510010001006,28,0,0,0
410510010001007,39,0,0,0
410510010001008,27,0,1,0
410510010001009,18,0,2,0
410510010001010,26,1,1,2
410510010001011,29,0,2,0
410510010001012,39,1,1,0
410510010001013,37,0,2,0
410510010001014,19,2,1,0
410510010001015,24,0,1,0
410510010001016,20,1,1,0
410510010001017,18,0,0,1
410510010001018,40,1,0,2
410510010001019,8,1,0,0
410510010001020,11,0,0,0
410510010001021,19,0,1,0
410510010001022,30,2,3,1
410510010001023,39,1,2,0
410510010001024,41,0,0,0
410510010001025,17,0,0,0
410510010001026,26,0,0,0
410510010001027,19,1,0,0
410510010001028,25,0,0,0
410510010001029,36,1,1,0
410510010001030,16,3,2,0
410510010001031,52,0,1,0
410510010001032,12,0,0,0
410510010002000,24,8,3,0
410510010002001,115,9,5,3
410510010002002,15,1,3,0
410510010002003,9,0,0,0
410510010002004,25,2,0,1
410510010002005,29,0,2,0
410510010002006,16,0,2,0
410510010002007,20,5,2,0
410510010002008,13,0,0,2
410510010002009,19,0,0,0
410510010002010,16,0,0,0
410510010002011,58,0,0,0
410510010002012,18,0,3,1
410510010002013,102,4,0,1
410510010002014,14,0,0,1
410510010002015,40,0,0,0
410510010002016,55,4,5,0
410510010002017,44,0,2,0
410510010002018,70,0,1,2
410510010002019,65,3,1,1
410510010002020,34,0,2,0
410510010002021,18,0,0,0
410510010002022,12,2,0,0
410510010002023,0,0,0,0
410510010002024,0,0,0,0
410510010002025,45,0,3,0
410510010002026,10,0,1,0
410510010002027,1,0,0,0
410510010002028,10,0,0,0
410510010002029,18,0,0,0
410510010002030,50,0,0,1
410510010002031,0,0,0,0
410510010002032,11,1,0,0
410510010002033,0,0,0,0
410510010002034,7,0,0,0
410510010002035,53,0,1,1
410510010002036,28,1,0,1
410510010002037,0,0,0,0
410510010002038,0,0,0,0
410510010002039,0,0,0,0
410510010002040,0,0,0,0
410510010002041,16,2,2,0
410510010002042,13,0,1,0
410510010002043,12,0,2,5
410510010002044,9,0,0,0
410510010002045,0,0,0,0
410510010002046,9,2,0,1
410510010002047,13,1,1,0
410510010002048,3,0,0,0
410510010002049,35,0,3,0
410510010002050,17,0,1,0
410510010002051,0,0,0,0
410510010002052,8,0,0,0
410510010002053,27,1,1,0
410510010002054,17,0,2,0
410510010003000,12,0,0,0
410510010003001,44,2,2,1
410510010003002,28,1,0,0
410510010003003,19,0,2,0
410510010003004,21,1,0,0
410510010003005,32,2,0,1
410510010003006,52,1,1,1
410510010003007,62,7,10,0
410510010003008,2,0,0,0
410510010003009,15,0,0,0
410510010003010,46,0,4,4
410510010003011,13,0,0,0
410510010003012,0,0,0,0
410510010003013,0,0,0,0
410510010003014,0,0,0,0
410510010003015,0,0,0,0
410510010003016,0,0,0,0
410510010003017,0,0,0,0
410510010003018,0,0,0,0
410510010003019,0,0,0,0
410510010003020,39,5,0,0
410510010003021,26,0,0,0
410510010003022,5,0,0,0
410510010003023,17,1,0,0
410510010003024,16,0,0,0
410510010003025,0,0,0,0
410510010003026,0,0,0,0
410510010003027,0,0,0,0
410510010003028,0,0,0,0
410510010003029,0,0,0,0
410510010003030,0,0,0,0
410510010003031,0,0,0,0
410510010003032,0,0,0,0
410510010003033,0,0,0,0
410510010003034,0,0,0,0
410510010003035,0,0,0,0
410510010003036,0,0,0,0
410510010003037,0,0,0,0
410510010003038,9,2,0,0
410510010003039,32,1,2,2
410510010003040,25,0,0,0
410510010003041,27,0,0,0
410510010003042,56,0,2,0
410510010003043,20,0,0,0
410510010003044,35,1,0,2
410510010003045,25,2,0,0
410510010003046,6,0,0,0
410510010003047,46,0,0,0
410510010003048,41,0,0,0
410510010003049,30,0,0,0
410510010003050,69,4,4,1
410510010003051,19,0,0,3
410510010003052,24,1,0,0
410510010003053,68,1,1,0
410510010003054,37,2,5,0
410510010003055,29,0,0,0
410510010003056,37,1,7,0
410510010003057,31,2,1,2
410510010003058,21,0,1,0
410510010003059,36,4,0,0
410510010003060,35,1,1,0
410510010003061,60,0,6,0
410510010003062,0,0,0,0
410510010003063,0,0,0,0
410510010003064,20,0,2,0
410510010003065,22,0,0,0
410510010003066,24,0,1,0
410510010003067,0,0,0,0
410510010003068,0,0,0,0
410510010004000,30,1,2,0
410510010004001,43,3,1,0
410510010004002,61,4,1,1
410510010004003,35,0,0,2
410510010004004,38,0,0,6
410510010004005,26,1,0,0
410510010004006,30,0,0,0
410510010004007,0,0,0,0
410510010004008,38,3,0,2
410510010004009,33,0,7,2
410510010004010,34,0,2,0
410510010004011,32,1,0,0
410510010004012,23,0,3,5
410510010004013,17,0,3,0
410510010004014,41,3,2,3
410510010004015,36,0,0,0
410510010004016,27,3,2,0
410510010004017,58,0,1,2
410510010004018,67,0,0,0
410510010004019,56,1,0,0
410510010004020,43,2,0,0
410510010004021,31,0,0,0
410510010004022,30,5,2,0
410510010004023,30,0,1,1
410510010005000,19,2,1,0
410510010005001,47,0,0,0
410510010005002,90,0,0,0
410510010005003,74,0,3,0
410510010005004,63,0,0,1
410510010005005,93,3,2,3
410510010005006,76,10,0,0
410510010005007,100,1,0,3
410510010005008,67,7,2,0
410510010005009,75,4,7,0
410510010005010,134,6,6,0
410510010005011,37,0,0,0
410510010005012,0,0,0,0
410510010005013,9,0,0,2
410510010005014,19,1,1,0
410510010005015,40,3,4,1
410510010005016,43,2,2,2
410510010005017,57,1,0,1
410510010005018,35,3,1,0
410510010005019,32,0,2,0
410510010005020,40,0,0,0
410510010005021,77,3,9,0
410510010005022,55,0,2,1
410510010005023,32,0,3,0
410510010005024,90,0,0,0
410510011011000,28,0,2,0
410510011011001,28,1,1,3
410510011011002,0,0,0,0
410510011011003,59,0,1,0
410510011011004,0,0,0,0
410510011011005,0,0,0,0
410510011011006,38,1,0,0
410510011011007,47,0,0,0
410510011011008,17,0,0,0
410510011011009,0,0,0,0
410510011011010,0,0,0,0
410510011011011,0,0,0,0
410510011011012,0,0,0,0
410510011011013,0,0,0,0
410510011011014,0,0,0,0
410510011011015,0,0,0,0
410510011011016,0,0,0,0
410510011011017,0,0,0,0
410510011011018,4,0,0,0
410510011011019,7,0,0,1
410510011011020,0,0,0,0
410510011011021,0,0,0,0
410510011011022,0,0,0,0
410510011011023,18,0,1,0
410510011011024,9,0,0,0
410510011011025,13,0,0,0
410510011011026,74,0,0,0
410510011011027,0,0,0,0
410510011011028,0,0,0,0
410510011011029,9,0,1,0
410510011011030,54,0,0,0
410510011011031,75,0,0,0
410510011011032,0,0,0,0
410510011011033,0,0,0,0
410510011011034,0,0,0,0
410510011011035,0,0,0,0
410510011011036,0,0,0,0
410510011011037,10,0,0,0
410510011011038,0,0,0,0
410510011011039,8,2,0,0
410510011011040,0,0,0,0
410510011011041,0,0,0,0
410510011011042,234,3,0,1
410510011011043,0,0,0,0
410510011011044,116,0,2,0
410510011011045,5,0,2,0
410510011011046,0,0,0,0
410510011011047,84,2,0,1
410510011011048,244,1,0,0
410510011011049,0,0,0,0
410510011011050,0,0,0,0
410510011011051,0,0,0,0
410510011011052,0,0,0,0
410510011011053,24,0,0,0
410510011011054,11,0,1,0
410510011011055,0,0,0,0
410510011011056,0,0,0,0
410510011011057,0,0,0,0
410510011011058,0,0,0,0
410510011011059,0,0,0,0
410510011011060,0,0,0,0
410510011011061,109,1,0,1
410510011011062,0,0,0,0
410510011011063,25,0,0,0
410510011011064,0,0,0,0
410510011011065,0,0,0,0
410510011011066,7,0,2,0
410510011011067,12,0,0,0
410510011011068,0,0,0,0
410510011011069,0,0,0,0
410510011011070,0,0,0,0
410510011011071,0,0,0,0
410510011011072,0,0,0,0
410510011011073,0,0,0,0
410510011011074,0,0,0,0
410510011011075,6,0,0,0
410510011011076,0,0,0,0
410510011011077,0,0,0,0
410510011011078,0,0,0,0
410510011011079,0,0,0,0
410510011011080,0,0,0,0
410510011011081,0,0,0,0
410510011011082,13,0,0,0
410510011011083,0,0,0,0
410510011011084,0,0,0,0
410510011011085,3,0,0,0
410510011011086,0,0,0,0
410510011011087,0,0,0,0
410510011011088,0,0,0,0
410510011011089,0,0,0,0
410510011011090,5,0,0,0
410510011011091,5,0,0,0
410510011011092,0,0,0,0
410510011011093,0,0,0,0
410510011011094,0,0,0,0
410510011011095,0,0,0,0
410510011011096,0,0,0,0
410510011011097,0,0,0,0
410510011011098,0,0,0,0
410510011011099,0,0,0,0
410510011011100,61,0,0,0
410510011011101,0,0,0,0
410510011011102,8,0,0,1
410510011011103,34,0,0,1
410510011011104,0,0,0,0
410510011011105,0,0,0,0
410510011011106,0,0,0,0
410510011011107,0,0,0,0
410510011011108,0,0,0,0
410510011011109,0,0,0,0
410510011011110,0,0,0,0
410510011011111,0,0,0,0
410510011011112,0,0,0,0
410510011011113,13,0,0,0
410510011011114,0,0,0,0
410510011011115,1,0,0,0
410510011011116,8,0,0,0
410510011011117,0,0,0,0
410510011011118,0,0,0,0
410510011011119,13,1,1,0
410510011011120,5,0,0,0
410510011011121,0,0,0,0
410510011011122,0,0,0,0
410510011011123,0,0,0,0
410510011011124,0,0,0,0
410510011011125,0,0,0,0
410510011011126,13,0,0,0
410510011011127,0,0,0,0
410510011011128,6,0,0,0
410510011011129,0,0,0,0
410510011011130,0,0,0,0
410510011011131,0,0,0,0
410510011011132,0,0,0,0
410510011011133,0,0,0,0
410510011011134,0,0,0,0
410510011011135,0,0,0,0
410510011011136,0,0,0,0
410510011011137,0,0,0,0
410510011011138,0,0,0,0
410510011012000,61,0,0,0
410510011012001,94,1,0,2
410510011012002,6,0,0,0
410510011012003,61,1,0,1
410510011012004,0,0,0,0
410510011012005,62,0,0,1
410510011012006,27,2,0,2
410510011012007,89,0,0,0
410510011012008,14,1,1,0
410510011012009,153,5,4,1
410510011012010,49,0,0,0
410510011012011,37,0,0,1
410510011012012,112,1,3,2
410510011012013,89,0,0,0
410510011012014,39,0,0,3
410510011012015,35,0,1,0
410510011012016,54,0,0,0
410510011012017,57,2,1,1
410510011012018,32,0,1,1
410510011012019,116,0,0,0
410510011012020,15,0,1,0
410510011012021,50,0,0,0
410510011012022,58,2,1,3
410510011012023,32,0,3,0
410510011012024,40,1,0,0
410510011012025,33,1,1,0
410510011012026,41,0,0,0
410510011012027,10,1,0,0
410510011012028,24,0,0,0
410510011012029,72,0,0,1
410510011012030,95,0,0,0
410510011012031,42,0,0,0
410510011021000,50,3,0,1
410510011021001,23,2,0,0
410510011021002,62,1,2,2
410510011021003,0,0,0,0
410510011021004,30,2,0,0
410510011021005,62,1,2,1
410510011021006,71,1,1,0
410510011021007,35,5,3,0
410510011021008,20,0,0,0
410510011021009,38,0,0,2
410510011021010,40,1,6,1
410510011021011,38,3,3,3
410510011021012,21,1,0,0
410510011021013,3,0,0,0
410510011021014,22,2,3,0
410510011021015,34,0,0,1
410510011021016,0,0,0,0
410510011021017,26,3,1,2
410510011021018,22,2,0,2
410510011021019,75,0,1,1
410510011021020,39,2,3,1
410510011021021,38,5,3,0
410510011021022,35,2,5,2
410510011021023,51,1,4,1
410510011021024,34,2,0,3
410510011021025,11,4,0,0
410510011021026,14,0,0,0
410510011021027,0,0,0,0
410510011021028,35,2,1,0
410510011021029,24,0,0,0
410510011021030,27,0,0,0
410510011022000,0,0,0,0
410510011022001,12,0,0,0
410510011022002,1,0,0,0
410510011022003,0,0,0,0
410510011022004,0,0,0,0
410510011022005,0,0,0,0
410510011022006,0,0,0,0
410510011022007,0,0,0,0
410510011022008,0,0,0,0
410510011022009,0,0,0,0
410510011022010,0,0,0,0
410510011022011,0,0,0,0
410510011022012,0,0,0,0
410510011022013,0,0,0,0
410510011022014,0,0,0,0
410510011022015,2,0,0,0
410510011022016,21,4,0,1
410510011022017,26,0,0,0
410510011022018,15,0,1,0
410510011022019,0,0,0,0
410510011022020,0,0,0,0
410510011022021,22,1,1,2
410510011022022,7,0,0,1
410510011022023,6,0,0,0
410510011022024,0,0,0,0
410510011022025,0,0,0,0
410510011022026,0,0,0,0
410510011022027,0,0,0,0
410510011022028,0,0,0,0
410510011022029,0,0,0,0
410510011022030,11,0,1,0
410510011022031,0,0,0,0
410510011022032,25,1,1,0
410510011022033,0,0,0,0
410510011022034,0,0,0,0
410510011022035,34,2,0,1
410510011022036,38,0,0,0
410510011022037,15,2,0,0
410510011022038,0,0,0,0
410510011022039,0,0,0,0
410510011022040,0,0,0,0
410510011022041,16,0,0,0
410510011022042,7,0,0,0
410510011022043,7,2,0,0
410510011022044,12,1,0,0
410510011022045,12,0,0,1
410510011022046,32,0,0,0
410510011022047,49,1,0,0
410510011022048,40,0,0,0
410510011022049,3,0,1,0
410510011022050,17,0,0,0
410510011022051,0,0,0,0
410510011022052,0,0,0,0
410510011022053,4,0,0,0
410510011022054,0,0,0,0
410510011022055,4,0,0,0
410510011022056,0,0,0,0
410510011022057,2,0,0,0
410510011022058,0,0,0,0
410510011022059,13,0,0,0
410510011022060,0,0,0,0
410510011022061,0,0,0,0
410510011022062,0,0,0,0
410510011022063,0,0,0,0
410510011022064,0,0,0,0
410510011022065,7,0,0,0
410510011022066,48,1,0,5
410510011022067,47,0,1,0
410510011022068,28,0,0,0
410510011022069,0,0,0,0
410510011022070,9,0,0,0
410510011022071,0,0,0,0
410510011022072,12,0,0,0
410510011022073,0,0,0,0
410510011022074,0,0,0,0
410510011022075,26,3,0,0
410510011022076,0,0,0,0
410510011022077,0,0,0,0
410510011022078,0,0,0,0
410510011022079,0,0,0,0
410510011022080,0,0,0,0
410510011022081,0,0,0,0
410510012021000,59,1,0,0
410510012021001,27,0,0,0
410510012021002,10,1,3,0
410510012021003,34,3,6,3
410510012021004,74,2,5,0
410510012021005,27,1,0,0
410510012021006,77,2,1,2
410510012021007,125,1,2,2
410510012021008,32,0,3,2
410510012021009,35,1,6,0
410510012021010,36,9,1,0
410510012021011,48,0,6,4
410510012021012,47,0,6,0
410510012021013,50,1,3,1
410510012021014,41,9,0,0
410510012021015,32,0,0,2
410510012021016,31,3,0,0
410510012021017,45,0,2,4
410510012021018,51,1,0,0
410510012021019,37,0,0,3
410510012021020,33,2,1,2
410510012021021,45,1,1,0
410510012021022,37,2,1,0
410510012021023,42,1,5,1
410510012021024,48,3,4,2
410510012021025,42,1,2,0
410510012021026,33,0,0,0
410510012021027,20,0,1,2
410510012021028,35,4,1,1
410510012022000,46,7,0,0
410510012022001,48,0,0,1
410510012022002,25,0,2,0
410510012022003,33,1,1,7
410510012022004,43,0,1,1
410510012022005,36,0,7,1
410510012022006,42,8,1,6
410510012022007,40,4,1,0
410510012022008,22,1,0,3
410510012022009,63,3,0,0
410510012022010,77,1,6,2
410510012022011,47,1,9,3
410510012022012,36,2,0,0
410510012022013,55,3,9,1
410510012022014,71,0,0,0
410510012022015,58,0,8,2
410510012022016,67,6,8,0
410510012022017,31,4,0,1
410510012022018,38,2,3,0
410510012022019,37,3,0,2
410510012022020,35,2,1,0
410510012022021,80,0,0,0
410510012022022,33,0,2,3
410510012022023,32,1,1,0
410510012022024,37,0,0,0
410510012022025,35,0,4,0
410510012022026,0,0,0,0
410510012023000,46,7,3,1
410510012023001,37,4,5,0
410510012023002,64,3,0,1
410510012023003,28,5,2,6
410510012023004,17,1,1,0
410510012023005,41,0,0,0
410510012023006,30,2,1,1
410510012023007,0,0,0,0
410510012023008,0,0,0,0
410510012023009,53,1,1,2
410510012023010,66,0,5,3
410510012023011,33,2,0,3
410510012023012,38,2,0,3
410510012023013,30,0,1,1
410510012023014,21,0,0,0
410510012023015,33,6,1,0
410510012023016,25,2,1,0
410510012023017,0,0,0,0
410510012023018,20,1,0,1
410510012023019,29,0,1,0
410510012023020,36,3,4,1
410510012023021,22,6,2,0
410510012023022,14,1,0,5
410510012023023,7,0,0,1
410510012023024,19,0,4,0
410510012023025,56,7,7,0
410510012023026,37,2,5,0
410510012023027,28,0,0,0
410510012023028,34,2,6,3
410510012023029,25,0,0,1
410510012023030,32,1,1,0
410510012023031,1,0,0,0
410510012031000,43,1,0,4
410510012031001,33,0,0,0
410510012031002,35,0,1,1
410510012031003,38,0,0,0
410510012031004,21,0,1,1
410510012031005,94,5,3,0
410510012031006,74,0,3,0
410510012031007,116,0,0,0
410510012031008,31,0,1,0
410510012031009,27,1,0,0
410510012031010,35,2,2,4
410510012031011,23,1,0,0
410510012031012,36,4,0,0
410510012031013,35,2,1,3
410510012031014,56,1,0,0
410510012031015,54,1,0,2
410510012031016,107,0,0,0
410510012031017,43,1,0,0
410510012031018,55,2,0,3
410510012031019,52,2,0,2
410510012031020,35,0,0,0
410510012031021,55,0,5,0
410510012031022,72,4,2,2
410510012031023,68,0,2,1
410510012032000,51,0,0,0
410510012032001,35,0,0,0
410510012032002,32,0,4,1
410510012032003,98,6,4,0
410510012032004,49,2,1,0
410510012032005,42,1,0,0
410510012032006,43,0,4,0
410510012032007,29,2,2,1
410510012032008,55,5,0,0
410510012032009,142,1,4,8
410510012032010,114,3,2,5
410510012032011,23,3,0,1
410510012032012,55,3,1,0
410510012032013,41,3,3,0
410510012032014,31,0,0,0
410510012032015,96,1,3,1
410510012032016,4,0,0,0
410510012032017,81,0,1,0
410510012032018,32,0,0,0
410510012032019,51,0,0,0
410510012032020,23,1,0,0
410510012041000,54,0,0,0
410510012041001,30,0,0,0
410510012041002,39,1,0,0
410510012041003,72,0,2,0
410510012041004,74,0,0,1
410510012041005,44,2,0,1
410510012041006,38,0,0,0
410510012041007,86,4,0,2
410510012041008,82,0,2,0
410510012041009,92,5,2,1
410510012041010,36,2,1,0
410510012041011,30,1,0,0
410510012041012,20,0,0,0
410510012041013,38,4,1,0
410510012041014,55,0,2,0
410510012041015,37,0,0,0
410510012041016,58,0,4,1
410510012041017,70,0,0,0
410510012041018,65,2,0,3
410510012041019,37,0,4,0
410510012041020,50,1,0,1
410510012041021,39,0,0,0
410510012042000,46,0,4,2
410510012042001,48,2,0,1
410510012042002,36,0,0,1
410510012042003,25,0,0,0
410510012042004,70,3,0,0
410510012042005,30,1,0,0
410510012042006,58,0,2,3
410510012042007,41,1,2,0
410510012042008,45,0,5,1
410510012042009,134,2,3,0
410510012042010,56,4,2,1
410510012042011,64,1,1,0
410510012042012,43,0,1,0
410510012042013,66,0,3,3
410510012042014,26,3,0,2
410510012042015,70,0,1,2
410510012042016,205,0,0,1
410510012042017,75,3,2,0
410510012042018,18,0,0,0
410510012042019,35,1,1,0
410510012042020,77,4,1,0
410510012042021,246,4,1,0
410510012042022,50,0,0,0
410510012042023,82,0,4,0
410510012042024,32,1,1,2
410510012042025,42,0,0,0
410510012042026,102,2,0,1
410510012042027,22,0,2,0
410510012042028,62,2,1,0
410510013011000,35,1,3,2
410510013011001,69,2,0,0
410510013011002,53,1,1,0
410510013011003,27,4,0,1
410510013011004,27,4,0,0
410510013011005,48,2,0,1
410510013011006,45,1,2,1
410510013011007,20,2,0,0
410510013011008,56,0,0,0
410510013011009,40,5,0,0
410510013011010,34,7,3,0
410510013011011,66,1,4,4
410510013011012,91,1,4,0
410510013011013,54,1,0,0
410510013011014,51,0,2,0
410510013011015,39,3,1,0
410510013011016,82,5,2,1
410510013011017,110,9,14,1
410510013012000,54,10,3,1
410510013012001,39,0,2,0
410510013012002,37,4,2,0
410510013012003,89,0,0,1
410510013012004,49,2,2,0
410510013012005,26,2,4,0
410510013012006,34,0,1,0
410510013012007,40,2,0,0
410510013012008,25,0,2,0
410510013012009,43,3,1,0
410510013012010,36,0,4,4
410510013012011,53,2,0,5
410510013012012,34,0,5,2
410510013012013,60,1,1,0
410510013012014,38,1,0,0
410510013012015,2,0,1,0
410510013012016,34,1,3,1
410510013012017,32,1,0,0
410510013012018,36,0,3,0
410510013013000,0,0,0,0
410510013013001,36,0,1,0
410510013013002,43,0,0,1
410510013013003,39,0,0,0
410510013013004,38,0,3,1
410510013013005,30,0,1,0
410510013013006,40,0,0,4
410510013013007,38,2,2,0
410510013013008,40,0,8,1
410510013013009,85,10,9,2
410510013013010,45,2,4,3
410510013013011,48,2,4,0
410510013013012,39,0,0,0
410510013013013,21,0,0,0
410510013013014,89,9,2,0
410510013013015,73,8,1,1
410510013013016,51,0,0,5
410510013013017,127,3,2,6
410510013013018,62,3,0,0
410510013013019,33,1,6,2
410510013013020,27,0,0,1
410510013014000,46,0,0,2
410510013014001,40,0,2,0
410510013014002,248,0,1,2
410510013014003,47,0,1,0
410510013014004,36,3,6,1
410510013014005,36,2,0,0
410510013014006,63,0,2,0
410510013014007,43,2,0,0
410510013014008,66,4,0,3
410510013014009,51,1,3,1
410510013014010,109,2,1,4
410510013014011,86,0,1,3
410510013014012,110,0,0,0
410510013014013,61,3,3,0
410510013014014,52,3,2,0
410510013014015,63,0,3,3
410510013014016,71,0,5,1
410510013014017,76,4,0,0
410510013014018,25,0,1,1
410510013014019,46,1,0,0
410510013014020,12,0,1,0
410510013021000,45,4,1,0
410510013021001,67,1,2,0
410510013021002,120,8,9,2
410510013021003,124,12,2,2
410510013021004,128,11,6,5
410510013021005,51,0,2,1
410510013021006,51,4,1,10
410510013021007,27,0,0,0
410510013021008,64,1,4,1
410510013021009,47,7,1,0
410510013021010,41,4,2,1
410510013021011,41,1,0,1
410510013021012,40,2,2,1
410510013022000,24,1,2,1
410510013022001,53,5,5,2
410510013022002,85,8,2,0
410510013022003,41,3,1,1
410510013022004,51,1,2,2
410510013022005,43,0,0,0
410510013022006,35,5,0,0
410510013022007,66,6,5,0
410510013022008,61,7,3,2
410510013022009,46,3,3,0
410510013022010,46,0,0,0
410510013022011,109,0,11,9
410510013022012,120,4,14,8
410510013022013,40,0,10,2
410510013022014,79,8,2,3
410510013022015,76,0,0,2
410510013022016,138,1,3,4
410510013022017,54,0,0,0
410510013022018,30,0,3,1
410510013023000,69,3,5,6
410510013023001,87,4,3,2
410510013023002,56,4,8,2
410510013023003,44,1,3,4
410510013023004,71,1,0,1
410510013023005,43,0,0,0
410510013023006,62,0,11,0
410510013023007,57,0,11,3
410510013023008,54,1,0,1
410510013023009,47,0,4,1
410510013023010,37,4,1,0
410510013023011,66,10,1,0
410510013023012,48,6,1,3
410510013023013,39,3,4,0
410510013023014,27,3,1,1
410510013023015,21,2,0,0
410510013023016,31,1,0,1
410510013023017,34,0,0,0
410510013023018,43,3,6,1
410510013023019,76,2,7,0
410510013023020,72,4,4,4
410510013023021,43,4,2,4
410510013023022,25,0,1,0
410510013023023,40,0,0,1
410510013023024,50,2,1,0
410510013023025,91,0,2,0
410510014001000,31,4,5,1
410510014001001,25,0,3,0
410510014001002,224,2,4,3
410510014001003,20,1,0,0
410510014001004,17,0,0,0
410510014001005,21,1,0,0
410510014001006,251,9,4,1
410510014001007,0,0,0,0
410510014001008,66,2,4,2
410510014001009,97,1,1,0
410510014001010,55,1,1,3
410510014001011,42,1,0,0
410510014001012,45,1,5,3
410510014001013,93,7,3,5
410510014001014,107,6,6,4
410510014001015,39,0,2,3
410510014001016,25,0,0,0
410510014001017,37,0,5,2
410510014001018,20,1,0,0
410510014001019,56,6,1,1
410510014001020,41,2,2,1
410510014002000,14,1,0,0
410510014002001,24,0,0,0
410510014002002,127,7,7,0
410510014002003,37,0,1,2
410510014002004,49,3,0,0
410510014002005,120,5,4,0
410510014002006,74,3,3,0
410510014002007,31,4,2,1
410510014002008,25,10,1,1
410510014002009,82,4,2,0
410510014002010,33,1,3,0
410510014002011,48,0,0,1
410510014002012,32,1,3,2
410510014002013,43,0,5,4
410510014002014,20,3,0,0
410510014002015,55,1,3,0
410510014002016,84,5,5,0
410510014002017,27,0,0,0
410510014002018,20,0,0,0
410510014002019,9,1,0,0
410510014002020,29,1,2,1
410510014002021,16,0,0,0
410510014002022,44,0,1,0
410510014002023,18,1,0,0
410510014002024,18,2,0,0
410510014002025,129,3,3,1
410510014003000,0,0,0,0
410510014003001,23,0,0,0
410510014003002,121,8,1,1
410510014003003,130,11,13,10
410510014003004,127,11,19,2
410510014003005,19,0,2,0
410510014003006,73,0,0,3
410510014003007,59,2,2,2
410510014003008,8,0,2,1
410510014003009,56,2,5,1
410510014003010,110,10,2,0
410510014003011,131,8,0,2
410510014003012,57,2,6,3
410510014003013,89,3,10,3
410510014003014,116,9,5,13
410510014003015,84,9,2,6
410510014003016,111,4,9,0
410510014003017,64,1,5,1
410510014003018,29,5,1,0
410510014003019,35,5,1,0
410510014004000,75,4,5,4
410510014004001,30,1,2,3
410510014004002,22,0,0,0
410510014004003,21,2,0,0
410510014004004,30,0,2,1
410510014004005,45,3,5,0
410510014004006,53,1,1,5
410510014004007,49,3,1,0
410510014004008,105,4,4,0
410510014004009,39,1,3,0
410510014004010,107,1,1,3
410510014004011,60,4,4,5
410510014004012,26,1,0,0
410510014004013,57,1,5,2
410510014004014,14,2,3,0
410510014004015,169,2,2,3
410510014005000,27,0,0,0
410510014005001,43,5,2,4
410510014005002,41,3,0,5
410510014005003,79,1,7,3
410510014005004,46,1,0,4
410510014005005,19,0,0,2
410510014005006,39,2,4,1
410510014005007,67,3,4,0
410510014005008,32,3,4,0
410510014005009,43,3,4,5
410510014005010,18,0,0,0
410510014005011,78,7,3,0
410510014005012,32,0,1,0
410510014005013,40,0,0,0
410510014005014,36,2,0,3
410510014005015,42,1,0,0
410510014005016,35,0,0,3
410510014005017,21,1,3,0
410510014005018,14,0,0,0
410510014005019,21,1,1,0
410510014005020,29,0,2,0
410510015001000,129,8,8,0
410510015001001,32,0,0,0
410510015001002,35,3,9,0
410510015001003,73,8,5,0
410510015001004,91,4,12,8
410510015001005,30,2,4,1
410510015001006,23,1,0,2
410510015001007,14,0,0,0
410510015001008,35,4,1,0
410510015001009,51,2,11,0
410510015001010,39,0,0,0
410510015001011,5,0,1,0
410510015001012,136,5,15,3
410510015001013,124,0,4,3
410510015001014,94,0,7,6
410510015001015,116,13,3,1
410510015001016,124,0,3,15
410510015001017,46,5,1,4
410510015001018,106,9,2,4
410510015001019,94,9,6,0
410510015001020,84,1,3,3
410510015001021,32,0,0,1
410510015002000,116,2,8,8
410510015002001,161,8,15,1
410510015002002,123,3,14,7
410510015002003,279,5,7,8
410510015002004,156,10,2,2
410510015002005,56,12,8,0
410510015002006,58,2,5,3
410510015002007,59,5,6,0
410510015002008,57,1,4,4
410510015002009,57,1,4,1
410510015002010,51,4,3,3
410510015002011,53,5,1,0
410510015002012,47,3,6,1
410510015003000,49,3,0,1
410510015003001,39,8,8,0
410510015003002,84,1,6,9
410510015003003,63,1,3,9
410510015003004,40,1,0,0
410510015003005,170,15,12,7
410510015003006,82,4,7,3
410510015003007,93,5,3,1
410510015003008,29,1,0,0
410510015003009,36,0,3,1
410510015003010,22,0,1,0
410510015003011,99,1,3,0
410510015003012,92,7,7,2
410510016011000,0,0,0,0
410510016011001,8,0,3,1
410510016011002,0,0,0,0
410510016011003,11,0,0,0
410510016011004,36,0,0,0
410510016011005,1,0,0,0
410510016011006,23,0,1,0
410510016011007,34,3,1,2
410510016011008,29,0,0,0
410510016011009,26,0,3,0
410510016011010,27,0,6,4
410510016011011,12,0,1,0
410510016011012,7,0,0,0
410510016011013,21,2,0,1
410510016011014,13,0,0,0
410510016011015,18,0,0,0
410510016011016,25,2,9,0
410510016011017,21,2,2,1
410510016011018,23,1,2,0
410510016011019,49,0,0,0
410510016011020,44,1,1,2
410510016011021,28,0,2,0
410510016011022,23,2,4,0
410510016011023,30,0,1,0
410510016011024,29,2,0,0
410510016011025,18,0,0,0
410510016011026,16,2,2,0
410510016011027,19,0,0,0
410510016011028,22,0,2,2
410510016011029,17,2,3,1
410510016011030,39,2,1,0
410510016011031,71,8,4,3
410510016011032,30,0,3,1
410510016011033,26,6,1,0
410510016011034,137,1,1,0
410510016011035,15,0,0,0
410510016011036,19,1,1,1
410510016011037,40,0,0,0
410510016012000,51,1,1,1
410510016012001,26,0,1,0
410510016012002,46,2,1,2
410510016012003,48,0,2,4
410510016012004,27,0,2,3
410510016012005,27,1,0,3
410510016012006,33,1,2,1
410510016012007,76,4,6,5
410510016012008,18,1,4,0
410510016012009,35,0,5,0
410510016012010,31,0,1,1
410510016012011,23,2,0,0
410510016012012,49,11,2,0
410510016012013,37,0,3,1
410510016012014,45,0,0,0
410510016012015,63,3,8,1
410510016012016,52,2,9,3
410510016012017,32,5,2,0
410510016012018,70,16,3,1
410510016012019,17,0,0,0
410510016012020,59,0,5,1
410510016012021,39,1,5,4
410510016013000,222,17,7,2
410510016013001,41,1,2,0
410510016013002,33,3,1,0
410510016013003,47,4,1,0
410510016013004,33,1,0,0
410510016013005,42,3,1,1
410510016013006,33,0,2,2
410510016013007,39,1,1,3
410510016013008,31,0,1,1
410510016013009,15,1,0,0
410510016013010,26,0,0,2
410510016013011,31,3,5,0
410510016013012,32,3,1,0
410510016013013,35,1,2,3
410510016013014,94,4,8,5
410510016013015,84,4,10,0
410510016013016,51,0,0,1
410510016013017,33,2,0,0
410510016013018,52,4,5,1
410510016013019,71,7,3,5
410510016013020,54,1,1,2
410510016013021,64,1,6,1
410510016014000,100,0,14,3
410510016014001,68,6,4,3
410510016014002,33,2,0,0
410510016014003,0,0,0,0
410510016014004,0,0,0,0
410510016014005,0,0,0,0
410510016014006,0,0,0,0
410510016014007,199,22,8,4
410510016014008,66,6,0,1
410510016014009,28,0,2,0
410510016014010,206,5,13,5
410510016014011,46,0,0,1
410510016014012,12,0,0,0
410510016014013,0,0,0,0
410510016014014,51,0,1,2
410510016014015,98,4,7,6
410510016014016,90,0,1,1
410510016014017,10,0,0,0
410510016014018,283,3,3,2
410510016014019,24,0,3,0
410510016014020,27,3,2,2
410510016014021,17,0,0,0
410510016015000,53,7,0,0
410510016015001,92,3,4,3
410510016015002,29,2,0,0
410510016015003,94,2,3,1
410510016015004,24,3,0,0
410510016015005,5,3,0,0
410510016015006,19,2,2,0
410510016015007,41,4,2,0
410510016015008,26,0,1,0
410510016015009,61,7,4,0
410510016015010,45,3,0,0
410510016015011,38,3,0,0
410510016015012,52,0,3,4
410510016015013,54,3,0,13
410510016015014,48,3,1,0
410510016015015,61,6,0,0
410510016015016,22,0,2,2
410510016015017,37,2,3,1
410510016015018,47,0,0,0
410510016016000,54,0,7,0
410510016016001,19,1,0,0
410510016016002,56,4,2,4
410510016016003,18,2,5,0
410510016016004,42,5,2,2
410510016016005,24,0,1,0
410510016016006,53,6,1,0
410510016016007,39,3,3,0
410510016016008,39,0,0,4
410510016016009,44,1,2,2
410510016016010,33,3,1,0
410510016016011,40,1,2,0
410510016016012,21,0,1,4
410510016016013,57,3,0,5
410510016016014,44,0,0,0
410510016016015,16,1,2,0
410510016016016,74,2,2,0
410510016016017,231,14,11,2
410510016016018,21,0,3,0
410510016016019,29,0,1,0
410510016021000,0,0,0,0
410510016021001,54,0,0,0
410510016021002,10,0,0,0
410510016021003,21,0,0,0
410510016021004,10,0,0,1
410510016021005,0,0,0,0
410510016021006,34,4,0,0
410510016021007,28,0,5,2
410510016021008,23,2,0,0
410510016021009,15,0,0,0
410510016021010,20,0,2,2
410510016021011,26,4,0,2
410510016021012,24,0,1,0
410510016021013,21,1,1,1
410510016021014,24,1,1,2
410510016021015,15,0,0,2
410510016021016,10,0,0,0
410510016021017,26,0,0,0
410510016021018,41,3,1,2
410510016021019,28,0,1,0
410510016021020,19,0,0,0
410510016021021,33,0,0,2
410510016021022,58,3,5,3
410510016021023,35,4,0,2
410510016021024,35,3,2,0
410510016021025,52,4,0,2
410510016021026,131,4,4,1
410510016021027,0,0,0,0
410510016021028,41,3,1,0
410510016021029,42,1,3,0
410510016021030,25,0,1,0
410510016021031,15,2,1,0
410510016021032,23,1,0,0
410510016022000,182,15,14,4
410510016022001,30,0,2,0
410510016022002,80,2,4,2
410510016022003,61,6,10,0
410510016022004,38,0,0,1
410510016022005,35,1,0,3
410510016022006,49,4,5,2
410510016022007,72,6,3,0
410510016022008,62,1,5,0
410510016022009,41,2,1,4
410510016022010,49,1,0,0
410510016022011,56,5,3,1
410510016022012,58,2,3,2
410510016022013,143,2,4,4
410510016022014,107,9,1,0
410510016022015,200,20,10,3
410510016023000,62,2,2,1
410510016023001,39,0,0,2
410510016023002,77,3,1,3
410510016023003,101,13,6,1
410510016023004,31,4,0,3
410510016023005,49,3,1,5
410510016023006,59,4,1,2
410510016023007,47,0,0,1
410510016023008,51,2,8,0
410510016023009,182,15,2,6
410510016023010,103,16,4,0
410510016023011,188,6,26,13
410510016023012,200,24,9,12
410510016023013,121,5,11,3
410510016023014,98,4,4,0
410510016023015,44,1,0,1
410510016023016,21,0,2,0
410510016024000,56,9,3,2
410510016024001,32,0,0,0
410510016024002,45,2,4,0
410510016024003,30,1,3,1
410510016024004,65,2,2,2
410510016024005,78,8,9,6
410510016024006,51,4,3,2
410510016024007,44,0,0,0
410510016024008,45,0,0,2
410510016024009,61,6,3,0
410510016024010,60,3,1,2
410510016024011,62,4,2,2
410510016024012,79,3,5,0
410510016024013,16,2,1,0
410510016024014,21,2,2,0
410510016024015,53,3,2,0
410510016024016,48,4,3,1
410510016024017,49,1,0,2
410510016024018,46,0,0,2
410510017021000,0,0,0,0
410510017021001,0,0,0,0
410510017021002,138,13,4,2
410510017021003,69,2,3,1
410510017021004,53,4,5,0
410510017021005,58,2,4,0
410510017021006,182,7,5,0
410510017021007,176,20,15,7
410510017021008,182,10,17,10
410510017021009,101,3,4,7
410510017021010,37,0,5,4
410510017021011,18,0,1,0
410510017021012,34,2,5,3
410510017021013,20,0,0,0
410510017021014,37,1,1,0
410510017021015,50,0,0,0
410510017021016,167,17,15,1
410510017021017,95,0,0,2
410510017021018,100,0,1,5
410510017021019,72,2,0,5
410510017021020,73,2,1,0
410510017021021,6,1,1,0
410510017021022,0,0,0,0
410510017021023,12,1,3,2
410510017021024,34,2,4,3
410510017021025,31,4,5,2
410510017022000,128,6,7,9
410510017022001,52,8,2,0
410510017022002,51,6,4,0
410510017022003,8,1,2,0
410510017022004,26,3,2,0
410510017022005,19,3,1,1
410510017022006,20,1,0,0
410510017022007,42,8,0,0
410510017022008,57,1,1,0
410510017022009,31,3,4,0
410510017022010,32,2,1,0
410510017022011,74,3,1,0
410510017022012,64,2,1,0
410510017022013,44,4,2,3
410510017022014,62,0,0,0
410510017022015,38,0,0,0
410510017022016,18,0,0,0
410510017022017,23,2,4,0
410510017022018,30,3,0,0
410510017022019,33,2,0,2
410510017022020,28,4,1,0
410510017022021,24,3,1,0
410510017022022,31,3,3,6
410510017022023,21,2,8,0
410510017022024,40,2,0,0
410510017023000,132,3,3,0
410510017023001,19,0,1,2
410510017023002,34,0,0,1
410510017023003,0,0,0,0
410510017023004,33,2,0,0
410510017023005,34,2,2,5
410510017023006,49,1,1,0
410510017023007,45,0,0,0
410510017023008,68,8,3,0
410510017023009,35,3,0,2
410510017023010,55,1,3,0
410510017023011,18,3,0,0
410510017023012,39,4,3,3
410510017023013,58,2,7,0
410510017023014,54,2,3,0
410510017023015,47,0,0,0
410510017023016,49,1,4,2
410510017023017,48,0,4,1
410510017023018,44,2,2,1
410510017023019,18,0,0,1
410510017023020,32,3,0,1
410510017023021,34,1,0,2
410510017023022,40,0,1,1
410510017023023,23,4,1,0
410510017023024,20,1,1,0
410510017023025,26,2,4,2
410510017023026,50,4,3,5
410510017023027,15,0,0,1
410510017023028,34,1,0,0
410510017023029,18,1,0,2
410510017023030,28,0,0,3
410510017023031,29,0,3,1
410510017031000,0,0,0,0
410510017031001,0,0,0,0
410510017031002,0,0,0,0
410510017031003,15,0,0,0
410510017031004,70,1,3,1
410510017031005,52,2,7,2
410510017031006,53,4,1,0
410510017031007,27,1,2,0
410510017031008,18,0,0,0
410510017031009,15,0,0,1
410510017031010,28,2,0,0
410510017031011,19,5,2,0
410510017031012,26,7,0,0
410510017031013,0,0,0,0
410510017031014,33,1,0,0
410510017031015,0,0,0,0
410510017031016,46,0,2,0
410510017031017,33,2,1,2
410510017031018,48,1,1,5
410510017031019,31,4,3,0
410510017031020,41,0,0,0
410510017031021,30,1,3,1
410510017031022,31,0,1,1
410510017031023,0,0,0,0
410510017031024,20,0,1,0
410510017032000,42,1,4,2
410510017032001,35,1,4,0
410510017032002,47,0,0,2
410510017032003,43,0,2,0
410510017032004,44,1,1,0
410510017032005,59,2,5,1
410510017032006,50,3,5,5
410510017032007,30,2,1,0
410510017032008,53,2,5,0
410510017032009,29,2,2,0
410510017032010,40,5,4,0
410510017032011,37,2,2,0
410510017032012,32,4,0,0
410510017032013,58,2,9,0
410510017032014,39,1,0,1
410510017032015,40,0,8,2
410510017032016,31,2,0,0
410510017032017,20,0,0,0
410510017032018,59,9,2,1
410510017032019,58,1,6,0
410510017032020,67,2,0,1
410510017032021,95,0,0,0
410510017032022,39,8,2,2
410510017032023,95,7,0,4
410510017032024,77,1,2,0
410510017032025,72,4,3,2
410510017032026,32,0,0,0
410510017032027,19,0,0,1
410510017032028,31,1,6,1
410510017033000,75,1,0,1
410510017033001,30,4,0,0
410510017033002,40,0,0,0
410510017033003,20,1,0,0
410510017033004,38,0,2,1
410510017033005,37,0,0,0
410510017033006,34,0,0,0
410510017033007,42,8,2,4
410510017033008,47,4,3,0
410510017033009,55,1,2,0
410510017033010,66,5,3,0
410510017033011,34,0,0,0
410510017033012,43,6,2,0
410510017033013,39,3,5,1
410510017033014,49,2,0,1
410510017033015,60,1,2,0
410510017033016,28,4,0,1
410510017034000,0,0,0,0
410510017034001,0,0,0,0
410510017034002,23,4,0,1
410510017034003,63,2,2,0
410510017034004,10,0,0,0
410510017034005,77,5,0,0
410510017034006,23,0,3,1
410510017034007,38,1,1,3
410510017034008,27,0,2,2
410510017034009,15,0,2,1
410510017034010,55,0,0,0
410510017034011,0,0,0,0
410510017034012,202,8,7,5
410510017034013,43,0,1,0
410510017034014,36,3,1,0
410510017034015,49,2,7,0
410510017034016,44,1,3,0
410510017034017,49,3,2,2
410510017034018,32,0,2,1
410510017034019,48,2,4,2
410510017034020,42,5,0,3
410510017034021,30,3,4,0
410510017034022,50,2,3,1
410510017034023,28,0,0,0
410510017034024,37,0,6,0
410510017034025,128,1,5,2
410510017034026,57,3,3,1
410510017041000,12,0,0,0
410510017041001,100,1,1,2
410510017041002,65,1,4,0
410510017041003,75,2,0,2
410510017041004,91,3,3,6
410510017041005,40,0,4,0
410510017041006,59,2,3,0
410510017041007,12,0,0,0
410510017041008,18,1,3,2
410510017041009,24,0,0,0
410510017041010,19,0,0,1
410510017041011,35,1,0,3
410510017041012,12,0,0,1
410510017041013,45,1,2,2
410510017041014,17,1,2,0
410510017041015,36,0,0,1
410510017041016,24,0,1,0
410510017041017,36,0,2,0
410510017041018,25,0,1,0
410510017041019,35,0,0,0
410510017041020,41,2,0,1
410510017041021,32,0,0,0
410510017041022,0,0,0,0
410510017042000,42,1,0,1
410510017042001,61,2,7,0
410510017042002,35,1,0,0
410510017042003,13,2,0,0
410510017042004,33,1,0,0
410510017042005,41,1,1,0
410510017042006,21,0,0,0
410510017042007,29,0,1,0
410510017042008,35,2,1,0
410510017042009,24,0,1,0
410510017042010,38,2,2,4
410510017042011,28,1,0,2
410510017042012,44,0,3,0
410510017042013,42,1,0,1
410510017042014,46,1,2,6
410510017042015,37,3,0,5
410510017042016,45,1,0,2
410510017042017,23,2,0,0
410510017042018,20,1,2,2
410510017042019,32,3,1,0
410510017042020,21,0,2,0
410510017042021,48,5,0,0
410510017042022,70,2,0,2
410510017042023,94,3,1,0
410510017042024,118,2,7,0
410510017043000,26,0,2,0
410510017043001,9,3,1,0
410510017043002,39,2,2,0
410510017043003,64,0,6,0
410510017043004,43,1,0,1
410510017043005,68,7,2,3
410510017043006,31,1,0,0
410510017043007,53,1,1,2
410510017043008,68,6,0,0
410510017043009,93,4,2,6
410510017043010,62,2,7,0
410510017043011,49,0,0,3
410510017043012,33,1,0,1
410510017043013,64,3,3,0
410510017043014,28,0,3,0
410510017043015,54,3,4,0
410510018011000,29,0,4,23
410510018011001,0,0,0,0
410510018011002,45,0,1,0
410510018011003,72,4,2,1
410510018011004,314,3,0,3
410510018011005,182,20,20,4
410510018011006,35,3,0,0
410510018011007,41,0,1,0
410510018011008,32,0,5,3
410510018011009,107,0,4,5
410510018011010,53,7,1,1
410510018011011,47,2,6,0
410510018011012,48,2,1,1
410510018011013,60,4,0,3
410510018011014,31,0,0,0
410510018011015,46,1,3,2
410510018011016,35,0,1,0
410510018011017,30,5,1,0
410510018011018,46,0,2,0
410510018011019,0,0,0,0
410510018011020,0,0,0,0
410510018011021,0,0,0,0
410510018011022,26,3,0,2
410510018012000,19,2,0,2
410510018012001,30,0,3,1
410510018012002,24,0,0,0
410510018012003,48,3,5,4
410510018012004,109,8,1,1
410510018012005,71,3,2,0
410510018012006,111,7,2,5
410510018012007,60,0,1,0
410510018012008,29,0,0,0
410510018012009,41,0,0,2
410510018012010,121,5,0,0
410510018012011,57,1,1,1
410510018012012,49,4,4,5
410510018012013,44,0,1,4
410510018012014,27,1,1,0
410510018012015,59,3,3,1
410510018012016,48,0,1,0
410510018012017,14,0,0,0
410510018012018,31,0,3,0
410510018012019,31,0,0,2
410510018012020,64,0,1,0
410510018012021,90,0,0,0
410510018012022,78,2,4,1
410510018012023,33,1,0,0
410510018013000,50,6,5,0
410510018013001,31,2,0,5
410510018013002,51,0,0,0
410510018013003,20,0,0,0
410510018013004,47,2,3,3
410510018013005,5,0,0,0
410510018013006,23,0,0,0
410510018013007,0,0,0,0
410510018013008,28,0,0,0
410510018013009,0,0,0,0
410510018013010,0,0,0,0
410510018013011,126,2,1,0
410510018013012,84,2,11,0
410510018013013,45,0,6,0
410510018013014,48,9,1,0
410510018013015,58,4,3,2
410510018013016,52,1,1,0
410510018013017,94,7,2,2
410510018013018,51,3,5,0
410510018013019,36,0,0,4
410510018013020,40,1,1,2
410510018013021,33,0,6,1
410510018013022,32,0,8,0
410510018013023,8,0,0,0
410510018013024,84,1,1,0
410510018013025,31,2,0,3
410510018013026,30,3,1,1
410510018013027,40,0,0,0
410510018013028,38,1,1,0
410510018013029,46,4,0,5
410510018013030,52,1,3,2
410510018013031,26,3,1,1
410510018013032,36,3,2,0
410510018013033,35,1,0,0
410510018013034,24,2,0,0
410510018013035,57,0,2,0
410510018013036,30,0,2,0
410510018013037,42,3,2,3
410510018013038,18,1,1,0
410510018013039,49,1,0,0
410510018013040,56,2,2,0
410510018013041,51,2,0,1
410510018013042,52,5,5,0
410510018021000,150,5,14,1
410510018021001,47,1,1,8
410510018021002,125,5,15,2
410510018021003,64,3,1,5
410510018021004,13,1,4,0
410510018021005,66,2,4,1
410510018021006,40,1,4,1
410510018021007,166,1,9,0
410510018021008,101,3,10,3
410510018021009,25,0,0,0
410510018021010,0,0,0,0
410510018021011,158,18,5,2
410510018021012,127,0,0,3
410510018021013,203,5,8,4
410510018021014,39,1,2,4
410510018021015,97,5,3,5
410510018021016,161,12,7,7
410510018021017,25,6,2,2
410510018021018,69,8,1,3
410510018021019,60,3,5,0
410510018021020,55,2,1,7
410510018021021,68,6,4,0
410510018021022,54,3,5,3
410510018021023,68,6,6,0
410510018021024,63,3,3,0
410510018021025,63,5,0,0
410510018022000,83,3,1,3
410510018022001,90,1,1,1
410510018022002,174,10,2,0
410510018022003,122,0,16,0
410510018022004,22,1,1,0
410510018022005,21,1,4,0
410510018022006,107,11,4,1
410510018022007,45,10,0,0
410510018022008,116,7,5,14
410510018022009,66,7,5,0
410510018022010,50,5,2,3
410510018022011,47,5,2,2
410510018022012,33,3,0,0
410510018022013,62,1,3,1
410510018022014,126,1,5,0
410510018022015,34,0,0,0
410510018022016,29,0,0,5
410510018022017,25,7,1,2
410510018022018,7,0,3,2
410510018022019,14,0,1,0
410510018022020,22,1,0,3
410510018022021,59,2,4,4
410510018022022,27,3,1,0
410510018022023,45,1,0,0
410510019001000,12,1,5,0
410510019001001,0,0,0,0
410510019001002,168,4,1,0
410510019001003,41,4,0,1
410510019001004,59,1,5,0
410510019001005,83,1,5,7
410510019001006,44,2,0,0
410510019001007,67,2,6,11
410510019001008,58,0,2,12
410510019001009,69,8,4,3
410510019001010,53,8,5,0
410510019001011,0,0,0,0
410510019001012,48,3,6,0
410510019001013,48,0,4,0
410510019001014,43,3,2,2
410510019001015,33,5,6,2
410510019001016,40,4,0,3
410510019001017,33,6,1,0
410510019001018,34,0,0,1
410510019001019,55,7,5,3
410510019001020,43,4,5,0
410510019001021,31,6,3,0
410510019001022,10,2,0,2
410510019001023,68,4,1,2
410510019001024,37,3,0,2
410510019001025,11,2,0,0
410510019001026,30,10,1,2
410510019001027,27,0,1,3
410510019001028,37,0,0,1
410510019001029,0,0,0,0
410510019002000,34,5,0,0
410510019002001,43,4,3,3
410510019002002,43,5,5,0
410510019002003,30,2,4,0
410510019002004,32,2,4,1
410510019002005,29,0,0,6
410510019002006,27,0,0,0
410510019002007,43,1,1,1
410510019002008,27,5,4,0
410510019002009,24,2,3,0
410510019002010,34,7,5,0
410510019002011,53,7,6,0
410510019002012,19,0,0,0
410510019002013,52,4,2,0
410510019002014,45,3,5,0
410510019002015,21,3,0,1
410510019002016,26,4,4,0
410510019002017,20,3,0,1
410510019002018,75,0,7,4
410510019002019,30,1,0,0
410510019002020,60,2,4,0
410510019002021,7,0,2,0
410510019002022,28,3,0,4
410510019002023,49,1,0,0
410510019002024,15,0,0,0
410510019002025,55,4,1,1
410510019002026,65,4,1,0
410510019002027,10,0,0,0
410510019002028,64,5,6,1
410510019002029,35,0,7,0
410510019002030,39,4,5,0
410510019002031,37,2,4,6
410510019002032,40,2,7,1
410510019003000,25,0,0,6
410510019003001,22,0,1,0
410510019003002,22,2,0,0
410510019003003,48,0,4,0
410510019003004,37,0,2,0
410510019003005,28,3,3,2
410510019003006,29,3,1,5
410510019003007,27,1,5,1
410510019003008,69,6,14,0
410510019003009,42,9,3,5
410510019003010,37,3,0,1
410510019003011,36,1,4,2
410510019003012,67,4,7,4
410510019003013,71,6,2,0
410510019003014,50,5,2,2
410510019003015,31,3,3,3
410510019003016,35,4,1,1
410510019003017,45,8,1,4
410510019003018,37,4,0,2
410510019003019,35,4,0,0
410510019003020,45,0,1,1
410510019003021,46,4,4,0
410510019003022,42,0,0,6
410510019003023,20,2,0,0
410510019003024,55,3,3,2
410510019003025,0,0,0,0
410510019003026,51,2,4,1
410510019003027,43,3,3,1
410510019004000,0,0,0,0
410510019004001,0,0,0,0
410510019004002,20,2,0,0
410510019004003,26,0,3,3
410510019004004,16,0,6,0
410510019004005,34,3,4,3
410510019004006,21,1,0,3
410510019004007,58,9,2,0
410510019004008,17,4,0,0
410510019004009,44,10,0,2
410510019004010,29,0,4,0
410510019004011,27,0,1,0
410510019004012,34,0,0,0
410510019004013,20,5,0,0
410510019004014,41,0,6,0
410510019004015,52,2,5,2
410510019004016,55,2,4,0
410510019004017,42,4,0,1
410510019004018,20,2,2,0
410510019004019,39,1,2,3
410510019004020,18,0,1,2
410510019004021,80,8,5,6
410510019004022,45,0,6,0
410510019004023,93,12,9,6
410510019004024,50,5,3,0
410510019004025,18,0,0,0
410510019004026,53,1,3,4
410510019004027,72,4,5,8
410510019004028,59,7,5,0
410510019004029,46,1,3,0
410510019004030,66,3,11,10
410510019004031,28,0,0,1
410510019004032,40,4,2,3
410510019004033,35,0,3,0
410510019004034,49,9,10,2
410510019004035,50,2,1,3
410510019004036,57,3,7,0
410510019004037,40,11,7,0
410510019004038,41,1,4,3
410510019004039,0,0,0,0
410510019004040,0,0,0,0
410510020011000,69,7,1,1
410510020011001,66,0,0,0
410510020011002,40,1,0,0
410510020011003,67,1,2,0
410510020011004,173,6,8,2
410510020011005,51,0,0,0
410510020011006,93,2,5,1
410510020011007,101,1,3,4
410510020011008,105,0,2,4
410510020011009,62,3,2,0
410510020011010,59,2,0,0
410510020011011,72,5,0,0
410510020011012,86,2,8,1
410510020011013,60,0,0,1
410510020012000,0,0,0,0
410510020012001,52,0,0,0
410510020012002,38,0,0,1
410510020012003,61,0,2,0
410510020012004,36,3,2,0
410510020012005,30,0,0,0
410510020012006,50,2,5,0
410510020012007,23,3,2,1
410510020012008,34,3,5,0
410510020012009,46,0,0,5
410510020012010,23,1,3,0
410510020012011,14,0,0,2
410510020012012,47,0,1,0
410510020012013,40,1,4,1
410510020012014,24,0,5,1
410510020012015,32,0,0,0
410510020012016,45,1,2,3
410510020012017,43,5,3,0
410510020012018,15,0,0,0
410510020012019,48,0,0,0
410510020012020,0,0,0,0
410510020012021,96,2,4,1
410510020012022,43,1,0,0
410510020012023,35,2,3,2
410510020012024,37,1,2,0
410510020013000,0,0,0,0
410510020013001,24,0,0,0
410510020013002,31,2,0,1
410510020013003,0,0,0,0
410510020013004,0,0,0,0
410510020013005,9,0,1,0
410510020013006,0,0,0,0
410510020013007,30,0,1,0
410510020013008,20,1,3,1
410510020013009,30,3,1,1
410510020013010,0,0,0,0
410510020013011,45,2,2,0
410510020013012,50,3,4,0
410510020013013,51,1,4,0
410510020013014,50,0,0,0
410510020013015,52,7,1,1
410510020013016,41,3,6,1
410510020013017,45,0,0,0
410510020013018,63,0,1,4
410510020021000,0,0,0,0
410510020021001,55,4,5,1
410510020021002,0,0,0,0
410510020021003,5,0,0,0
410510020021004,0,0,0,0
410510020021005,27,0,3,0
410510020021006,39,0,0,0
410510020021007,31,0,0,0
410510020021008,10,0,0,0
410510020021009,0,0,0,0
410510020021010,0,0,0,0
410510020021011,0,0,0,0
410510020021012,0,0,0,0
410510020021013,0,0,0,0
410510020021014,36,0,0,0
410510020021015,92,1,0,0
410510020021016,0,0,0,0
410510020021017,24,0,1,0
410510020021018,69,0,0,0
410510020021019,0,0,0,0
410510020021020,60,0,0,0
410510020021021,0,0,0,0
410510020021022,0,0,0,0
410510020021023,0,0,0,0
410510020021024,0,0,0,0
410510020021025,0,0,0,0
410510020021026,0,0,0,0
410510020021027,0,0,0,0
410510020022000,45,0,0,1
410510020022001,49,0,0,0
410510020022002,36,0,0,0
410510020022003,34,0,0,0
410510020022004,73,0,0,0
410510020022005,84,1,2,1
410510020022006,141,6,2,0
410510020022007,98,0,2,0
410510020022008,23,1,0,0
410510020022009,32,0,0,0
410510020022010,39,2,2,0
410510020022011,67,1,1,0
410510020022012,71,1,1,0
410510020022013,60,0,0,0
410510020022014,57,0,0,0
410510020022015,101,2,0,0
410510020022016,0,0,0,0
410510020022017,96,4,5,0
410510020022018,93,1,4,1
410510020022019,51,1,2,1
410510020022020,51,2,2,0
410510020022021,33,0,0,0
410510020023000,21,1,0,0
410510020023001,39,1,0,0
410510020023002,41,3,0,0
410510020023003,207,3,1,0
410510020023004,85,3,0,3
410510020023005,43,0,1,0
410510020023006,27,2,0,0
410510020023007,22,0,1,0
410510020023008,22,0,1,0
410510020023009,157,0,4,0
410510020023010,115,1,0,2
410510020023011,0,0,0,0
410510020023012,47,0,0,0
410510020023013,0,0,0,0
410510020023014,11,0,0,0
410510020023015,44,0,0,1
410510020023016,51,0,0,0
410510020023017,60,0,0,0
410510020023018,26,0,1,0
410510020023019,54,1,0,0
410510020023020,15,1,0,0
410510020023021,87,3,1,1
410510020023022,107,1,2,1
410510020023023,47,0,2,0
410510020023024,151,4,0,0
410510020023025,59,0,0,0
410510020023026,45,3,2,0
410510020023027,86,7,6,2
410510020023028,80,0,2,0
410510020023029,67,0,0,0
410510020023030,23,2,2,0
410510020023031,15,3,1,0
410510020023032,56,0,0,0
410510021011000,22,0,0,0
410510021011001,82,0,0,0
410510021011002,0,0,0,0
410510021011003,0,0,0,0
410510021011004,0,0,0,0
410510021011005,13,0,0,0
410510021011006,0,0,0,0
410510021011007,0,0,0,0
410510021011008,6,0,0,0
410510021011009,0,0,0,0
410510021011010,3,1,0,0
410510021011011,0,0,0,0
410510021011012,0,0,0,0
410510021011013,0,0,0,0
410510021011014,0,0,0,0
410510021011015,0,0,0,0
410510021011016,0,0,0,0
410510021011017,6,0,0,0
410510021011018,12,1,0,3
410510021011019,3,0,1,1
410510021011020,20,0,1,0
410510021011021,0,0,0,0
410510021011022,5,0,0,0
410510021011023,0,0,0,0
410510021011024,0,0,0,0
410510021011025,0,0,0,0
410510021011026,5,0,0,0
410510021011027,13,0,0,0
410510021011028,0,0,0,0
410510021011029,0,0,0,0
410510021011030,6,1,0,0
410510021011031,0,0,0,0
410510021011032,8,0,0,0
410510021011033,9,0,0,0
410510021011034,12,0,0,0
410510021011035,0,0,0,0
410510021011036,0,0,0,0
410510021011037,0,0,0,0
410510021011038,0,0,0,0
410510021011039,0,0,0,0
410510021011040,14,1,0,0
410510021011041,0,0,0,0
410510021011042,0,0,0,0
410510021011043,0,0,0,0
410510021011044,0,0,0,0
410510021011045,91,0,0,0
410510021011046,77,1,1,1
410510021011047,47,1,3,0
410510021011048,14,1,1,1
410510021011049,0,0,0,0
410510021011050,0,0,0,0
410510021011051,0,0,0,0
410510021011052,0,0,0,0
410510021011053,97,0,0,3
410510021011054,6,0,0,0
410510021011055,0,0,0,0
410510021011056,0,0,0,0
410510021011057,0,0,0,0
410510021011058,4,0,0,0
410510021011059,0,0,0,0
410510021012000,0,0,0,0
410510021012001,8,0,0,0
410510021012002,0,0,0,0
410510021012003,0,0,0,0
410510021012004,6,0,0,0
410510021012005,0,0,0,0
410510021012006,0,0,0,0
410510021012007,85,0,0,0
410510021012008,0,0,0,0
410510021012009,0,0,0,0
410510021012010,0,0,0,0
410510021012011,0,0,0,0
410510021012012,262,0,5,0
410510021012013,145,0,1,1
410510021012014,0,0,0,0
410510021012015,0,0,0,0
410510021012016,0,0,0,0
410510021012017,0,0,0,0
410510021012018,0,0,0,0
410510021012019,6,0,0,0
410510021012020,0,0,0,0
410510021012021,0,0,0,0
410510021012022,0,0,0,0
410510021012023,0,0,0,0
410510021012024,0,0,0,0
410510021012025,0,0,0,0
410510021012026,19,0,1,0
410510021012027,7,0,0,0
410510021012028,15,0,0,0
410510021012029,0,0,0,0
410510021012030,0,0,0,0
410510021012031,23,1,2,0
410510021012032,13,0,2,0
410510021012033,0,0,0,0
410510021012034,0,0,0,0
410510021012035,0,0,0,0
410510021012036,0,0,0,0
410510021012037,167,0,3,0
410510021012038,0,0,0,0
410510021012039,5,0,0,0
410510021012040,0,0,0,0
410510021012041,0,0,0,0
410510021012042,52,0,3,0
410510021012043,26,0,1,0
410510021012044,0,0,0,0
410510021021000,0,0,0,0
410510021021001,25,2,3,2
410510021021002,3,0,0,0
410510021021003,11,0,1,0
410510021021004,18,1,2,2
410510021021005,35,1,0,1
410510021021006,199,5,6,1
410510021021007,0,0,0,0
410510021021008,145,0,6,0
410510021021009,0,0,0,0
410510021021010,0,0,0,0
410510021021011,0,0,0,0
410510021021012,147,1,1,1
410510021021013,21,0,0,0
410510021021014,11,1,0,1
410510021021015,0,0,0,0
410510021021016,13,0,0,0
410510021022000,0,0,0,0
410510021022001,194,0,1,0
410510021022002,19,0,0,0
410510021022003,44,0,0,1
410510021022004,100,0,1,1
410510021022005,168,0,0,0
410510021022006,124,0,2,0
410510021022007,0,0,0,0
410510021022008,32,0,0,0
410510021022009,58,0,0,1
410510021022010,48,1,1,0
410510021022011,53,2,1,0
410510021022012,27,0,0,0
410510021022013,126,3,0,0
410510021022014,16,0,1,1
410510021022015,69,0,0,0
410510021022016,16,0,0,0
410510021023000,6,0,0,0
410510021023001,0,0,0,0
410510021023002,137,1,0,0
410510021023003,84,2,0,0
410510021023004,0,0,0,0
410510021023005,15,0,0,0
410510021023006,4,0,0,0
410510021023007,7,0,0,1
410510021023008,30,1,2,0
410510021023009,46,0,0,1
410510021023010,44,0,0,0
410510021023011,22,0,0,0
410510021023012,35,0,0,0
410510021023013,84,1,1,1
410510021023014,4,0,0,0
410510021023015,13,0,2,0
410510021023016,10,0,0,0
410510021023017,0,0,0,0
410510021023018,30,0,0,0
410510021023019,23,0,0,0
410510021023020,37,0,5,0
410510021023021,28,2,5,0
410510021023022,77,6,1,2
410510021023023,24,0,0,0
410510021023024,36,3,0,0
410510021023025,43,2,1,0
410510021023026,33,1,4,0
410510021023027,48,0,1,0
410510021023028,0,0,0,0
410510021023029,69,2,3,0
410510021023030,58,0,0,0
410510021023031,53,0,0,0
410510021023032,46,2,4,0
410510021023033,41,1,0,0
410510022031000,0,0,0,0
410510022031001,21,0,0,0
410510022031002,54,2,0,0
410510022031003,52,1,2,0
410510022031004,23,1,0,0
410510022031005,0,0,0,0
410510022031006,10,0,0,0
410510022031007,115,1,1,0
410510022031008,97,1,1,4
410510022031009,47,1,0,0
410510022031010,0,0,0,0
410510022031011,0,0,0,0
410510022031012,0,0,0,0
410510022031013,0,0,0,0
410510022031014,74,1,1,0
410510022031015,0,0,0,0
410510022031016,0,0,0,0
410510022031017,19,0,0,0
410510022031018,0,0,0,0
410510022031019,0,0,0,0
410510022031020,256,0,0,0
410510022031021,122,0,0,0
410510022031022,15,0,0,0
410510022031023,0,0,0,0
410510022031024,0,0,0,0
410510022031025,0,0,0,0
410510022031026,78,1,0,0
410510022031027,94,4,7,3
410510022031028,30,3,0,0
410510022031029,0,0,0,0
410510022031030,0,0,0,0
410510022031031,44,1,0,0
410510022031032,90,1,3,0
410510022031033,63,0,1,0
410510022031034,0,0,0,0
410510022031035,0,0,0,0
410510022031036,97,0,0,0
410510022031037,0,0,0,0
410510022031038,0,0,0,0
410510022031039,0,0,0,0
410510022031040,14,1,1,0
410510022031041,0,0,0,0
410510022031042,0,0,0,0
410510022031043,13,0,0,0
410510022031044,13,0,0,0
410510022031045,0,0,0,0
410510022031046,5,0,0,0
410510022031047,0,0,0,0
410510022031048,11,1,0,0
410510022031049,0,0,0,0
410510022031050,0,0,0,0
410510022031051,0,0,0,0
410510022031052,0,0,0,0
410510022031053,0,0,0,0
410510022031054,0,0,0,0
410510022031055,75,1,4,0
410510022032000,27,1,1,1
410510022032001,71,0,0,0
410510022032002,62,5,0,5
410510022032003,65,1,4,1
410510022032004,52,2,1,1
410510022032005,210,14,22,2
410510022032006,222,8,11,10
410510022032007,97,3,1,0
410510022032008,62,0,0,2
410510022032009,67,6,2,0
410510022032010,73,5,0,0
410510022032011,134,7,5,1
410510022032012,26,0,0,0
410510022033000,63,0,7,5
410510022033001,139,3,8,8
410510022033002,141,2,5,9
410510022033003,82,7,5,2
410510022033004,93,4,2,4
410510022033005,176,5,5,0
410510022033006,128,5,1,6
410510022033007,82,5,2,0
410510022033008,46,0,5,1
410510022033009,54,1,2,2
410510022034000,40,3,3,0
410510022034001,154,4,8,1
410510022034002,46,3,0,0
410510022034003,20,0,3,0
410510022034004,48,2,0,2
410510022034005,81,5,9,2
410510022034006,65,3,5,1
410510022034007,58,0,1,0
410510022034008,91,8,10,5
410510022034009,94,0,5,2
410510022034010,53,0,2,2
410510022034011,97,2,0,1
410510022034012,68,4,2,0
410510022034013,163,8,3,0
410510022034014,149,3,2,4
410510023031000,65,1,2,3
410510023031001,86,5,2,0
410510023031002,20,3,1,0
410510023031003,60,0,0,1
410510023031004,62,2,0,1
410510023031005,3,0,0,0
410510023031006,0,0,0,0
410510023031007,76,0,0,0
410510023031008,2,0,0,0
410510023031009,13,0,0,0
410510023031010,0,0,0,0
410510023031011,0,0,0,0
410510023031012,0,0,0,0
410510023031013,0,0,0,0
410510023031014,0,0,0,0
410510023031015,0,0,0,0
410510023031016,5,0,0,0
410510023031017,0,0,0,0
410510023031018,0,0,0,0
410510023031019,0,0,0,0
410510023031020,0,0,0,0
410510023031021,0,0,0,0
410510023031022,0,0,0,0
410510023031023,0,0,0,0
410510023031024,26,0,0,0
410510023031025,0,0,0,0
410510023031026,0,0,0,0
410510023031027,0,0,0,0
410510023031028,0,0,0,0
410510023031029,0,0,0,0
410510023031030,0,0,0,0
410510023031031,0,0,0,0
410510023031032,0,0,0,0
410510023031033,0,0,0,0
410510023031034,0,0,0,0
410510023031035,0,0,0,0
410510023031036,0,0,0,0
410510023031037,0,0,0,0
410510023031038,0,0,0,0
410510023031039,0,0,0,0
410510023031040,11,0,0,0
410510023031041,0,0,0,0
410510023031042,0,0,0,0
410510023031043,0,0,0,0
410510023031044,0,0,0,0
410510023031045,0,0,0,0
410510023031046,0,0,0,0
410510023031047,27,1,2,1
410510023031048,222,2,0,1
410510023031049,0,0,0,0
410510023031050,109,1,3,0
410510023031051,103,1,0,1
410510023031052,20,0,0,2
410510023031053,26,0,1,1
410510023031054,0,0,0,0
410510023031055,235,2,0,0
410510023031056,0,0,0,0
410510023031057,0,0,0,0
410510023031058,101,0,0,0
410510023031059,0,0,0,0
410510023031060,0,0,0,0
410510023031061,0,0,0,0
410510023031062,0,0,0,0
410510023031063,0,0,0,0
410510023031064,1,0,0,0
410510023031065,0,0,0,0
410510023031066,13,0,0,0
410510023031067,0,0,0,0
410510023031068,0,0,0,0
410510023031069,0,0,0,0
410510023031070,0,0,0,0
410510023031071,0,0,0,0
410510023031072,0,0,0,0
410510023031073,0,0,0,0
410510023031074,0,0,0,0
410510023031075,0,0,0,0
410510023031076,0,0,0,0
410510023032000,754,3,4,6
410510023032001,0,0,0,0
410510023032002,0,0,0,0
410510023032003,0,0,0,0
410510023032004,15,1,0,3
410510023032005,221,2,2,0
410510023032006,0,0,0,0
410510023032007,0,0,0,0
410510023032008,0,0,0,0
410510023032009,13,0,0,0
410510023032010,0,0,0,0
410510023032011,113,0,0,0
410510023032012,0,0,0,0
410510023032013,0,0,0,0
410510023032014,210,6,6,0
410510023032015,7,0,0,0
410510023032016,16,1,1,0
410510023032017,0,0,0,0
410510023032018,0,0,0,0
410510023032019,0,0,0,0
410510023032020,0,0,0,0
410510023032021,0,0,0,0
410510023032022,14,0,1,0
410510023032023,0,0,0,0
410510023032024,0,0,0,0
410510023032025,0,0,0,0
410510023032026,0,0,0,0
410510023032027,98,0,0,0
410510023032028,0,0,0,0
410510023032029,0,0,0,0
410510023032030,0,0,0,0
410510023032031,0,0,0,0
410510023032032,0,0,0,0
410510023032033,0,0,0,0
410510023032034,0,0,0,0
410510023032035,0,0,0,0
410510023033000,98,2,4,4
410510023033001,78,6,1,4
410510023033002,143,6,2,2
410510023033003,30,0,0,0
410510023033004,31,0,1,0
410510023033005,19,0,1,0
410510023033006,0,0,0,0
410510023033007,17,1,0,0
410510023033008,14,1,1,0
410510023033009,16,0,0,0
410510023033010,0,0,0,0
410510023033011,0,0,0,0
410510023033012,0,0,0,0
410510023033013,0,0,0,0
410510023033014,0,0,0,0
410510023033015,6,0,0,0
410510023033016,0,0,0,0
410510023033017,16,1,1,0
410510023033018,0,0,0,0
410510023033019,0,0,0,0
410510023033020,0,0,0,0
410510023033021,0,0,0,0
410510023033022,6,0,0,0
410510023033023,16,0,0,0
410510023033024,0,0,0,0
410510023033025,0,0,0,0
410510023033026,0,0,0,0
410510023033027,73,1,1,0
410510023033028,0,0,0,0
410510023033029,59,1,0,1
410510023033030,179,0,0,1
410510023033031,0,0,0,0
410510023033032,0,0,0,0
410510023033033,0,0,0,0
410510023033034,25,2,2,0
410510023033035,52,0,1,0
410510023033036,0,0,0,0
410510023033037,139,1,1,0
410510023033038,0,0,0,0
410510023033039,0,0,0,0
410510023033040,7,0,0,0
410510023033041,0,0,0,0
410510023033042,0,0,0,0
410510023033043,0,0,0,0
410510023033044,0,0,0,0
410510023033045,0,0,0,0
410510023033046,0,0,0,0
410510023033047,0,0,0,0
410510023033048,0,0,0,0
410510023033049,303,1,0,0
410510023033050,0,0,0,0
410510024011000,59,3,7,3
410510024011001,55,5,12,3
410510024011002,55,0,2,2
410510024011003,41,5,5,8
410510024011004,32,1,4,0
410510024011005,49,0,4,1
410510024011006,53,0,5,4
410510024011007,109,2,2,7
410510024011008,53,1,4,4
410510024011009,42,0,2,0
410510024011010,43,7,1,3
410510024011011,70,6,0,1
410510024011012,65,8,4,0
410510024011013,32,0,2,0
410510024011014,35,1,0,1
410510024011015,42,0,0,8
410510024011016,40,4,3,1
410510024011017,36,3,0,0
410510024011018,41,1,0,0
410510024011019,57,1,4,2
410510024011020,45,1,7,0
410510024011021,77,3,13,7
410510024011022,42,2,1,1
410510024011023,53,1,7,3
410510024011024,41,0,0,9
410510024012000,39,0,5,2
410510024012001,51,7,4,4
410510024012002,39,3,0,4
410510024012003,35,1,3,0
410510024012004,52,0,4,2
410510024012005,46,0,12,1
410510024012006,47,1,0,3
410510024012007,53,8,7,0
410510024012008,53,2,6,0
410510024012009,56,8,4,2
410510024012010,47,3,6,1
410510024012011,47,2,4,6
410510024012012,56,3,2,8
410510024012013,66,1,0,6
410510024013000,45,15,1,2
410510024013001,61,4,11,2
410510024013002,53,2,0,1
410510024013003,57,6,2,0
410510024013004,63,3,6,4
410510024013005,54,1,3,0
410510024013006,60,0,3,3
410510024013007,51,4,0,3
410510024013008,57,1,1,3
410510024013009,48,9,3,1
410510024013010,29,3,3,2
410510024013011,75,7,1,0
410510024013012,58,1,5,7
410510024013013,61,0,1,2
410510024013014,68,0,3,3
410510024021000,92,7,8,5
410510024021001,100,0,0,1
410510024021002,67,5,0,0
410510024021003,102,0,5,0
410510024021004,43,4,2,0
410510024021005,68,0,0,6
410510024021006,59,3,2,0
410510024021007,105,0,1,1
410510024021008,63,0,6,0
410510024021009,130,2,3,1
410510024021010,34,4,2,0
410510024021011,47,0,0,0
410510024021012,44,1,4,0
410510024021013,43,0,0,0
410510024021014,0,0,0,0
410510024021015,142,0,3,2
410510024021016,135,2,1,0
410510024021017,66,0,3,1
410510024022000,36,2,2,0
410510024022001,124,1,0,1
410510024022002,0,0,0,0
410510024022003,0,0,0,0
410510024022004,41,1,3,0
410510024022005,301,1,1,8
410510024022006,10,0,0,1
410510024022007,97,1,0,0
410510024022008,71,1,0,0
410510024022009,73,0,2,4
410510024022010,274,1,1,1
410510024022011,72,0,1,0
410510024022012,163,3,4,0
410510024022013,131,1,0,4
410510024022014,3,0,0,0
410510024022015,0,0,0,0
410510024023000,72,4,0,0
410510024023001,64,5,5,1
410510024023002,60,0,1,0
410510024023003,57,6,1,2
410510024023004,83,5,4,3
410510024023005,61,0,0,0
410510024023006,61,7,4,0
410510024023007,52,0,2,1
410510024023008,50,0,0,0
410510024023009,77,0,0,0
410510024023010,35,1,0,0
410510024023011,37,0,0,0
410510024023012,67,1,0,0
410510024023013,122,1,1,0
410510024023014,39,0,0,0
410510024023015,0,0,0,0
410510024023016,14,1,1,0
410510024023017,0,0,0,0
410510024023018,71,0,2,0
410510024023019,10,0,1,0
410510024023020,2,0,0,0
410510024023021,2,0,0,0
410510024023022,4,0,0,0
410510024023023,0,0,0,0
410510024023024,32,0,0,0
410510024023025,19,0,1,0
410510024023026,0,0,0,0
410510024023027,0,0,0,0
410510024023028,0,0,0,0
410510024023029,3,0,0,0
410510024023030,0,0,0,0
410510024023031,0,0,0,0
410510024023032,0,0,0,0
410510024023033,0,0,0,0
410510024023034,0,0,0,0
410510025011000,44,0,5,1
410510025011001,42,4,5,1
410510025011002,52,3,1,0
410510025011003,53,7,6,0
410510025011004,70,6,12,1
410510025011005,57,4,0,4
410510025011006,50,1,13,1
410510025011007,45,3,2,0
410510025011008,58,10,1,1
410510025011009,56,1,5,5
410510025011010,49,1,6,4
410510025011011,45,2,3,6
410510025011012,61,1,6,8
410510025011013,39,0,4,0
410510025011014,41,0,7,1
410510025012000,39,2,2,1
410510025012001,58,7,4,1
410510025012002,46,3,0,0
410510025012003,72,3,9,2
410510025012004,64,1,2,4
410510025012005,63,5,11,3
410510025012006,41,3,3,0
410510025012007,35,5,0,0
410510025012008,49,1,4,1
410510025012009,46,0,5,0
410510025012010,75,11,5,4
410510025012011,53,7,3,0
410510025012012,52,6,0,1
410510025012013,45,1,5,1
410510025012014,55,5,4,1
410510025012015,39,4,1,0
410510025013000,63,1,3,3
410510025013001,58,5,4,1
410510025013002,52,1,6,4
410510025013003,61,0,4,7
410510025013004,80,8,13,1
410510025013005,101,5,12,10
410510025013006,63,1,8,0
410510025013007,67,2,7,10
410510025013008,79,7,11,8
410510025013009,62,2,8,4
410510025013010,29,2,1,0
410510025013011,36,10,0,1
410510025013012,42,0,0,0
410510025013013,43,1,12,1
410510025013014,43,2,0,1
410510025013015,37,2,2,0
410510025014000,46,4,4,1
410510025014001,47,5,2,1
410510025014002,33,3,3,6
410510025014003,35,5,3,2
410510025014004,42,1,1,2
410510025014005,50,2,2,8
410510025014006,51,3,8,2
410510025014007,56,9,3,5
410510025014008,52,0,10,0
410510025014009,50,0,2,10
410510025014010,43,1,4,1
410510025014011,29,0,9,0
410510025014012,35,0,2,7
410510025014013,32,3,4,1
410510025014014,27,0,3,1
410510025014015,60,2,9,0
410510025015000,60,5,8,0
410510025015001,47,2,4,1
410510025015002,35,2,0,5
410510025015003,60,0,9,0
410510025015004,53,1,4,0
410510025015005,54,1,3,9
410510025015006,62,1,7,6
410510025015007,40,2,5,1
410510025015008,44,4,1,6
410510025015009,57,7,9,0
410510025015010,47,2,1,3
410510025015011,39,4,1,0
410510025015012,33,3,0,4
410510025015013,57,1,9,0
410510025015014,59,8,5,4
410510025015015,54,6,3,2
410510025016000,50,0,1,1
410510025016001,36,4,1,3
410510025016002,5,0,1,0
410510025016003,51,1,5,1
410510025016004,51,2,5,0
410510025016005,45,4,7,2
410510025016006,41,3,0,1
410510025016007,52,0,0,0
410510025016008,43,6,0,6
410510025016009,39,7,0,1
410510025016010,53,8,2,2
410510025016011,42,0,0,2
410510025016012,53,4,6,2
410510025016013,7,0,0,0
410510025016014,56,2,7,2
410510025016015,49,1,1,1
410510025021000,78,3,12,5
410510025021001,26,0,2,0
410510025021002,28,5,4,0
410510025021003,32,2,1,2
410510025021004,50,0,11,1
410510025021005,44,1,5,0
410510025021006,31,0,0,5
410510025021007,36,12,0,0
410510025021008,41,0,10,0
410510025021009,32,0,0,0
410510025021010,34,7,0,0
410510025021011,25,1,2,1
410510025021012,22,0,1,0
410510025021013,45,0,13,0
410510025021014,31,7,0,0
410510025021015,30,2,2,0
410510025021016,27,0,0,0
410510025021017,29,3,2,0
410510025021018,59,0,0,7
410510025021019,17,0,2,0
410510025021020,23,0,0,0
410510025021021,42,6,4,1
410510025022000,538,13,6,15
410510025022001,19,0,3,1
410510025022002,25,0,0,4
410510025022003,93,0,0,7
410510025022004,59,0,3,0
410510025022005,26,0,1,1
410510025022006,43,3,2,1
410510025022007,53,0,1,1
410510025022008,30,0,0,0
410510025022009,28,1,4,3
410510025022010,35,1,2,1
410510025022011,42,1,1,0
410510025022012,113,0,2,0
410510025022013,0,0,0,0
410510025022014,0,0,0,0
410510025022015,70,9,0,1
410510025022016,50,1,2,1
410510025022017,46,1,3,0
410510025023000,43,0,0,5
410510025023001,38,1,0,1
410510025023002,50,1,0,0
410510025023003,83,0,1,0
410510025023004,109,0,0,0
410510025023005,105,2,2,0
410510025023006,64,2,1,0
410510025023007,130,3,2,3
410510025023008,104,0,1,0
410510025023009,65,4,3,0
410510025023010,100,3,10,3
410510025023011,62,0,8,3
410510025023012,96,1,2,0
410510025023013,62,1,1,0
410510025023014,81,2,4,1
410510025023015,173,3,1,7
410510025023016,73,4,2,0
410510025023017,0,0,0,0
410510025024000,62,0,3,5
410510025024001,37,0,4,1
410510025024002,35,4,0,2
410510025024003,42,1,1,0
410510025024004,60,0,3,4
410510025024005,46,3,5,6
410510025024006,69,2,14,2
410510025024007,63,2,1,4
410510025024008,118,0,0,0
410510025024009,54,1,2,4
410510025024010,55,2,2,1
410510025024011,30,4,5,0
410510025024012,32,2,0,1
410510025024013,25,1,3,0
410510025024014,25,1,0,0
410510025024015,31,0,0,0
410510025024016,57,0,1,0
410510025024017,90,1,1,0
410510025024018,95,5,8,2
410510025024019,22,1,0,0
410510025024020,33,0,0,0
410510025024021,21,0,0,1
410510025024022,22,2,0,0
410510026001000,33,0,2,0
410510026001001,23,0,0,1
410510026001002,39,1,6,0
410510026001003,28,3,1,0
410510026001004,58,3,9,1
410510026001005,23,0,2,0
410510026001006,43,2,9,5
410510026001007,32,3,2,4
410510026001008,29,7,2,1
410510026001009,37,2,4,5
410510026001010,78,9,7,2
410510026001011,56,3,1,5
410510026001012,64,2,1,6
410510026001013,48,3,4,2
410510026001014,29,0,0,0
410510026001015,0,0,0,0
410510026001016,34,0,0,2
410510026001017,40,7,3,0
410510026001018,58,11,6,0
410510026001019,53,2,1,2
410510026001020,45,5,1,0
410510026001021,34,4,2,0
410510026001022,42,2,3,2
410510026002000,39,2,5,4
410510026002001,37,5,1,0
410510026002002,41,6,1,0
410510026002003,54,1,8,5
410510026002004,42,0,4,6
410510026002005,35,2,7,1
410510026002006,32,0,0,0
410510026002007,17,5,4,0
410510026002008,56,5,0,4
410510026002009,47,2,8,0
410510026002010,30,0,0,2
410510026002011,61,8,6,2
410510026002012,66,9,6,5
410510026002013,55,1,10,1
410510026002014,59,2,9,1
410510026002015,58,7,3,2
410510026002016,45,2,10,2
410510026002017,50,8,7,1
410510026002018,40,3,4,0
410510026002019,45,0,3,8
410510026002020,35,11,1,0
410510026002021,0,0,0,0
410510026002022,35,2,1,4
410510026003000,54,0,10,3
410510026003001,44,1,10,1
410510026003002,55,1,9,6
410510026003003,0,0,0,0
410510026003004,50,4,4,0
410510026003005,23,6,0,2
410510026003006,34,3,6,2
410510026003007,47,6,1,0
410510026003008,153,22,5,9
410510026003009,55,10,2,5
410510026003010,43,5,4,4
410510026003011,60,1,6,0
410510026003012,54,2,2,1
410510026003013,48,3,0,3
410510026003014,43,0,3,5
410510026003015,44,2,10,0
410510026003016,30,0,1,1
410510026003017,0,0,0,0
410510026003018,0,0,0,0
410510026003019,7,0,0,1
410510026003020,30,0,6,1
410510026003021,14,0,1,0
410510026003022,28,0,7,3
410510026003023,11,0,2,1
410510026003024,84,1,2,2
410510026003025,0,0,0,0
410510026003026,0,0,0,0
410510027011000,36,3,0,0
410510027011001,37,2,4,3
410510027011002,42,1,6,0
410510027011003,38,3,7,0
410510027011004,47,0,6,7
410510027011005,58,0,6,8
410510027011006,38,5,4,0
410510027011007,40,0,1,6
410510027011008,48,4,6,1
410510027011009,46,3,11,2
410510027011010,32,5,5,0
410510027011011,32,1,0,0
410510027011012,42,2,1,1
410510027011013,46,1,3,0
410510027011014,56,1,7,7
410510027011015,52,0,6,2
410510027011016,46,0,4,6
410510027011017,52,4,11,0
410510027011018,58,4,5,1
410510027011019,40,0,1,0
410510027011020,53,8,2,1
410510027011021,28,1,1,0
410510027011022,37,2,3,4
410510027011023,52,5,3,4
410510027012000,70,8,9,9
410510027012001,57,2,8,0
410510027012002,55,4,3,0
410510027012003,48,0,0,5
410510027012004,65,2,6,12
410510027012005,53,6,0,6
410510027012006,56,10,6,1
410510027012007,28,2,0,1
410510027012008,90,1,11,7
410510027012009,45,4,11,2
410510027012010,11,0,1,0
410510027012011,60,2,7,3
410510027012012,71,9,6,1
410510027012013,58,4,9,1
410510027012014,26,1,0,1
410510027012015,13,1,1,1
410510027012016,23,0,0,0
410510027012017,50,4,12,2
410510027012018,37,0,6,1
410510027012019,70,1,9,15
410510027012020,59,3,6,3
410510027012021,50,8,1,4
410510027012022,20,1,0,0
410510027012023,52,3,0,2
410510027012024,27,1,0,0
410510027012025,93,13,6,11
410510027012026,5,0,0,2
410510027013000,33,0,2,1
410510027013001,40,2,5,3
410510027013002,26,1,6,0
410510027013003,48,4,1,1
410510027013004,54,7,2,1
410510027013005,60,16,0,0
410510027013006,49,2,0,4
410510027013007,46,2,15,2
410510027013008,48,0,1,5
410510027013009,52,0,2,1
410510027013010,49,4,7,0
410510027013011,38,5,0,3
410510027013012,74,2,10,2
410510027013013,54,9,4,0
410510027013014,64,5,14,3
410510027013015,57,1,4,8
410510027013016,60,13,2,1
410510027013017,24,6,1,0
410510027013018,43,0,2,9
410510027013019,19,3,1,0
410510027013020,0,0,0,0
410510027021000,46,0,1,6
410510027021001,45,2,0,0
410510027021002,58,0,2,1
410510027021003,0,0,0,0
410510027021004,34,1,2,0
410510027021005,43,8,5,1
410510027021006,38,2,8,1
410510027021007,21,0,0,0
410510027021008,30,5,1,0
410510027021009,35,3,1,1
410510027021010,22,0,0,3
410510027021011,49,0,3,2
410510027021012,117,0,1,4
410510027021013,75,0,3,0
410510027021014,123,2,4,2
410510027021015,8,1,0,0
410510027021016,58,3,1,0
410510027021017,0,0,0,0
410510027021018,11,1,0,1
410510027021019,29,0,1,0
410510027021020,0,0,0,0
410510027021021,9,3,0,0
410510027021022,53,7,4,3
410510027021023,28,3,0,2
410510027021024,113,2,3,0
410510027021025,76,0,5,6
410510027021026,0,0,0,0
410510027021027,9,0,0,1
410510027021028,0,0,0,0
410510027021029,0,0,0,0
410510027021030,0,0,0,0
410510027021031,22,0,1,0
410510027021032,0,0,0,0
410510027021033,3,0,0,2
410510027021034,0,0,0,0
410510027021035,56,0,1,0
410510027021036,0,0,0,0
410510027021037,0,0,0,0
410510027021038,0,0,0,0
410510027021039,38,0,0,8
410510027021040,60,9,3,3
410510027021041,34,4,0,0
410510027021042,53,0,5,0
410510027021043,46,5,2,0
410510027021044,47,2,7,0
410510027021045,53,0,0,6
410510027022000,49,5,4,0
410510027022001,61,9,4,1
410510027022002,51,9,7,0
410510027022003,82,1,5,4
410510027022004,59,3,1,6
410510027022005,61,2,0,0
410510027022006,547,0,0,4
410510027022007,19,0,0,0
410510027022008,63,1,3,0
410510027022009,187,0,1,1
410510027022010,0,0,0,0
410510027022011,67,1,5,0
410510027022012,59,7,7,0
410510027022013,34,5,3,1
410510027022014,14,0,1,2
410510027022015,24,2,1,1
410510027022016,21,0,2,1
410510027022017,39,4,1,2
410510027022018,54,3,8,2
410510027022019,43,0,1,1
410510027022020,175,7,7,5
410510027022021,30,0,2,1
410510028011000,54,2,9,1
410510028011001,36,0,4,1
410510028011002,34,0,7,0
410510028011003,25,0,0,0
410510028011004,57,0,0,5
410510028011005,33,0,1,1
410510028011006,41,2,2,1
410510028011007,62,9,7,3
410510028011008,33,1,4,0
410510028011009,43,3,1,3
410510028011010,37,2,5,0
410510028011011,52,6,7,2
410510028011012,50,6,4,0
410510028011013,58,2,8,2
410510028011014,48,3,5,2
410510028011015,45,1,0,6
410510028011016,52,4,2,2
410510028011017,42,2,0,0
410510028011018,38,0,4,0
410510028011019,42,0,0,0
410510028011020,49,2,3,2
410510028011021,42,4,0,0
410510028011022,30,0,0,1
410510028011023,44,2,0,0
410510028011024,64,4,7,1
410510028011025,63,3,3,3
410510028011026,52,2,2,0
410510028011027,49,2,4,2
410510028011028,75,2,7,2
410510028011029,55,0,0,0
410510028011030,59,3,4,2
410510028011031,58,2,0,6
410510028011032,57,3,1,1
410510028012000,0,0,0,0
410510028012001,34,0,0,4
410510028012002,39,3,0,0
410510028012003,0,0,0,0
410510028012004,24,3,1,0
410510028012005,19,2,1,0
410510028012006,0,0,0,0
410510028012007,33,5,2,1
410510028012008,28,3,0,0
410510028012009,50,3,11,3
410510028012010,0,0,0,0
410510028012011,56,2,9,0
410510028012012,62,7,8,2
410510028012013,70,8,2,1
410510028012014,0,0,0,0
410510028012015,47,0,0,0
410510028012016,85,3,0,10
410510028012017,61,5,0,0
410510028012018,10,2,5,2
410510028012019,22,2,1,0
410510028012020,43,3,1,0
410510028012021,53,3,6,1
410510028012022,48,3,0,0
410510028012023,20,1,2,2
410510028012024,28,0,0,0
410510028012025,46,4,1,6
410510028012026,46,5,2,2
410510028012027,0,0,0,0
410510028012028,43,2,3,0
410510028012029,132,3,5,0
410510028012030,46,0,0,0
410510028012031,54,1,2,1
410510028012032,38,1,7,1
410510028012033,33,1,1,0
410510028012034,27,3,3,2
410510028012035,27,0,3,2
410510028012036,31,4,2,2
410510028012037,32,1,1,0
410510028012038,25,3,1,0
410510028021000,32,7,0,3
410510028021001,27,6,1,0
410510028021002,43,3,0,1
410510028021003,41,8,5,0
410510028021004,42,0,0,1
410510028021005,50,0,4,5
410510028021006,29,1,2,0
410510028021007,49,9,3,3
410510028021008,46,3,1,5
410510028021009,34,8,1,0
410510028021010,42,2,6,0
410510028021011,36,9,2,0
410510028021012,33,3,1,1
410510028021013,28,1,0,0
410510028021014,40,0,6,0
410510028021015,55,3,0,5
410510028021016,40,0,2,0
410510028021017,35,0,5,1
410510028021018,40,7,1,7
410510028021019,45,2,1,1
410510028021020,41,3,0,1
410510028021021,44,5,2,2
410510028022000,45,3,2,6
410510028022001,44,1,0,0
410510028022002,38,0,0,0
410510028022003,52,3,0,0
410510028022004,51,11,1,0
410510028022005,20,0,0,0
410510028022006,29,1,4,0
410510028022007,65,8,8,0
410510028022008,54,1,2,11
410510028022009,51,0,0,0
410510028022010,54,6,7,3
410510028022011,49,5,7,0
410510028022012,54,2,2,1
410510028022013,46,8,6,0
410510028022014,58,4,0,1
410510028022015,34,1,1,0
410510028022016,52,3,2,2
410510028022017,46,4,5,0
410510028022018,31,1,1,0
410510028022019,15,1,0,0
410510028022020,15,2,0,0
410510028022021,43,2,5,1
410510028022022,30,1,0,0
410510028022023,28,0,0,0
410510028023000,40,1,0,0
410510028023001,29,0,0,0
410510028023002,24,0,2,0
410510028023003,35,0,0,0
410510028023004,56,5,6,0
410510028023005,54,0,0,0
410510028023006,50,0,0,0
410510028023007,24,0,0,0
410510028023008,18,1,2,0
410510028023009,14,3,0,3
410510028023010,10,1,1,0
410510028023011,47,5,8,0
410510028023012,35,0,0,0
410510028023013,20,5,0,2
410510028023014,7,0,0,0
410510028023015,28,0,0,0
410510028023016,14,0,3,1
410510028023017,87,2,3,0
410510028023018,193,6,4,2
410510028023019,75,0,3,0
410510028023020,3,0,0,0
410510028023021,34,0,1,1
410510028023022,21,1,0,2
410510028023023,31,4,3,1
410510028023024,34,2,3,2
410510028023025,24,0,2,0
410510028023026,18,0,1,0
410510028023027,53,1,2,0
410510028023028,33,0,4,1
410510028023029,35,2,0,0
410510028023030,27,0,1,0
410510028023031,24,1,0,1
410510028023032,14,1,0,1
410510029011000,17,0,1,0
410510029011001,28,3,3,0
410510029011002,87,2,2,0
410510029011003,89,6,1,4
410510029011004,51,0,0,0
410510029011005,64,7,4,2
410510029011006,68,4,3,0
410510029011007,38,2,0,0
410510029011008,57,5,3,0
410510029011009,35,0,0,0
410510029011010,35,1,2,1
410510029011011,43,0,0,5
410510029011012,55,1,1,1
410510029011013,52,6,1,0
410510029011014,38,0,0,0
410510029011015,34,1,5,0
410510029011016,39,1,1,1
410510029011017,15,0,0,0
410510029011018,11,1,0,0
410510029011019,0,0,0,0
410510029011020,0,0,0,0
410510029011021,16,0,0,0
410510029011022,42,5,2,1
410510029011023,22,1,3,0
410510029012000,60,1,6,3
410510029012001,57,6,7,0
410510029012002,48,2,6,0
410510029012003,0,0,0,0
410510029012004,37,0,1,0
410510029012005,39,0,0,1
410510029012006,44,3,3,0
410510029012007,33,2,0,0
410510029012008,0,0,0,0
410510029012009,35,1,0,4
410510029012010,37,0,3,1
410510029012011,40,1,0,2
410510029012012,44,6,2,2
410510029012013,49,0,3,1
410510029012014,24,0,0,0
410510029012015,0,0,0,0
410510029012016,43,2,0,2
410510029012017,42,1,3,0
410510029012018,46,10,0,2
410510029012019,46,7,0,1
410510029012020,0,0,0,0
410510029012021,47,2,4,0
410510029012022,45,7,0,0
410510029012023,26,1,1,0
410510029012024,0,0,0,0
410510029012025,10,1,3,0
410510029012026,27,3,0,0
410510029012027,0,0,0,0
410510029012028,24,2,1,2
410510029012029,45,1,0,1
410510029012030,0,0,0,0
410510029012031,0,0,0,0
410510029013000,41,5,1,2
410510029013001,49,2,5,0
410510029013002,42,3,3,0
410510029013003,34,0,2,0
410510029013004,55,0,5,5
410510029013005,48,0,2,0
410510029013006,41,2,3,2
410510029013007,53,5,8,0
410510029013008,40,3,0,0
410510029013009,34,0,0,0
410510029013010,35,0,0,1
410510029013011,31,0,0,0
410510029013012,40,0,0,0
410510029013013,41,8,1,0
410510029013014,46,3,0,1
410510029013015,36,4,0,0
410510029013016,37,1,0,4
410510029013017,42,0,0,0
410510029013018,38,2,0,0
410510029013019,58,2,0,1
410510029013020,9,0,0,0
410510029013021,17,0,0,0
410510029013022,9,0,0,0
410510029013023,44,7,0,0
410510029013024,56,5,4,3
410510029013025,56,3,4,1
410510029013026,52,4,3,0
410510029013027,20,0,1,1
410510029013028,7,1,0,0
410510029014000,49,2,3,0
410510029014001,42,2,0,0
410510029014002,22,1,0,0
410510029014003,48,2,2,0
410510029014004,31,2,0,2
410510029014005,50,2,1,4
410510029014006,56,3,5,2
410510029014007,71,2,0,0
410510029014008,121,6,1,5
410510029014009,29,2,1,1
410510029014010,36,1,0,0
410510029014011,36,0,2,0
410510029014012,41,2,2,0
410510029014013,42,3,0,0
410510029014014,40,3,0,2
410510029014015,39,0,1,5
410510029014016,72,12,4,2
410510029014017,48,3,5,1
410510029014018,36,0,7,0
410510029014019,58,1,6,1
410510029014020,32,0,0,0
410510029014021,37,1,1,1
410510029014022,46,2,0,3
410510029014023,39,1,4,0
410510029014024,34,0,0,1
410510029014025,44,2,1,1
410510029014026,45,0,0,0
410510029014027,77,8,0,1
410510029014028,35,1,1,0
410510029014029,22,0,0,0
410510029014030,80,6,5,0
410510029014031,43,6,3,2
410510029014032,48,1,1,2
410510029014033,27,0,0,0
410510029014034,52,1,1,6
410510029014035,37,2,2,2
410510029014036,27,1,1,1
410510029021000,25,2,2,1
410510029021001,27,1,0,0
410510029021002,26,5,6,1
410510029021003,0,0,0,0
410510029021004,31,0,0,0
410510029021005,45,5,1,1
410510029021006,15,1,2,0
410510029021007,25,1,4,1
410510029021008,42,5,4,1
410510029021009,48,0,1,3
410510029021010,24,1,1,0
410510029021011,0,0,0,0
410510029021012,0,0,0,0
410510029021013,47,4,0,0
410510029021014,50,6,0,2
410510029021015,50,4,4,0
410510029021016,64,2,2,3
410510029021017,64,5,2,3
410510029021018,59,3,0,2
410510029021019,47,3,0,2
410510029021020,38,4,3,0
410510029021021,44,1,4,0
410510029021022,46,0,6,0
410510029021023,33,2,4,1
410510029021024,20,0,0,0
410510029021025,0,0,0,0
410510029021026,31,2,4,2
410510029021027,66,2,0,5
410510029022000,18,4,0,0
410510029022001,0,0,0,0
410510029022002,0,0,0,0
410510029022003,57,0,3,0
410510029022004,63,5,2,2
410510029022005,41,2,7,0
410510029022006,43,0,1,0
410510029022007,40,2,2,0
410510029022008,59,5,0,0
410510029022009,37,0,0,0
410510029022010,45,1,0,0
410510029022011,67,3,6,3
410510029022012,39,1,1,0
410510029022013,53,2,5,2
410510029022014,43,5,4,0
410510029022015,42,1,0,0
410510029022016,41,3,1,0
410510029022017,83,15,1,0
410510029022018,67,3,2,5
410510029022019,43,0,0,0
410510029022020,5,1,1,0
410510029022021,33,3,2,1
410510029023000,82,0,2,2
410510029023001,53,0,6,6
410510029023002,43,2,4,1
410510029023003,31,3,0,1
410510029023004,68,2,3,3
410510029023005,30,0,0,0
410510029023006,62,0,0,1
410510029023007,52,0,0,7
410510029023008,31,5,5,0
410510029023009,14,0,0,0
410510029023010,57,0,1,1
410510029023011,29,1,4,0
410510029023012,19,0,3,0
410510029023013,28,0,0,0
410510029023014,38,1,4,2
410510029023015,28,0,0,1
410510029023016,17,1,0,1
410510029023017,8,1,1,0
410510029023018,35,1,0,0
410510029023019,52,0,6,2
410510029023020,0,0,0,0
410510029023021,56,1,2,2
410510029023022,42,1,2,3
410510029023023,39,1,4,1
410510029023024,0,0,0,0
410510029024000,0,0,0,0
410510029024001,14,0,0,0
410510029024002,155,3,4,15
410510029024003,137,9,9,2
410510029024004,55,2,1,2
410510029024005,136,6,4,0
410510029024006,64,2,8,0
410510029024007,253,16,21,5
410510029024008,71,6,8,5
410510029024009,40,0,0,3
410510029024010,42,2,6,1
410510029024011,42,0,5,0
410510029024012,40,3,1,0
410510029024013,47,11,2,0
410510029024014,43,5,7,0
410510029024015,126,16,19,5
410510029024016,123,21,8,3
410510029024017,44,4,0,0
410510029024018,39,1,0,0
410510029024019,50,3,0,4
410510029024020,41,1,2,3
410510029024021,152,1,8,0
410510029025000,91,2,7,1
410510029025001,35,0,3,0
410510029025002,29,0,0,1
410510029025003,20,3,0,1
410510029025004,0,0,0,0
410510029025005,32,5,1,0
410510029025006,58,0,2,7
410510029025007,55,0,0,0
410510029025008,65,0,0,0
410510029025009,62,5,1,3
410510029025010,57,0,4,0
410510029025011,108,2,4,0
410510029025012,47,1,2,1
410510029025013,42,4,0,1
410510029025014,38,4,1,7
410510029025015,42,1,5,3
410510029025016,45,0,5,0
410510029025017,35,1,1,0
410510029025018,6,0,0,0
410510029025019,45,2,4,2
410510029025020,45,5,3,0
410510029025021,52,3,1,0
410510029025022,34,4,2,1
410510029025023,24,5,1,3
410510029025024,20,1,0,0
410510029025025,23,5,0,1
410510029025026,60,4,4,1
410510029031000,0,0,0,0
410510029031001,23,0,1,1
410510029031002,64,0,0,0
410510029031003,48,4,3,2
410510029031004,31,1,0,1
410510029031005,31,2,0,0
410510029031006,444,14,11,5
410510029031007,47,4,0,0
410510029031008,48,2,3,1
410510029031009,227,19,15,5
410510029031010,54,0,2,0
410510029031011,0,0,0,0
410510029031012,70,2,5,1
410510029031013,64,1,2,0
410510029031014,35,3,1,0
410510029031015,70,3,0,0
410510029031016,129,8,1,2
410510029031017,59,0,2,0
410510029031018,61,2,5,1
410510029031019,119,5,4,3
410510029031020,35,3,1,4
410510029031021,60,0,7,2
410510029031022,68,1,2,0
410510029031023,0,0,0,0
410510029031024,0,0,0,0
410510029031025,0,0,0,0
410510029032000,68,0,1,6
410510029032001,46,3,2,1
410510029032002,43,2,0,1
410510029032003,50,2,12,0
410510029032004,66,0,4,0
410510029032005,43,7,5,0
410510029032006,23,0,0,0
410510029032007,36,3,1,2
410510029032008,47,9,1,0
410510029032009,67,3,1,1
410510029032010,52,2,4,1
410510029032011,99,5,2,4
410510029032012,33,0,1,0
410510029032013,78,2,7,2
410510029032014,43,1,1,3
410510029032015,0,0,0,0
410510029032016,111,6,7,0
410510029032017,54,1,3,1
410510029032018,0,0,0,0
410510029032019,104,1,0,0
410510029032020,44,3,2,0
410510029032021,0,0,0,0
410510029032022,0,0,0,0
410510029032023,0,0,0,0
410510029032024,0,0,0,0
410510029032025,0,0,0,0
410510029033000,40,8,1,3
410510029033001,50,2,4,0
410510029033002,39,1,6,0
410510029033003,29,1,4,0
410510029033004,57,0,2,1
410510029033005,65,7,3,5
410510029033006,50,2,5,1
410510029033007,45,2,0,3
410510029033008,100,7,9,3
410510029033009,70,8,1,7
410510029033010,45,1,1,0
410510029033011,82,2,4,1
410510029033012,83,2,9,1
410510029033013,43,2,0,0
410510029033014,51,1,8,0
410510029033015,54,4,5,5
410510029033016,68,4,13,0
410510029033017,55,2,3,0
410510029033018,80,7,7,7
410510029033019,151,22,18,3
410510029033020,0,0,0,0
410510029034000,37,1,1,2
410510029034001,66,7,0,6
410510029034002,48,5,4,0
410510029034003,36,7,2,2
410510029034004,54,2,3,1
410510029034005,35,0,5,0
410510029034006,79,7,1,2
410510029034007,51,0,1,0
410510029034008,33,5,3,0
410510029034009,36,3,3,2
410510029034010,57,2,2,0
410510029034011,92,3,10,2
410510029034012,72,5,2,6
410510029034013,64,2,6,1
410510029034014,46,3,0,2
410510029034015,28,2,4,2
410510029034016,56,1,1,2
410510029034017,94,7,6,0
410510029034018,114,9,4,2
410510029034019,54,1,4,2
410510030001000,30,5,0,4
410510030001001,44,2,1,0
410510030001002,54,4,3,3
410510030001003,41,2,1,0
410510030001004,44,0,1,1
410510030001005,51,2,1,3
410510030001006,45,3,1,1
410510030001007,18,0,0,0
410510030001008,33,0,0,0
410510030001009,0,0,0,0
410510030001010,42,2,10,1
410510030001011,40,6,0,0
410510030001012,40,3,0,4
410510030001013,42,0,3,0
410510030001014,49,0,1,0
410510030001015,13,0,0,0
410510030001016,21,1,2,2
410510030001017,11,1,1,0
410510030001018,22,1,1,0
410510030001019,6,0,0,0
410510030001020,78,3,2,5
410510030001021,45,0,2,0
410510030001022,60,4,7,0
410510030001023,17,0,0,0
410510030001024,17,1,0,0
410510030001025,68,6,5,3
410510030001026,43,0,0,0
410510030001027,64,1,9,1
410510030001028,43,0,0,1
410510030001029,41,1,1,2
410510030001030,50,2,0,0
410510030001031,17,3,1,1
410510030001032,21,0,0,0
410510030002000,15,0,2,0
410510030002001,21,9,0,0
410510030002002,52,1,3,1
410510030002003,66,7,0,5
410510030002004,44,4,2,0
410510030002005,53,0,0,1
410510030002006,30,0,0,1
410510030002007,48,0,10,0
410510030002008,40,0,1,0
410510030002009,41,0,0,0
410510030002010,55,4,0,4
410510030002011,43,0,0,0
410510030002012,48,3,1,0
410510030002013,53,3,5,1
410510030002014,33,1,0,2
410510030002015,63,9,3,3
410510030002016,23,0,1,0
410510030002017,36,0,0,5
410510030002018,36,0,2,6
410510030002019,53,0,7,0
410510030002020,20,0,2,0
410510030002021,25,0,2,2
410510030002022,21,0,0,0
410510030002023,37,3,2,0
410510030002024,49,2,4,0
410510030002025,60,6,0,0
410510030002026,75,2,7,0
410510030002027,38,0,0,0
410510030002028,39,2,0,0
410510030002029,42,2,0,0
410510030002030,38,0,0,0
410510030002031,37,2,0,0
410510030002032,46,4,2,4
410510030003000,99,4,7,0
410510030003001,91,4,12,3
410510030003002,113,7,15,1
410510030003003,79,7,4,4
410510030003004,127,8,10,3
410510030003005,52,3,5,1
410510030003006,46,6,1,4
410510030003007,51,5,5,5
410510030003008,82,1,10,5
410510030003009,137,8,5,9
410510030003010,25,0,4,0
410510030003011,52,2,4,0
410510030003012,50,8,0,3
410510030003013,110,7,5,5
410510030003014,114,1,4,3
410510030003015,51,7,4,5
410510030004000,22,0,3,0
410510030004001,23,0,0,0
410510030004002,31,3,2,0
410510030004003,41,2,0,4
410510030004004,35,3,1,1
410510030004005,35,1,0,0
410510030004006,51,8,3,7
410510030004007,54,7,2,7
410510030004008,67,2,10,4
410510030004009,72,3,4,1
410510030004010,69,2,11,1
410510030004011,69,2,8,1
410510030004012,50,4,1,2
410510030004013,32,0,6,2
410510030004014,19,0,0,2
410510030004015,31,0,4,6
410510030004016,22,1,0,0
410510030004017,18,3,6,0
410510030004018,15,0,0,1
410510030004019,26,0,5,4
410510030004020,32,2,6,0
410510030004021,65,15,9,0
410510030004022,47,5,4,0
410510030004023,18,0,2,0
410510030004024,20,0,0,0
410510030004025,23,1,1,1
410510030004026,45,2,0,4
410510030004027,42,3,1,3
410510030004028,50,4,5,3
410510030004029,45,5,3,1
410510031001000,11,0,4,0
410510031001001,14,1,2,0
410510031001002,31,0,0,1
410510031001003,14,1,0,0
410510031001004,27,2,0,2
410510031001005,24,0,4,0
410510031001006,20,0,5,0
410510031001007,43,1,2,1
410510031001008,26,1,1,0
410510031001009,15,2,0,0
410510031001010,19,0,0,0
410510031001011,33,1,1,0
410510031001012,33,1,4,0
410510031001013,22,0,0,0
410510031001014,17,3,0,0
410510031001015,21,1,4,0
410510031001016,22,0,0,3
410510031001017,30,1,0,0
410510031001018,36,0,0,2
410510031001019,30,2,1,1
410510031001020,32,2,1,0
410510031001021,22,1,1,0
410510031001022,21,0,0,0
410510031001023,23,2,3,0
410510031001024,24,0,0,1
410510031001025,29,1,2,0
410510031001026,19,1,0,0
410510031001027,21,0,0,0
410510031001028,27,2,1,0
410510031001029,27,0,0,0
410510031001030,24,0,0,0
410510031001031,19,2,1,1
410510031001032,28,2,5,0
410510031001033,24,1,1,1
410510031001034,20,0,1,0
410510031001035,22,1,2,2
410510031001036,34,5,2,0
410510031001037,21,0,1,0
410510031001038,25,0,2,0
410510031001039,19,0,1,0
410510031001040,30,0,3,2
410510031001041,22,1,4,3
410510031001042,33,0,0,1
410510031001043,40,0,1,2
410510031001044,20,1,0,2
410510031001045,33,1,0,0
410510031001046,14,5,1,0
410510031001047,21,3,0,0
410510031001048,22,0,1,0
410510031001049,10,0,0,0
410510031001050,12,0,0,1
410510031001051,26,1,1,0
410510031001052,12,1,0,1
410510031001053,9,0,0,0
410510031001054,8,0,0,0
410510031001055,30,1,3,0
410510031001056,18,2,0,0
410510031001057,27,0,0,0
410510031001058,28,0,1,0
410510031001059,20,0,1,1
410510031002000,21,0,2,0
410510031002001,39,4,3,0
410510031002002,34,5,2,0
410510031002003,20,0,0,0
410510031002004,31,0,1,0
410510031002005,49,0,1,0
410510031002006,31,6,1,0
410510031002007,27,1,0,0
410510031002008,16,0,2,0
410510031002009,13,0,0,0
410510031002010,28,4,4,0
410510031002011,22,0,2,0
410510031002012,15,0,0,0
410510031002013,16,0,1,0
410510031002014,30,1,0,6
410510031002015,44,8,2,0
410510031002016,31,1,1,1
410510031002017,32,0,0,0
410510031002018,23,1,2,0
410510031002019,13,1,0,0
410510031002020,20,0,0,0
410510031002021,29,0,1,5
410510031002022,25,2,0,1
410510031002023,18,3,0,0
410510031002024,31,2,2,0
410510031002025,25,0,0,0
410510031002026,16,0,0,0
410510031002027,29,0,3,0
410510031002028,30,1,1,0
410510031002029,22,0,6,0
410510031002030,37,4,2,1
410510031002031,38,0,0,0
410510031002032,24,3,0,0
410510031002033,18,0,0,0
410510031002034,33,1,3,1
410510031002035,29,1,1,0
410510031002036,11,0,0,0
410510031002037,20,0,0,0
410510031002038,24,0,0,1
410510031002039,16,1,0,0
410510031002040,23,1,0,0
410510031002041,8,0,2,0
410510031002042,22,2,0,0
410510031002043,23,0,1,0
410510031002044,22,2,5,0
410510031002045,29,0,2,2
410510031002046,20,0,0,2
410510031002047,17,2,0,1
410510031002048,22,0,0,0
410510031002049,12,2,0,1
410510031002050,14,5,2,2
410510031002051,13,0,1,3
410510031002052,20,1,0,0
410510031002053,16,0,0,0
410510031002054,9,2,0,0
410510031002055,17,0,0,0
410510031002056,29,1,1,0
410510031002057,14,0,0,1
410510031002058,15,0,0,0
410510031002059,25,1,1,0
410510031003000,36,0,0,4
410510031003001,47,6,9,3
410510031003002,36,1,7,0
410510031003003,22,1,0,0
410510031003004,33,0,0,7
410510031003005,44,4,3,3
410510031003006,45,7,0,0
410510031003007,26,6,1,1
410510031003008,31,1,0,1
410510031003009,36,0,6,0
410510031003010,45,2,4,8
410510031003011,47,4,2,5
410510031003012,31,1,3,0
410510031003013,46,1,3,0
410510031003014,40,1,0,2
410510031003015,44,6,6,0
410510031003016,41,7,0,1
410510031003017,57,0,15,1
410510031003018,44,0,1,4
410510031003019,31,9,1,0
410510031003020,44,0,5,5
410510031003021,35,8,5,1
410510031003022,28,0,0,3
410510031003023,0,0,0,0
410510031003024,33,5,0,0
410510031003025,36,1,6,1
410510031003026,37,8,2,0
410510031003027,25,0,1,3
410510031003028,12,1,3,0
410510031003029,55,4,7,0
410510031003030,27,3,0,0
410510031003031,24,1,0,0
410510031003032,23,3,1,2
410510031004000,31,0,4,0
410510031004001,56,1,0,13
410510031004002,42,1,9,0
410510031004003,29,9,0,0
410510031004004,57,9,1,3
410510031004005,21,0,0,2
410510031004006,19,0,3,0
410510031004007,15,1,0,0
410510031004008,44,5,2,0
410510031004009,53,2,2,0
410510031004010,48,3,9,3
410510031004011,7,0,0,0
410510031004012,43,2,10,0
410510031004013,29,1,1,0
410510031004014,100,2,1,6
410510031004015,25,0,1,9
410510031004016,44,1,12,0
410510031004017,24,0,3,4
410510031004018,34,0,7,3
410510031004019,47,5,8,0
410510031004020,52,7,0,0
410510031004021,12,3,0,0
410510031004022,27,1,2,0
410510031004023,42,6,2,0
410510031004024,24,0,6,1
410510031004025,21,4,6,0
410510031004026,29,2,2,3
410510032001000,60,1,4,0
410510032001001,36,1,0,2
410510032001002,0,0,0,0
410510032001003,39,0,0,0
410510032001004,36,1,0,1
410510032001005,57,0,8,1
410510032001006,66,3,2,2
410510032001007,36,7,0,0
410510032001008,59,0,8,0
410510032001009,37,0,6,3
410510032001010,44,1,5,0
410510032001011,52,0,0,1
410510032001012,52,9,1,0
410510032001013,57,5,4,0
410510032001014,35,1,7,0
410510032001015,55,7,4,1
410510032001016,51,0,1,0
410510032001017,33,0,1,1
410510032001018,20,0,1,0
410510032001019,43,0,7,1
410510032001020,29,2,0,0
410510032001021,47,0,2,2
410510032001022,45,1,2,0
410510032001023,39,1,5,1
410510032001024,82,3,0,1
410510032001025,45,4,2,2
410510032002000,40,3,4,0
410510032002001,41,1,1,1
410510032002002,51,7,11,0
410510032002003,40,7,1,1
410510032002004,79,1,3,0
410510032002005,44,3,1,5
410510032002006,59,9,0,5
410510032002007,30,0,1,2
410510032002008,59,4,1,0
410510032002009,54,3,13,1
410510032002010,33,0,3,1
410510032002011,44,2,3,0
410510032002012,44,8,1,0
410510032002013,52,1,4,0
410510032002014,37,5,0,0
410510032002015,47,0,3,0
410510032002016,41,1,1,0
410510032002017,48,3,0,0
410510032002018,30,1,1,2
410510032002019,43,0,4,2
410510032002020,29,1,1,1
410510032002021,42,3,3,2
410510032002022,33,0,1,3
410510032002023,21,0,0,1
410510032002024,32,1,4,2
410510032002025,28,0,0,1
410510032002026,32,3,3,0
410510032003000,34,0,2,0
410510032003001,43,6,0,4
410510032003002,29,0,1,2
410510032003003,29,0,1,0
410510032003004,31,2,5,0
410510032003005,32,2,0,0
410510032003006,36,1,5,0
410510032003007,33,5,0,0
410510032003008,54,3,8,0
410510032003009,40,2,0,5
410510032003010,46,1,3,2
410510032003011,26,0,2,0
410510032003012,27,4,0,2
410510032003013,29,2,6,0
410510032003014,39,3,0,0
410510032003015,48,1,4,1
410510032003016,42,3,4,2
410510032003017,29,2,3,1
410510032003018,36,5,2,0
410510032003019,24,1,5,0
410510032003020,29,9,0,0
410510032003021,25,1,1,1
410510032003022,6,0,0,0
410510032004000,17,1,3,1
410510032004001,46,1,0,2
410510032004002,44,7,0,0
410510032004003,43,6,4,0
410510032004004,0,0,0,0
410510032004005,39,4,7,0
410510032004006,41,4,2,0
410510032004007,31,2,0,6
410510032004008,32,4,0,0
410510032004009,37,0,1,2
410510032004010,52,4,1,5
410510032004011,30,3,1,0
410510032004012,41,0,1,5
410510032004013,39,2,0,0
410510032004014,43,0,12,0
410510032004015,55,6,5,0
410510032004016,53,15,1,0
410510032004017,43,0,9,4
410510032004018,22,5,0,0
410510032004019,91,7,5,2
410510032004020,71,2,9,3
410510032004021,64,6,2,1
410510032004022,49,4,10,0
410510032004023,33,1,0,1
410510032004024,26,1,2,2
410510032004025,19,2,1,1
410510032004026,4,0,1,1
410510032004027,50,9,3,4
410510032004028,82,1,5,0
410510033011000,149,2,7,1
410510033011001,27,0,0,0
410510033011002,166,4,1,0
410510033011003,85,6,8,3
410510033011004,49,8,0,1
410510033011005,38,2,0,5
410510033011006,40,2,4,1
410510033011007,10,0,0,2
410510033011008,26,1,1,3
410510033011009,55,0,2,0
410510033011010,48,1,5,0
410510033011011,55,4,2,1
410510033011012,58,9,1,2
410510033011013,56,2,1,8
410510033011014,35,8,1,0
410510033011015,58,3,2,1
410510033011016,26,0,1,1
410510033011017,38,0,1,0
410510033011018,34,0,1,0
410510033011019,37,10,1,0
410510033011020,24,1,0,0
410510033011021,41,0,1,2
410510033011022,19,0,1,0
410510033011023,27,0,0,0
410510033011024,54,5,1,3
410510033012000,27,1,1,0
410510033012001,37,1,2,2
410510033012002,30,0,0,0
410510033012003,48,0,3,1
410510033012004,35,3,4,0
410510033012005,56,2,3,2
410510033012006,0,0,0,0
410510033012007,35,0,1,2
410510033012008,31,1,0,0
410510033012009,30,1,1,0
410510033012010,99,2,4,0
410510033012011,31,4,4,1
410510033012012,56,1,0,0
410510033012013,77,7,3,0
410510033012014,98,14,8,10
410510033012015,77,11,11,2
410510033012016,26,3,1,3
410510033012017,29,0,1,0
410510033012018,21,2,1,0
410510033012019,37,0,0,0
410510033012020,26,3,2,0
410510033012021,26,5,0,1
410510033012022,27,1,5,0
410510033012023,38,0,1,0
410510033012024,56,7,7,2
410510033012025,35,1,0,0
410510033012026,34,1,0,0
410510033012027,37,1,0,1
410510033013000,28,1,0,0
410510033013001,38,0,1,0
410510033013002,33,0,2,0
410510033013003,49,5,4,3
410510033013004,14,2,0,0
410510033013005,0,0,0,0
410510033013006,91,1,6,1
410510033013007,46,1,1,0
410510033013008,60,0,0,0
410510033013009,0,0,0,0
410510033013010,123,7,1,2
410510033013011,79,5,4,3
410510033013012,66,7,6,1
410510033013013,47,6,4,1
410510033013014,44,2,0,3
410510033013015,50,2,7,1
410510033013016,61,4,0,0
410510033013017,97,1,6,3
410510033021000,25,0,0,0
410510033021001,39,4,1,4
410510033021002,22,0,1,1
410510033021003,36,1,2,1
410510033021004,37,0,0,0
410510033021005,41,4,3,0
410510033021006,38,3,0,0
410510033021007,31,2,0,1
410510033021008,42,1,1,5
410510033021009,48,1,0,0
410510033021010,41,0,4,0
410510033021011,32,0,0,2
410510033021012,51,0,3,3
410510033021013,54,7,8,2
410510033021014,42,1,0,1
410510033021015,57,8,0,1
410510033021016,39,5,0,1
410510033021017,54,4,1,1
410510033021018,50,1,5,0
410510033021019,14,0,1,2
410510033021020,52,3,7,0
410510033021021,49,1,0,0
410510033021022,30,0,0,2
410510033021023,47,7,2,0
410510033021024,36,1,0,0
410510033021025,57,1,4,3
410510033021026,35,0,3,2
410510033021027,58,2,4,3
410510033021028,59,3,5,0
410510033021029,48,1,3,0
410510033021030,37,1,1,0
410510033022000,34,0,3,1
410510033022001,31,0,4,1
410510033022002,50,2,5,0
410510033022003,49,3,2,3
410510033022004,46,1,0,0
410510033022005,87,18,1,0
410510033022006,123,2,2,1
410510033022007,40,3,5,2
410510033022008,50,1,3,1
410510033022009,45,9,2,6
410510033022010,57,3,4,0
410510033022011,73,6,4,2
410510033022012,51,5,5,3
410510033022013,42,1,3,1
410510033022014,49,8,5,0
410510033022015,55,2,2,1
410510033022016,32,0,0,0
410510033022017,89,0,2,0
410510033022018,20,1,0,1
410510033022019,41,2,1,1
410510033022020,60,2,1,3
410510033022021,60,0,5,4
410510033022022,69,0,9,2
410510033022023,57,1,1,0
410510033022024,47,0,6,2
410510033022025,40,0,4,1
410510033022026,51,0,2,5
410510033022027,62,9,5,0
410510033022028,53,1,1,2
410510033022029,24,1,0,0
410510033022030,26,3,2,0
410510033022031,44,3,2,0
410510033022032,56,0,4,2
410510033022033,18,1,3,0
410510033022034,42,2,1,0
410510033022035,35,0,0,0
410510034011000,26,0,0,0
410510034011001,0,0,0,0
410510034011002,26,0,1,1
410510034011003,26,0,1,0
410510034011004,35,0,0,0
410510034011005,22,1,1,2
410510034011006,28,1,1,0
410510034011007,15,0,0,1
410510034011008,12,0,1,0
410510034011009,38,0,0,0
410510034011010,0,0,0,0
410510034011011,7,0,0,0
410510034011012,17,1,0,1
410510034011013,19,1,1,2
410510034011014,32,0,0,0
410510034011015,16,2,1,1
410510034011016,38,1,0,6
410510034011017,8,1,0,0
410510034011018,16,1,0,0
410510034011019,27,0,3,0
410510034011020,13,0,0,0
410510034011021,31,6,2,4
410510034011022,11,0,0,0
410510034011023,0,0,0,0
410510034011024,0,0,0,0
410510034011025,11,0,0,0
410510034011026,18,0,0,0
410510034011027,22,0,2,0
410510034011028,20,7,1,1
410510034011029,24,2,1,2
410510034011030,28,1,4,0
410510034011031,35,0,0,2
410510034011032,33,0,0,0
410510034011033,44,0,0,2
410510034011034,35,1,3,5
410510034011035,45,4,4,2
410510034011036,0,0,0,0
410510034012000,0,0,0,0
410510034012001,51,2,2,0
410510034012002,38,0,3,1
410510034012003,57,1,1,0
410510034012004,43,3,0,0
410510034012005,31,0,0,1
410510034012006,40,5,1,3
410510034012007,55,1,3,4
410510034012008,58,5,2,1
410510034012009,12,3,0,0
410510034012010,48,5,0,0
410510034012011,51,1,2,1
410510034012012,31,0,0,0
410510034012013,46,2,1,1
410510034012014,40,2,0,0
410510034012015,22,0,2,0
410510034012016,44,0,3,1
410510034012017,70,1,0,0
410510034012018,43,6,0,0
410510034012019,27,2,0,0
410510034012020,19,4,1,1
410510034012021,135,1,0,0
410510034012022,22,0,0,0
410510034012023,41,1,5,2
410510034013000,38,0,0,2
410510034013001,78,5,1,7
410510034013002,20,1,0,1
410510034013003,41,5,2,4
410510034013004,50,2,0,2
410510034013005,7,0,1,0
410510034013006,30,3,0,1
410510034013007,31,2,1,0
410510034013008,26,0,0,0
410510034013009,33,0,1,1
410510034013010,37,2,1,1
410510034013011,41,2,0,0
410510034013012,83,1,2,4
410510034013013,64,4,2,0
410510034013014,63,0,1,2
410510034013015,48,3,0,0
410510034013016,18,1,0,1
410510034013017,17,2,2,0
410510034013018,53,0,1,2
410510034013019,14,2,0,0
410510034013020,18,0,1,0
410510034014000,88,6,8,1
410510034014001,10,3,2,0
410510034014002,0,0,0,0
410510034014003,55,0,4,0
410510034014004,34,0,0,2
410510034014005,17,1,1,0
410510034014006,0,0,0,0
410510034014007,267,25,11,7
410510034014008,175,18,20,0
410510034014009,39,1,5,0
410510034014010,44,0,0,0
410510034014011,74,1,4,0
410510034014012,57,3,1,2
410510034014013,49,1,1,0
410510034014014,66,2,3,0
410510034014015,39,1,2,0
410510034014016,31,2,7,0
410510034021000,66,0,3,0
410510034021001,46,1,3,0
410510034021002,52,1,3,1
410510034021003,33,6,1,0
410510034021004,139,7,0,0
410510034021005,45,1,1,3
410510034021006,39,5,0,0
410510034021007,62,3,2,1
410510034021008,54,6,4,5
410510034021009,130,4,9,1
410510034021010,31,6,1,5
410510034021011,36,1,0,1
410510034021012,57,2,4,0
410510034021013,57,3,2,6
410510034021014,47,3,0,0
410510034021015,26,2,1,3
410510034021016,10,0,1,0
410510034021017,27,2,3,0
410510034021018,67,3,0,0
410510034021019,46,3,0,2
410510034021020,84,2,2,2
410510034021021,7,0,0,0
410510034021022,26,2,0,0
410510034021023,130,17,6,0
410510034021024,71,8,0,0
410510034021025,41,1,0,0
410510034021026,27,4,2,1
410510034021027,83,1,0,0
410510034022000,304,0,0,0
410510034022001,61,1,0,0
410510034022002,25,0,0,0
410510034022003,29,2,2,2
410510034022004,36,0,6,0
410510034022005,20,0,0,0
410510034022006,55,0,0,1
410510034022007,34,3,3,1
410510034022008,38,2,0,3
410510034022009,20,0,1,0
410510034022010,23,4,2,0
410510034022011,40,2,0,0
410510034022012,24,1,1,0
410510034022013,20,0,1,0
410510034022014,32,5,1,0
410510034022015,10,4,0,0
410510034022016,35,2,0,1
410510034022017,33,4,0,3
410510034022018,32,2,0,0
410510034022019,25,1,1,1
410510034022020,61,2,4,2
410510034022021,16,1,0,0
410510034022022,25,0,0,0
410510034022023,49,0,2,0
410510034022024,23,1,0,0
410510034022025,0,0,0,0
410510034022026,11,1,1,0
410510034022027,61,4,2,1
410510034022028,60,1,0,2
410510034022029,23,2,1,1
410510034022030,22,0,0,0
410510034022031,27,1,2,0
410510034022032,23,1,0,0
410510034023000,15,0,1,0
410510034023001,27,0,2,0
410510034023002,26,1,1,0
410510034023003,35,0,4,0
410510034023004,31,0,1,4
410510034023005,8,0,0,0
410510034023006,23,3,1,0
410510034023007,35,0,0,0
410510034023008,79,0,0,0
410510034023009,20,0,0,2
410510034023010,25,0,0,0
410510034023011,20,0,2,4
410510034023012,44,0,2,0
410510034023013,41,2,1,3
410510034023014,22,1,2,0
410510034023015,31,0,3,0
410510034023016,10,1,0,0
410510034023017,44,2,5,0
410510034023018,31,0,1,0
410510034023019,43,1,1,4
410510034023020,36,0,2,2
410510034023021,26,2,1,3
410510034023022,16,1,1,1
410510034023023,235,1,0,0
410510034023024,30,0,1,1
410510034023025,16,1,0,0
410510034023026,30,0,0,0
410510034023027,31,0,3,1
410510034023028,29,0,1,0
410510034023029,21,0,1,1
410510034023030,31,1,6,1
410510034023031,17,0,1,0
410510034023032,18,1,0,0
410510034023033,16,0,0,0
410510034023034,42,2,0,0
410510034023035,20,1,0,0
410510034023036,44,2,1,1
410510034023037,16,0,0,0
410510035011000,21,0,1,0
410510035011001,70,0,1,0
410510035011002,66,1,4,0
410510035011003,0,0,0,0
410510035011004,117,9,9,6
410510035011005,29,0,0,0
410510035011006,27,6,1,0
410510035011007,23,1,1,0
410510035011008,29,1,0,1
410510035011009,59,1,0,1
410510035011010,35,0,0,0
410510035011011,32,1,1,0
410510035011012,48,2,0,1
410510035011013,23,0,0,0
410510035011014,27,0,1,0
410510035011015,21,2,0,0
410510035011016,20,1,0,0
410510035011017,19,1,0,2
410510035011018,28,2,0,1
410510035011019,0,0,0,0
410510035011020,37,0,6,1
410510035011021,0,0,0,0
410510035011022,16,0,1,1
410510035011023,103,0,5,0
410510035012000,20,0,0,0
410510035012001,74,4,4,2
410510035012002,44,0,1,2
410510035012003,61,2,7,1
410510035012004,42,2,2,1
410510035012005,53,2,0,2
410510035012006,43,0,0,1
410510035012007,22,1,5,1
410510035012008,27,0,0,0
410510035012009,55,4,5,0
410510035012010,68,3,9,1
410510035012011,52,3,0,0
410510035012012,66,0,0,0
410510035012013,48,0,2,0
410510035012014,47,0,1,4
410510035012015,67,12,1,0
410510035012016,41,0,0,0
410510035012017,60,1,1,4
410510035012018,67,4,2,0
410510035012019,58,1,1,2
410510035012020,92,6,1,0
410510035013000,128,11,2,0
410510035013001,45,2,0,1
410510035013002,63,2,3,0
410510035013003,305,19,9,3
410510035013004,0,0,0,0
410510035013005,69,4,10,2
410510035013006,59,7,0,1
410510035013007,43,4,5,1
410510035013008,75,5,3,0
410510035013009,36,2,4,0
410510035013010,31,0,0,0
410510035013011,49,3,0,1
410510035013012,43,0,2,3
410510035013013,64,1,1,2
410510035013014,0,0,0,0
410510035013015,28,1,2,0
410510035014000,60,2,0,2
410510035014001,32,0,1,0
410510035014002,63,0,4,2
410510035014003,0,0,0,0
410510035014004,0,0,0,0
410510035014005,0,0,0,0
410510035014006,0,0,0,0
410510035014007,21,3,1,0
410510035014008,41,3,5,1
410510035014009,38,5,0,2
410510035014010,83,0,2,2
410510035014011,33,1,1,2
410510035014012,28,2,0,1
410510035014013,18,0,2,3
410510035014014,0,0,0,0
410510035014015,51,2,0,2
410510035014016,21,0,2,0
410510035014017,27,0,0,0
410510035014018,49,1,1,2
410510035014019,67,1,2,3
410510035014020,43,2,6,4
410510035014021,51,0,1,0
410510035014022,41,4,0,0
410510035014023,63,0,2,0
410510035014024,52,6,3,0
410510035021000,41,0,1,0
410510035021001,9,0,0,0
410510035021002,0,0,0,0
410510035021003,23,0,0,0
410510035021004,31,2,0,2
410510035021005,29,0,2,0
410510035021006,24,0,1,1
410510035021007,8,0,0,0
410510035021008,209,3,3,0
410510035021009,0,0,0,0
410510035021010,97,0,0,0
410510035021011,0,0,0,0
410510035021012,40,1,4,0
410510035021013,13,0,2,1
410510035021014,28,0,1,0
410510035021015,38,1,2,1
410510035021016,6,0,0,0
410510035021017,28,2,6,3
410510035021018,20,0,0,0
410510035021019,38,4,2,2
410510035021020,18,0,0,0
410510035021021,51,0,0,2
410510035021022,41,0,0,0
410510035021023,47,5,3,5
410510035021024,37,0,0,0
410510035021025,27,0,0,0
410510035021026,26,0,0,0
410510035021027,48,1,1,0
410510035021028,11,0,0,1
410510035021029,48,1,1,0
410510035021030,37,1,0,0
410510035021031,24,0,0,0
410510035021032,20,2,0,1
410510035021033,35,3,4,0
410510035021034,10,0,0,0
410510035021035,103,0,9,7
410510035021036,0,0,0,0
410510035021037,17,0,0,0
410510035021038,0,0,0,0
410510035021039,43,0,0,0
410510035021040,44,0,0,3
410510035021041,25,0,0,0
410510035021042,9,0,1,1
410510035021043,0,0,0,0
410510035022000,261,9,13,9
410510035022001,24,3,1,1
410510035022002,30,0,3,1
410510035022003,32,0,0,0
410510035022004,31,0,0,2
410510035022005,39,0,0,0
410510035022006,0,0,0,0
410510035022007,152,1,2,1
410510035022008,0,0,0,0
410510035022009,0,0,0,0
410510035022010,42,0,0,1
410510035022011,44,2,0,3
410510035022012,62,6,2,0
410510035022013,56,3,9,0
410510035022014,30,0,2,0
410510035022015,15,0,0,1
410510035022016,24,1,3,0
410510035022017,4,1,0,0
410510035022018,29,5,1,0
410510035022019,56,0,1,0
410510035022020,48,7,3,3
410510035022021,31,3,0,0
410510035022022,44,0,6,1
410510035022023,47,2,3,2
410510035022024,10,0,1,0
410510035022025,25,0,0,0
410510035022026,28,1,0,0
410510035022027,40,0,0,3
410510035022028,31,0,2,1
410510035022029,40,5,3,0
410510035022030,19,1,3,1
410510035022031,0,0,0,0
410510035022032,19,0,0,0
410510035022033,47,4,2,2
410510036011000,75,3,4,0
410510036011001,77,6,5,3
410510036011002,65,1,2,0
410510036011003,41,2,2,0
410510036011004,55,4,4,0
410510036011005,0,0,0,0
410510036011006,0,0,0,0
410510036011007,0,0,0,0
410510036011008,0,0,0,0
410510036011009,0,0,0,0
410510036011010,52,1,2,0
410510036011011,64,1,1,0
410510036011012,63,2,5,2
410510036011013,48,2,3,0
410510036011014,77,2,2,1
410510036011015,41,3,2,1
410510036011016,34,2,2,1
410510036011017,49,4,1,0
410510036011018,43,5,2,2
410510036011019,40,3,1,1
410510036011020,26,2,0,0
410510036011021,22,3,0,0
410510036011022,22,0,1,0
410510036011023,28,2,2,0
410510036012000,14,0,1,1
410510036012001,8,1,0,0
410510036012002,0,0,0,0
410510036012003,0,0,0,0
410510036012004,0,0,0,0
410510036012005,15,2,3,0
410510036012006,35,3,6,0
410510036012007,62,3,0,1
410510036012008,11,0,0,0
410510036012009,0,0,0,0
410510036012010,0,0,0,0
410510036012011,0,0,0,0
410510036012012,43,1,2,1
410510036012013,69,6,1,0
410510036012014,33,0,0,2
410510036012015,70,2,5,1
410510036012016,67,0,0,0
410510036012017,51,0,0,1
410510036012018,29,1,0,1
410510036012019,0,0,0,0
410510036012020,0,0,0,0
410510036012021,68,4,2,0
410510036012022,47,5,0,1
410510036012023,134,5,5,5
410510036012024,28,1,4,2
410510036012025,44,2,2,0
410510036012026,46,5,1,2
410510036012027,34,0,2,0
410510036012028,20,3,0,0
410510036012029,0,0,0,0
410510036012030,28,1,0,0
410510036012031,62,0,3,1
410510036012032,53,0,1,3
410510036012033,63,0,2,0
410510036012034,46,4,7,5
410510036012035,40,2,2,0
410510036012036,30,1,0,0
410510036012037,77,3,2,2
410510036012038,30,2,3,0
410510036012039,18,2,0,1
410510036012040,32,1,0,0
410510036012041,43,7,1,0
410510036012042,28,0,4,0
410510036012043,57,0,0,3
410510036012044,57,0,3,0
410510036012045,27,0,0,1
410510036012046,43,0,0,1
410510036013000,88,6,3,1
410510036013001,22,0,1,0
410510036013002,11,1,0,0
410510036013003,33,1,1,0
410510036013004,25,2,2,0
410510036013005,44,0,1,3
410510036013006,87,8,2,0
410510036013007,57,3,5,0
410510036013008,12,0,0,0
410510036013009,62,3,0,0
410510036013010,56,0,3,1
410510036013011,42,2,0,0
410510036013012,42,3,0,2
410510036013013,38,1,5,0
410510036013014,30,0,0,0
410510036013015,34,6,0,0
410510036013016,28,3,1,1
410510036013017,33,0,0,0
410510036013018,48,0,3,0
410510036013019,34,3,0,0
410510036013020,31,3,5,1
410510036013021,76,0,5,3
410510036013022,74,6,4,0
410510036013023,26,2,0,0
410510036013024,53,7,0,4
410510036013025,25,0,1,1
410510036013026,40,1,2,0
410510036013027,25,0,0,0
410510036013028,22,2,0,2
410510036013029,19,0,0,1
410510036014000,63,3,1,1
410510036014001,78,2,2,5
410510036014002,65,0,3,1
410510036014003,41,1,0,3
410510036014004,42,1,3,2
410510036014005,11,0,0,0
410510036014006,0,0,0,0
410510036014007,0,0,0,0
410510036014008,42,1,0,2
410510036014009,19,2,0,0
410510036014010,0,0,0,0
410510036014011,0,0,0,0
410510036014012,0,0,0,0
410510036014013,24,0,0,0
410510036014014,19,1,0,2
410510036014015,41,4,5,0
410510036014016,0,0,0,0
410510036014017,46,0,0,0
410510036014018,49,3,2,2
410510036014019,34,3,7,2
410510036014020,69,5,2,0
410510036014021,41,1,0,0
410510036014022,57,0,3,1
410510036014023,23,0,3,1
410510036014024,80,0,3,0
410510036014025,73,0,2,2
410510036014026,68,2,5,1
410510036014027,22,1,1,1
410510036014028,11,0,2,0
410510036021000,0,0,0,0
410510036021001,0,0,0,0
410510036021002,17,2,2,0
410510036021003,123,6,4,5
410510036021004,48,1,1,1
410510036021005,10,1,0,0
410510036021006,99,8,5,0
410510036021007,0,0,0,0
410510036021008,0,0,0,0
410510036021009,0,0,0,0
410510036021010,40,3,3,2
410510036021011,29,4,2,0
410510036021012,31,0,0,0
410510036021013,21,1,1,0
410510036021014,40,0,1,5
410510036021015,29,0,1,0
410510036021016,25,1,0,0
410510036021017,32,2,2,0
410510036021018,23,0,0,0
410510036021019,27,1,0,1
410510036021020,21,4,0,0
410510036021021,10,1,1,0
410510036021022,188,0,0,2
410510036021023,6,0,2,0
410510036021024,30,2,0,0
410510036021025,24,1,3,0
410510036021026,24,0,0,0
410510036021027,23,1,0,0
410510036021028,19,0,0,1
410510036021029,21,0,1,0
410510036021030,9,0,0,0
410510036021031,18,0,1,0
410510036021032,13,2,0,0
410510036021033,11,0,0,0
410510036021034,0,0,0,0
410510036021035,0,0,0,0
410510036021036,0,0,0,0
410510036021037,13,0,1,1
410510036021038,0,0,0,0
410510036021039,0,0,0,0
410510036021040,11,1,0,1
410510036021041,21,0,1,1
410510036021042,12,0,0,0
410510036021043,10,3,2,0
410510036021044,15,0,1,3
410510036021045,22,0,1,0
410510036021046,33,5,0,0
410510036021047,26,0,0,1
410510036021048,25,0,0,0
410510036021049,13,1,0,2
410510036021050,19,0,0,0
410510036021051,19,0,0,0
410510036021052,30,1,5,0
410510036021053,33,0,1,3
410510036021054,22,4,1,0
410510036021055,26,5,0,0
410510036021056,38,1,1,0
410510036021057,27,3,1,1
410510036021058,26,2,0,0
410510036021059,40,0,1,0
410510036021060,36,3,2,0
410510036021061,27,2,1,0
410510036021062,66,0,0,0
410510036021063,34,3,1,1
410510036021064,22,0,0,0
410510036022000,5,0,0,0
410510036022001,93,2,0,0
410510036022002,6,0,1,1
410510036022003,26,2,1,0
410510036022004,24,3,0,0
410510036022005,28,6,0,4
410510036022006,22,4,0,0
410510036022007,19,0,1,0
410510036022008,29,0,2,0
410510036022009,15,5,2,1
410510036022010,13,1,0,0
410510036022011,11,0,1,1
410510036022012,8,0,0,0
410510036022013,16,3,0,0
410510036022014,22,3,0,0
410510036022015,18,0,3,0
410510036022016,15,1,0,0
410510036022017,17,2,1,1
410510036022018,36,0,0,2
410510036022019,42,7,3,0
410510036022020,18,1,0,0
410510036022021,8,0,0,0
410510036022022,13,1,0,0
410510036022023,9,1,0,0
410510036022024,20,4,0,0
410510036022025,18,1,4,0
410510036022026,20,0,3,0
410510036022027,23,0,0,0
410510036022028,27,1,1,0
410510036022029,20,1,1,0
410510036022030,18,0,0,0
410510036022031,8,0,1,0
410510036022032,11,0,0,0
410510036022033,3,1,1,0
410510036022034,0,0,0,0
410510036022035,0,0,0,0
410510036022036,0,0,0,0
410510036022037,0,0,0,0
410510036022038,13,0,3,0
410510036022039,14,0,0,0
410510036022040,20,0,3,0
410510036022041,8,1,2,0
410510036022042,2,0,0,0
410510036022043,14,0,0,0
410510036022044,0,0,0,0
410510036022045,0,0,0,0
410510036022046,25,0,1,0
410510036022047,20,1,3,2
410510036022048,20,0,0,0
410510036022049,26,0,0,0
410510036022050,37,0,0,0
410510036022051,26,0,1,0
410510036022052,23,3,0,2
410510036022053,29,1,2,0
410510036022054,42,3,1,3
410510036022055,24,0,1,0
410510036022056,30,3,3,1
410510036022057,25,2,0,2
410510036022058,33,1,0,1
410510036022059,13,0,0,1
410510036022060,37,0,7,0
410510036022061,29,5,0,0
410510036022062,17,2,0,0
410510036022063,34,0,2,2
410510036022064,28,0,2,0
410510036022065,32,0,0,0
410510036022066,26,1,1,1
410510036022067,32,1,1,0
410510036022068,32,0,1,0
410510036022069,32,1,1,4
410510036023000,23,4,3,0
410510036023001,21,0,0,0
410510036023002,46,5,1,2
410510036023003,25,2,1,0
410510036023004,22,2,1,0
410510036023005,33,0,2,0
410510036023006,36,2,0,1
410510036023007,68,1,0,6
410510036023008,64,5,1,0
410510036023009,31,0,4,1
410510036023010,22,0,0,1
410510036023011,28,2,0,1
410510036023012,51,2,0,3
410510036023013,42,0,0,0
410510036023014,23,2,0,0
410510036023015,23,0,4,2
410510036023016,26,1,1,7
410510036023017,33,2,4,2
410510036023018,38,0,2,2
410510036023019,45,0,1,0
410510036023020,55,2,0,0
410510036023021,66,11,2,2
410510036023022,45,1,0,1
410510036023023,0,0,0,0
410510036023024,0,0,0,0
410510036023025,0,0,0,0
410510036023026,0,0,0,0
410510036023027,0,0,0,0
410510036023028,0,0,0,0
410510036023029,0,0,0,0
410510036023030,14,1,2,1
410510036023031,44,3,2,1
410510036023032,81,7,6,2
410510036023033,73,3,3,2
410510036023034,79,10,9,7
410510036023035,57,2,1,1
410510036023036,95,6,5,3
410510036023037,55,4,10,0
410510036023038,66,6,1,0
410510036023039,0,0,0,0
410510036023040,29,2,1,3
410510036023041,33,0,4,2
410510036023042,46,6,5,1
410510036023043,26,0,0,2
410510036024000,10,0,0,0
410510036024001,135,4,14,1
410510036024002,0,0,0,0
410510036024003,99,6,4,0
410510036024004,162,20,15,4
410510036024005,79,1,0,0
410510036024006,11,1,0,0
410510036024007,66,9,2,0
410510036024008,43,0,0,0
410510036024009,30,1,1,1
410510036024010,29,0,4,0
410510036024011,40,6,2,1
410510036024012,29,1,1,0
410510036024013,34,1,2,2
410510036024014,33,2,0,1
410510036024015,30,1,2,0
410510036024016,16,0,0,1
410510036024017,27,2,0,0
410510036024018,39,6,0,0
410510036024019,36,6,3,0
410510036024020,16,0,0,0
410510036024021,51,2,0,0
410510036024022,26,0,3,0
410510036024023,61,4,8,0
410510036024024,24,0,0,0
410510036024025,29,3,3,0
410510036024026,39,0,3,0
410510036024027,66,4,0,0
410510036024028,14,2,1,2
410510036024029,28,1,0,0
410510036024030,45,2,2,0
410510036024031,35,1,0,2
410510036024032,51,7,0,0
410510036024033,17,0,0,0
410510036024034,27,4,2,1
410510036024035,41,0,0,0
410510036024036,25,1,1,0
410510036024037,76,3,0,0
410510036031000,0,0,0,0
410510036031001,41,1,4,4
410510036031002,67,4,4,0
410510036031003,87,0,1,0
410510036031004,23,3,0,0
410510036031005,27,0,0,0
410510036031006,17,1,0,0
410510036031007,48,0,0,0
410510036031008,49,3,2,1
410510036031009,44,0,4,0
410510036031010,47,0,4,0
410510036031011,49,1,0,0
410510036031012,18,6,2,4
410510036031013,42,5,0,1
410510036031014,51,0,4,2
410510036031015,47,1,1,4
410510036031016,30,1,2,2
410510036032000,30,1,0,0
410510036032001,128,10,4,3
410510036032002,34,3,3,3
410510036032003,34,1,1,2
410510036032004,50,0,0,4
410510036032005,38,4,0,0
410510036032006,48,5,7,0
410510036032007,53,1,1,0
410510036032008,46,0,0,0
410510036032009,0,0,0,0
410510036032010,0,0,0,0
410510036032011,0,0,0,0
410510036032012,0,0,0,0
410510036032013,125,3,6,0
410510036032014,62,3,0,3
410510036032015,0,0,0,0
410510036032016,30,2,0,0
410510036032017,33,0,0,0
410510036032018,35,0,2,0
410510036032019,28,0,3,0
410510036032020,28,1,0,0
410510036032021,28,2,0,0
410510036032022,27,3,1,0
410510036032023,23,0,0,1
410510036032024,24,0,1,0
410510037011000,0,0,0,0
410510037011001,0,0,0,0
410510037011002,144,1,2,2
410510037011003,0,0,0,0
410510037011004,41,2,2,0
410510037011005,15,2,0,1
410510037011006,42,1,2,1
410510037011007,26,0,1,0
410510037011008,50,2,0,0
410510037011009,42,4,3,1
410510037011010,33,0,0,0
410510037011011,73,3,7,3
410510037011012,40,1,0,1
410510037011013,45,3,1,1
410510037011014,35,0,0,0
410510037011015,23,1,2,0
410510037011016,42,2,0,0
410510037011017,42,1,0,0
410510037011018,44,0,1,2
410510037011019,41,0,1,4
410510037011020,26,2,1,1
410510037011021,52,1,2,0
410510037011022,40,8,4,0
410510037011023,33,1,4,0
410510037011024,39,1,3,0
410510037011025,45,0,3,4
410510037011026,36,2,2,0
410510037011027,34,1,0,1
410510037011028,47,3,2,4
410510037012000,71,6,3,2
410510037012001,43,2,0,0
410510037012002,36,0,1,5
410510037012003,35,2,1,3
410510037012004,24,1,1,0
410510037012005,43,1,0,0
410510037012006,36,1,2,0
410510037012007,35,0,0,1
410510037012008,18,3,2,1
410510037012009,33,0,1,0
410510037012010,24,3,1,0
410510037012011,50,5,3,0
410510037012012,46,0,3,0
410510037012013,55,1,6,3
410510037012014,42,2,3,0
410510037012015,110,3,5,0
410510037012016,58,0,2,1
410510037012017,62,6,5,1
410510037012018,59,1,0,1
410510037012019,29,0,4,0
410510037012020,23,0,0,0
410510037012021,21,4,0,0
410510037012022,28,1,0,1
410510037012023,21,0,1,0
410510037012024,22,0,0,0
410510037013000,42,1,4,0
410510037013001,56,4,0,0
410510037013002,37,0,0,0
410510037013003,38,0,3,0
410510037013004,52,5,5,3
410510037013005,37,9,0,0
410510037013006,38,2,3,0
410510037013007,38,1,4,1
410510037013008,36,3,1,3
410510037013009,33,3,1,0
410510037013010,47,0,4,0
410510037013011,68,1,2,0
410510037013012,56,8,3,5
410510037013013,164,8,9,2
410510037013014,42,2,5,0
410510037013015,42,1,1,0
410510037013016,38,1,1,4
410510037013017,33,1,0,0
410510037013018,68,0,6,2
410510037013019,75,4,1,3
410510037013020,76,7,4,2
410510037013021,47,0,2,0
410510037013022,68,2,11,2
410510037013023,101,0,0,3
410510037014000,0,0,0,0
410510037014001,2,0,0,0
410510037014002,0,0,0,0
410510037014003,0,0,0,0
410510037014004,0,0,0,0
410510037014005,0,0,0,0
410510037014006,36,2,0,0
410510037014007,43,0,0,0
410510037014008,57,5,1,0
410510037014009,54,2,1,1
410510037014010,48,1,1,6
410510037014011,52,0,0,1
410510037014012,47,0,5,0
410510037014013,42,1,0,2
410510037014014,41,1,0,5
410510037014015,28,0,0,0
410510037014016,37,0,0,2
410510037014017,50,6,2,3
410510037014018,58,1,5,1
410510037014019,51,3,2,0
410510037014020,58,1,5,1
410510037014021,36,5,3,1
410510037014022,52,1,0,1
410510037014023,54,4,2,2
410510037021000,0,0,0,0
410510037021001,23,0,1,0
410510037021002,18,1,1,0
410510037021003,10,0,0,0
410510037021004,20,1,3,4
410510037021005,20,0,1,1
410510037021006,27,5,1,3
410510037021007,16,0,1,0
410510037021008,12,0,0,4
410510037021009,24,0,1,0
410510037021010,10,0,0,0
410510037021011,19,0,0,0
410510037021012,29,0,0,0
410510037021013,19,0,1,0
410510037021014,15,1,3,1
410510037021015,17,1,0,1
410510037021016,19,3,1,0
410510037021017,19,1,0,0
410510037021018,18,3,1,0
410510037021019,13,0,0,0
410510037021020,27,2,2,4
410510037021021,14,1,0,0
410510037021022,24,0,1,0
410510037021023,18,0,1,0
410510037021024,11,2,1,0
410510037021025,26,0,0,0
410510037021026,0,0,0,0
410510037021027,23,0,4,0
410510037021028,18,0,0,0
410510037021029,24,0,2,1
410510037021030,21,0,2,1
410510037021031,9,0,0,0
410510037021032,11,1,0,0
410510037021033,26,3,3,1
410510037021034,28,0,1,1
410510037021035,15,1,0,0
410510037021036,18,0,0,0
410510037021037,13,0,1,1
410510037021038,24,1,1,0
410510037022000,0,0,0,0
410510037022001,21,0,0,0
410510037022002,10,0,0,0
410510037022003,26,5,0,4
410510037022004,18,2,0,2
410510037022005,17,2,1,2
410510037022006,20,0,1,0
410510037022007,13,0,0,0
410510037022008,26,2,3,0
410510037022009,19,0,0,0
410510037022010,32,0,0,6
410510037022011,30,1,3,0
410510037022012,31,2,0,0
410510037022013,31,1,3,0
410510037022014,22,2,2,2
410510037022015,24,1,1,0
410510037022016,22,1,0,0
410510037022017,30,2,0,0
410510037022018,12,0,0,0
410510037022019,10,0,0,0
410510037022020,13,1,2,0
410510037022021,16,2,0,0
410510037022022,20,0,0,0
410510037022023,19,1,2,1
410510037022024,26,3,0,0
410510037022025,5,0,0,0
410510037022026,0,0,0,0
410510037022027,20,2,2,0
410510037022028,26,0,4,0
410510037022029,19,0,0,0
410510037022030,21,0,0,1
410510037022031,12,0,1,0
410510037022032,16,2,3,0
410510037022033,8,0,1,0
410510037022034,15,0,0,0
410510037022035,17,1,1,0
410510037022036,18,0,3,0
410510037022037,12,0,0,0
410510037022038,13,0,1,0
410510037023000,30,1,1,0
410510037023001,8,2,2,1
410510037023002,12,0,0,1
410510037023003,59,0,2,0
410510037023004,71,5,6,0
410510037023005,0,0,0,0
410510037023006,13,2,0,0
410510037023007,20,3,3,0
410510037023008,25,0,4,0
410510037023009,9,0,0,0
410510037023010,30,2,1,1
410510037023011,26,0,2,1
410510037023012,16,0,1,0
410510037023013,29,6,3,3
410510037023014,15,0,1,1
410510037023015,26,0,0,2
410510037023016,50,4,1,1
410510037023017,37,5,0,0
410510037023018,32,0,2,1
410510037023019,32,0,0,0
410510037023020,42,1,2,0
410510037023021,20,0,0,0
410510037023022,95,2,3,0
410510037023023,0,0,0,0
410510037023024,24,0,0,0
410510037023025,14,1,0,0
410510037023026,29,1,1,1
410510037023027,19,1,1,0
410510037023028,21,0,1,0
410510037023029,20,2,0,0
410510037023030,26,9,0,0
410510037023031,36,0,1,1
410510037023032,14,0,0,0
410510037023033,28,0,10,1
410510037023034,22,3,2,0
410510037023035,0,0,0,0
410510038011000,0,0,0,0
410510038011001,0,0,0,0
410510038011002,97,9,6,3
410510038011003,24,0,2,0
410510038011004,55,1,1,0
410510038011005,31,2,3,1
410510038011006,61,3,9,3
410510038011007,43,1,3,0
410510038011008,44,4,2,2
410510038011009,26,0,1,0
410510038011010,15,0,5,0
410510038011011,87,1,1,1
410510038011012,73,4,7,0
410510038011013,34,2,3,0
410510038011014,0,0,0,0
410510038011015,18,0,1,0
410510038011016,146,6,9,6
410510038011017,36,2,1,0
410510038011018,35,1,2,0
410510038011019,44,2,2,2
410510038011020,36,1,0,2
410510038011021,45,0,1,0
410510038011022,45,0,1,1
410510038011023,56,0,1,3
410510038011024,19,6,2,2
410510038011025,42,1,0,1
410510038011026,56,0,0,0
410510038011027,43,0,0,1
410510038011028,46,2,2,2
410510038012000,0,0,0,0
410510038012001,54,0,4,0
410510038012002,36,2,2,3
410510038012003,54,1,3,1
410510038012004,45,2,4,3
410510038012005,27,0,2,0
410510038012006,43,4,0,0
410510038012007,78,0,4,8
410510038012008,47,5,0,0
410510038012009,36,3,3,0
410510038012010,50,4,1,1
410510038012011,71,9,1,1
410510038012012,51,1,3,0
410510038012013,45,1,0,0
410510038012014,63,3,4,1
410510038012015,0,0,0,0
410510038012016,46,0,2,1
410510038012017,27,1,3,0
410510038013000,84,2,1,1
410510038013001,56,1,3,0
410510038013002,0,0,0,0
410510038013003,114,0,4,0
410510038013004,40,2,1,0
410510038013005,49,1,2,0
410510038013006,63,2,5,1
410510038013007,74,10,4,1
410510038013008,80,3,0,4
410510038013009,82,2,3,2
410510038013010,40,3,1,2
410510038013011,71,1,0,0
410510038013012,34,0,0,1
410510038013013,44,4,2,0
410510038013014,54,7,5,2
410510038013015,28,2,5,0
410510038013016,39,1,1,0
410510038013017,39,1,3,0
410510038013018,27,0,0,1
410510038013019,11,1,0,0
410510038013020,31,1,5,2
410510038013021,24,0,0,0
410510038013022,37,4,0,4
410510038013023,38,3,1,2
410510038013024,59,3,3,4
410510038013025,39,3,3,1
410510038013026,68,1,4,1
410510038021000,22,3,2,2
410510038021001,34,1,1,0
410510038021002,30,0,0,0
410510038021003,122,4,4,0
410510038021004,29,1,0,2
410510038021005,16,0,0,0
410510038021006,68,1,6,1
410510038021007,42,0,0,0
410510038021008,0,0,0,0
410510038021009,18,1,1,0
410510038021010,45,0,0,1
410510038021011,20,0,4,2
410510038021012,23,0,2,0
410510038021013,8,0,0,0
410510038021014,30,1,0,0
410510038021015,9,0,1,0
410510038021016,21,0,1,2
410510038021017,16,0,0,0
410510038021018,18,0,0,0
410510038021019,24,1,0,0
410510038021020,37,1,2,0
410510038021021,23,0,0,0
410510038021022,28,0,1,0
410510038021023,10,1,0,1
410510038021024,13,3,4,2
410510038021025,16,0,0,0
410510038021026,50,1,1,0
410510038021027,10,1,1,0
410510038021028,6,1,0,0
410510038021029,29,1,0,0
410510038021030,14,2,1,0
410510038021031,9,0,0,2
410510038021032,20,2,1,0
410510038021033,65,4,3,0
410510038021034,34,1,0,1
410510038021035,19,1,0,0
410510038021036,15,0,0,0
410510038021037,63,3,3,2
410510038021038,31,1,0,0
410510038021039,69,0,2,4
410510038021040,74,0,0,2
410510038022000,31,2,0,0
410510038022001,53,5,4,0
410510038022002,50,0,0,0
410510038022003,60,11,0,0
410510038022004,57,0,1,2
410510038022005,37,1,0,0
410510038022006,41,1,1,0
410510038022007,61,0,9,0
410510038022008,73,5,3,0
410510038022009,22,2,0,0
410510038022010,174,3,7,0
410510038022011,57,1,0,3
410510038022012,64,7,0,0
410510038022013,50,2,1,0
410510038022014,61,4,2,0
410510038022015,44,3,0,0
410510038022016,60,6,1,0
410510038022017,51,1,1,0
410510038022018,58,5,7,0
410510038022019,30,0,0,0
410510038023000,28,2,1,0
410510038023001,18,0,0,1
410510038023002,40,2,1,1
410510038023003,29,1,3,1
410510038023004,23,2,1,0
410510038023005,42,2,4,4
410510038023006,29,2,0,1
410510038023007,40,2,1,1
410510038023008,23,2,2,0
410510038023009,27,0,0,0
410510038023010,32,10,1,0
410510038023011,27,2,0,0
410510038023012,41,1,4,0
410510038023013,24,2,0,0
410510038023014,42,0,3,0
410510038023015,26,4,2,0
410510038023016,27,0,0,0
410510038023017,23,0,0,0
410510038023018,34,0,0,0
410510038023019,49,0,3,2
410510038023020,58,8,3,0
410510038023021,31,4,1,1
410510038023022,48,4,6,2
410510038023023,48,1,1,0
410510038023024,45,3,0,1
410510038023025,18,3,1,1
410510038023026,50,0,0,0
410510038023027,41,0,0,0
410510038023028,18,3,2,0
410510038023029,18,0,0,0
410510038031000,30,1,1,3
410510038031001,52,8,0,1
410510038031002,0,0,0,0
410510038031003,46,2,5,0
410510038031004,43,1,0,2
410510038031005,77,6,3,2
410510038031006,66,5,3,0
410510038031007,58,1,0,3
410510038031008,39,1,3,0
410510038031009,50,3,1,2
410510038031010,41,0,0,0
410510038031011,0,0,0,0
410510038031012,60,7,1,1
410510038031013,34,1,1,0
410510038031014,40,2,0,2
410510038031015,58,5,5,1
410510038031016,0,0,0,0
410510038031017,61,5,1,2
410510038031018,69,3,8,3
410510038031019,49,2,1,2
410510038031020,73,3,3,3
410510038031021,68,2,6,0
410510038031022,80,0,4,0
410510038031023,64,6,0,0
410510038031024,48,0,2,0
410510038031025,10,0,1,0
410510038031026,32,3,1,0
410510038031027,18,0,0,0
410510038032000,57,2,4,1
410510038032001,41,1,0,0
410510038032002,28,0,5,1
410510038032003,71,2,2,2
410510038032004,0,0,0,0
410510038032005,41,3,2,4
410510038032006,48,2,2,1
410510038032007,24,3,0,0
410510038032008,29,1,8,1
410510038032009,113,3,5,1
410510038032010,20,1,2,0
410510038032011,20,0,1,0
410510038032012,21,0,0,0
410510038032013,40,2,0,0
410510038032014,42,3,3,3
410510038032015,24,1,0,0
410510038032016,0,0,0,0
410510038032017,0,0,0,0
410510038032018,0,0,0,0
410510038032019,68,8,1,2
410510038032020,36,2,0,0
410510038032021,63,3,5,3
410510038032022,80,1,2,0
410510038032023,49,3,3,0
410510038032024,78,6,0,4
410510038032025,187,33,22,10
410510038032026,23,0,1,2
410510038032027,53,2,1,3
410510038032028,42,1,0,0
410510038032029,0,0,0,0
410510038032030,8,1,0,0
410510038032031,36,2,0,0
410510038032032,20,1,0,0
410510038032033,18,2,0,0
410510038032034,26,0,0,0
410510038032035,22,2,0,2
410510038032036,32,1,1,1
410510038032037,28,0,1,0
410510038032038,20,2,0,2
410510038032039,24,0,0,0
410510038032040,68,3,0,0
410510038033000,33,0,0,0
410510038033001,49,0,1,0
410510038033002,44,2,4,0
410510038033003,37,0,3,0
410510038033004,62,2,0,3
410510038033005,56,5,4,2
410510038033006,58,3,0,5
410510038033007,71,5,2,0
410510038033008,51,1,0,0
410510038033009,50,1,2,2
410510038033010,107,1,4,1
410510038033011,159,0,1,0
410510038033012,45,0,1,4
410510038033013,36,0,0,0
410510038033014,54,2,6,1
410510038033015,76,10,1,4
410510038033016,65,4,2,0
410510038033017,51,2,2,3
410510038033018,60,3,5,2
410510038033019,55,4,1,2
410510038033020,56,7,3,2
410510038033021,66,3,1,1
410510038033022,60,3,3,0
410510038033023,32,3,2,4
410510038033024,29,4,0,0
410510038033025,57,6,5,0
410510039021000,35,2,0,0
410510039021001,35,1,3,1
410510039021002,0,0,0,0
410510039021003,40,1,3,0
410510039021004,52,4,0,0
410510039021005,0,0,0,0
410510039021006,43,9,1,2
410510039021007,56,8,2,3
410510039021008,65,3,2,1
410510039021009,63,6,2,0
410510039021010,38,1,9,1
410510039021011,66,1,3,0
410510039021012,60,10,5,0
410510039021013,56,3,2,0
410510039021014,37,1,3,0
410510039021015,65,0,0,1
410510039022000,44,1,0,1
410510039022001,55,3,7,1
410510039022002,44,3,2,2
410510039022003,48,3,3,0
410510039022004,50,1,3,1
410510039022005,43,2,1,2
410510039022006,64,6,5,1
410510039022007,68,0,2,0
410510039022008,57,1,1,0
410510039022009,57,1,0,0
410510039022010,35,0,2,0
410510039022011,60,7,1,2
410510039022012,31,2,2,0
410510039022013,20,3,1,0
410510039022014,14,0,0,0
410510039022015,54,0,0,1
410510039022016,63,0,4,0
410510039022017,26,2,1,3
410510039022018,29,3,1,0
410510039023000,10,2,1,0
410510039023001,12,0,2,0
410510039023002,18,0,0,0
410510039023003,27,4,2,1
410510039023004,19,0,0,3
410510039023005,21,1,0,0
410510039023006,15,3,0,0
410510039023007,16,1,0,1
410510039023008,29,2,5,0
410510039023009,20,3,0,0
410510039023010,23,0,0,0
410510039023011,10,0,0,0
410510039023012,21,1,0,0
410510039023013,20,1,1,0
410510039023014,32,0,0,1
410510039023015,54,7,0,0
410510039023016,12,0,0,0
410510039023017,21,0,1,0
410510039023018,26,0,0,0
410510039023019,17,1,0,0
410510039023020,12,0,0,1
410510039023021,21,0,0,0
410510039023022,24,2,5,0
410510039023023,13,0,0,0
410510039023024,6,0,0,0
410510039023025,28,1,0,0
410510039023026,31,0,0,0
410510039023027,19,0,1,0
410510039023028,25,0,3,1
410510039023029,26,3,0,0
410510039023030,43,3,6,1
410510039023031,59,0,0,2
410510039023032,37,1,3,0
410510039023033,17,0,0,2
410510039023034,16,1,1,0
410510039023035,18,1,1,0
410510039023036,9,0,0,0
410510039023037,12,1,0,0
410510039023038,35,2,1,0
410510039023039,1,0,0,0
410510039023040,12,1,0,0
410510039023041,17,0,1,0
410510039024000,19,1,0,0
410510039024001,23,0,1,1
410510039024002,116,10,6,1
410510039024003,93,3,8,0
410510039024004,75,7,7,3
410510039024005,55,3,0,0
410510039024006,67,6,7,4
410510039024007,25,2,2,0
410510039024008,43,0,0,0
410510039024009,59,5,2,3
410510039024010,61,4,4,1
410510039024011,58,3,1,6
410510039024012,31,0,2,1
410510039024013,0,0,0,0
410510039024014,35,2,0,2
410510039024015,13,3,1,0
410510039024016,29,0,0,0
410510039024017,8,0,0,0
410510039024018,10,0,0,0
410510039031000,14,0,0,0
410510039031001,9,0,0,0
410510039031002,16,3,1,0
410510039031003,20,0,2,0
410510039031004,12,0,1,0
410510039031005,23,2,2,5
410510039031006,38,1,0,0
410510039031007,41,1,0,0
410510039031008,25,1,2,0
410510039031009,27,2,1,0
410510039031010,26,0,0,0
410510039031011,35,1,1,0
410510039031012,26,2,3,0
410510039031013,14,0,1,0
410510039031014,13,0,1,0
410510039031015,38,2,7,1
410510039031016,12,1,3,1
410510039031017,43,0,1,2
410510039031018,37,0,0,0
410510039031019,32,7,0,0
410510039031020,34,1,2,0
410510039031021,18,0,0,0
410510039031022,16,0,0,0
410510039031023,28,3,1,0
410510039031024,30,4,0,0
410510039031025,25,0,0,0
410510039031026,14,2,0,0
410510039031027,23,0,1,3
410510039031028,16,0,0,0
410510039031029,19,1,0,0
410510039031030,32,7,2,0
410510039031031,26,0,0,0
410510039031032,24,3,1,0
410510039031033,38,0,0,0
410510039031034,0,0,0,0
410510039031035,19,1,0,0
410510039031036,25,5,2,0
410510039031037,14,2,1,0
410510039031038,43,2,3,0
410510039031039,21,2,1,1
410510039031040,29,1,2,0
410510039031041,33,0,2,0
410510039031042,38,1,0,0
410510039031043,55,1,1,7
410510039031044,32,4,0,4
410510039031045,26,1,2,0
410510039032000,69,10,7,4
410510039032001,69,3,5,4
410510039032002,739,49,92,22
410510039032003,47,3,0,2
410510039032004,38,4,0,1
410510039032005,0,0,0,0
410510039032006,60,4,0,5
410510039032007,32,6,2,1
410510039032008,43,1,0,0
410510039032009,36,6,2,3
410510039032010,40,2,1,1
410510039032011,38,1,0,4
410510039032012,42,2,1,0
410510039032013,79,1,1,2
410510039032014,77,1,8,9
410510039032015,40,4,2,0
410510039032016,41,2,2,4
410510039032017,43,7,1,2
410510039032018,70,8,4,8
410510039032019,42,0,1,0
410510039032020,48,0,3,2
410510039032021,48,4,0,1
410510039032022,18,1,1,0
410510039032023,17,0,0,0
410510039032024,17,2,0,1
410510039032025,27,0,2,1
410510039032026,39,3,2,2
410510039032027,8,0,0,0
410510039032028,29,1,1,0
410510039032029,54,2,2,2
410510039032030,88,6,6,4
410510039032031,41,1,4,0
410510039032032,29,0,0,0
410510039032033,44,0,4,1
410510039032034,78,6,2,2
410510039041000,259,7,17,9
410510039041001,77,2,1,0
410510039041002,54,3,3,0
410510039041003,89,4,4,1
410510039041004,37,2,2,0
410510039041005,66,6,1,2
410510039041006,40,1,1,1
410510039041007,60,9,2,4
410510039041008,0,0,0,0
410510039041009,37,0,2,0
410510039041010,72,4,8,2
410510039041011,52,6,0,0
410510039041012,82,8,5,0
410510039041013,44,0,6,1
410510039041014,57,1,4,0
410510039041015,73,4,8,3
410510039041016,54,5,5,4
410510039041017,52,3,6,0
410510039041018,53,1,3,0
410510039041019,60,8,3,0
410510039041020,68,0,0,0
410510039041021,66,8,0,0
410510039041022,70,7,9,1
410510039042000,80,1,2,0
410510039042001,55,10,5,3
410510039042002,29,0,0,0
410510039042003,48,0,6,3
410510039042004,57,5,5,1
410510039042005,52,3,0,2
410510039042006,46,4,0,0
410510039042007,59,2,3,1
410510039042008,57,0,4,0
410510039042009,59,3,3,0
410510039042010,47,2,1,0
410510039042011,44,1,4,0
410510039042012,45,0,1,6
410510039042013,54,2,4,0
410510039042014,55,0,0,1
410510039042015,65,10,1,0
410510039042016,41,1,1,0
410510039042017,58,1,0,0
410510039042018,11,0,0,0
410510039042019,50,3,0,0
410510039043000,59,5,3,1
410510039043001,62,3,2,1
410510039043002,62,3,2,4
410510039043003,43,5,1,0
410510039043004,76,2,2,2
410510039043005,66,3,1,1
410510039043006,54,2,0,0
410510039043007,99,5,3,6
410510039043008,44,9,1,0
410510039043009,96,4,5,1
410510039043010,28,3,2,2
410510039043011,40,2,1,0
410510039043012,68,8,1,0
410510039043013,70,1,2,1
410510039043014,58,2,1,1
410510039043015,55,2,1,1
410510039043016,61,6,4,0
410510039043017,51,3,0,2
410510039043018,43,3,2,3
410510039043019,35,1,1,1
410510039043020,69,1,6,0
410510039043021,33,2,5,2
410510039043022,50,0,0,0
410510039043023,47,0,1,1
410510039043024,25,0,1,0
410510039043025,16,0,1,1
410510039043026,11,2,0,0
410510039043027,25,0,3,0
410510039043028,22,0,0,0
410510039043029,33,3,2,0
410510039043030,40,4,1,0
410510039043031,0,0,0,0
410510040021000,18,1,1,0
410510040021001,31,0,1,0
410510040021002,63,0,3,0
410510040021003,41,5,0,0
410510040021004,57,2,0,5
410510040021005,17,0,0,0
410510040021006,34,2,1,0
410510040021007,25,2,4,0
410510040021008,29,1,0,0
410510040021009,23,0,2,0
410510040021010,13,0,0,0
410510040021011,32,6,0,3
410510040021012,18,0,2,0
410510040021013,38,0,0,0
410510040021014,18,3,1,0
410510040021015,14,1,0,0
410510040021016,21,1,1,0
410510040021017,46,0,0,0
410510040021018,11,1,0,0
410510040021019,6,0,0,0
410510040021020,802,0,0,2
410510040021021,244,1,0,0
410510040021022,14,2,1,0
410510040021023,13,0,0,0
410510040021024,34,1,1,4
410510040021025,25,0,0,0
410510040021026,48,0,4,2
410510040021027,51,1,11,0
410510040021028,48,5,1,1
410510040021029,23,2,0,0
410510040021030,27,3,0,0
410510040021031,59,0,3,0
410510040021032,62,5,3,0
410510040021033,17,1,4,0
410510040021034,15,3,2,0
410510040021035,150,0,0,1
410510040021036,479,0,0,0
410510040021037,0,0,0,0
410510040021038,0,0,0,0
410510040022000,37,1,0,0
410510040022001,20,1,3,0
410510040022002,33,3,0,0
410510040022003,14,1,1,2
410510040022004,13,0,0,0
410510040022005,0,0,0,0
410510040022006,16,2,2,0
410510040022007,35,0,1,0
410510040022008,0,0,0,0
410510040022009,24,0,4,0
410510040022010,30,2,2,2
410510040022011,39,2,2,2
410510040022012,53,3,1,1
410510040022013,59,6,1,0
410510040022014,13,0,1,0
410510040022015,0,0,0,0
410510040022016,30,6,2,1
410510040022017,19,0,1,1
410510040022018,19,0,0,0
410510040022019,21,0,0,0
410510040022020,22,2,0,0
410510040022021,18,1,0,1
410510040022022,25,0,3,0
410510040022023,25,2,1,1
410510040022024,15,0,0,0
410510040022025,24,0,1,0
410510040022026,20,0,0,0
410510040022027,38,4,2,0
410510040022028,30,6,0,2
410510040022029,6,0,0,0
410510040022030,14,1,0,0
410510040022031,13,0,0,0
410510040022032,23,1,1,1
410510040022033,20,2,0,0
410510040022034,32,0,1,0
410510040022035,20,0,0,0
410510040022036,17,0,1,0
410510040022037,32,2,0,1
410510040022038,27,0,0,0
410510040022039,31,1,3,1
410510040022040,29,4,0,1
410510040022041,42,1,0,4
410510040022042,17,0,2,0
410510040022043,29,0,0,3
410510040023000,28,1,0,0
410510040023001,39,3,1,1
410510040023002,29,0,5,2
410510040023003,21,4,0,0
410510040023004,31,1,1,2
410510040023005,9,0,1,0
410510040023006,84,2,3,3
410510040023007,29,1,2,3
410510040023008,31,4,0,0
410510040023009,19,0,5,0
410510040023010,31,8,0,0
410510040023011,24,1,3,0
410510040023012,19,1,0,0
410510040023013,68,4,0,2
410510040023014,48,0,7,0
410510040023015,25,0,0,0
410510040023016,28,1,3,0
410510040023017,33,0,0,1
410510040023018,40,3,4,0
410510040023019,25,0,0,0
410510040023020,31,0,0,0
410510040023021,62,2,4,1
410510040023022,100,4,2,0
410510040023023,15,0,0,2
410510040023024,13,0,0,0
410510040023025,20,1,0,0
410510040023026,12,1,2,0
410510040023027,15,0,0,0
410510040023028,25,4,0,0
410510040023029,17,3,1,0
410510040023030,15,0,0,0
410510040023031,15,0,0,0
410510040023032,33,2,2,0
410510040023033,21,0,2,0
410510040023034,82,0,0,0
410510040023035,6,0,0,0
410510040023036,17,0,0,0
410510040023037,17,3,0,0
410510040023038,24,0,2,1
410510040023039,17,0,0,0
410510040023040,19,0,0,0
410510040023041,20,0,0,0
410510040023042,15,0,0,1
410510040023043,0,0,0,0
410510040023044,39,0,1,0
410510040023045,41,0,4,0
410510040023046,6,0,2,0
410510040023047,7,0,0,0
410510040023048,0,0,0,0
410510040023049,0,0,0,0
410510040023050,0,0,0,0
410510040024000,0,0,0,0
410510040024001,8,4,0,1
410510040024002,9,0,1,0
410510040024003,22,0,1,1
410510040024004,0,0,0,0
410510040024005,0,0,0,0
410510040024006,16,0,0,0
410510040024007,26,1,0,0
410510040024008,20,0,0,4
410510040024009,10,0,1,0
410510040024010,31,3,1,0
410510040024011,3,0,0,0
410510040024012,26,0,1,1
410510040024013,19,2,0,2
410510040024014,24,3,0,0
410510040024015,20,0,0,1
410510040024016,32,3,2,0
410510040024017,4,0,0,0
410510040024018,29,2,0,0
410510040024019,16,0,0,0
410510040024020,21,0,0,0
410510040024021,19,3,2,0
410510040024022,22,0,2,0
410510040024023,6,0,0,0
410510040024024,0,0,0,0
410510040024025,34,0,4,1
410510040024026,19,3,4,1
410510040024027,15,1,0,0
410510040024028,10,0,2,0
410510040024029,17,0,0,0
410510040024030,24,1,0,4
410510040024031,10,0,0,0
410510040024032,13,0,0,0
410510040024033,28,4,1,0
410510040024034,26,1,0,0
410510040024035,8,4,0,0
410510040024036,36,3,1,0
410510040024037,42,0,0,0
410510040024038,15,1,0,0
410510040024039,0,0,0,0
410510040024040,11,0,0,0
410510040024041,211,0,0,0
410510040024042,6,1,2,0
410510040024043,133,1,2,0
410510040024044,0,0,0,0
410510040024045,37,0,0,0
410510040024046,38,0,0,0
410510040024047,4,0,0,1
410510040024048,20,0,3,1
410510040024049,20,0,0,0
410510040024050,35,4,0,1
410510040024051,12,0,0,0
410510040024052,27,0,0,0
410510040024053,7,1,1,0
410510040024054,7,1,0,0
410510040024055,8,0,0,0
410510040024056,4,0,0,0
410510040024057,16,1,0,0
410510040024058,12,0,0,0
410510040024059,19,0,3,0
410510040024060,8,1,0,0
410510040024061,13,0,0,0
410510040024062,9,1,0,0
410510040024063,18,0,0,0
410510040024064,8,2,0,0
410510040024065,14,1,0,0
410510040024066,10,0,0,0
410510040024067,12,3,2,1
410510040024068,5,0,1,0
410510040024069,9,0,0,0
410510040024070,9,0,0,0
410510040024071,15,0,1,2
410510040024072,9,0,0,0
410510040024073,10,0,0,0
410510040024074,11,0,0,0
410510040024075,20,1,0,0
410510040024076,15,0,0,0
410510040024077,6,2,1,0
410510040024078,17,0,1,1
410510040024079,2,0,0,0
410510040024080,0,0,0,0
410510040024081,4,0,2,0
410510040024082,1,0,0,0
410510040024083,11,0,0,0
410510040024084,27,1,0,0
410510040024085,4,0,0,0
410510040024086,9,0,1,0
410510040024087,24,0,0,1
410510040024088,6,2,0,1
410510040024089,7,0,2,2
410510040024090,10,0,0,0
410510040024091,9,1,1,0
410510040024092,7,0,0,1
410510040024093,17,1,0,0
410510040024094,7,0,0,0
410510040031000,87,4,2,8
410510040031001,130,7,18,14
410510040031002,93,6,11,20
410510040031003,70,3,11,3
410510040031004,109,9,18,11
410510040031005,56,9,4,4
410510040031006,40,0,7,0
410510040031007,101,15,21,9
410510040031008,253,14,22,2
410510040031009,114,12,28,5
410510040031010,117,13,2,3
410510040031011,100,20,7,5
410510040031012,103,16,7,24
410510040031013,65,11,5,2
410510040031014,64,6,9,10
410510040031015,89,13,16,4
410510040031016,146,9,24,12
410510040032000,191,15,25,4
410510040032001,63,9,5,2
410510040032002,0,0,0,0
410510040032003,53,1,6,1
410510040032004,43,3,6,2
410510040032005,71,5,5,3
410510040032006,121,6,17,11
410510040032007,163,32,21,12
410510040032008,65,14,4,2
410510040032009,27,2,3,1
410510040032010,25,0,1,1
410510040032011,364,21,22,6
410510040032012,85,9,6,3
410510040032013,51,2,1,6
410510040032014,44,3,1,0
410510040032015,82,2,9,2
410510040032016,18,1,0,1
410510040032017,69,2,11,0
410510040032018,67,2,5,0
410510040032019,42,2,7,1
410510040033000,78,3,4,8
410510040033001,40,4,0,0
410510040033002,64,8,2,6
410510040033003,66,7,2,4
410510040033004,254,14,11,6
410510040033005,70,1,4,4
410510040033006,572,31,42,27
410510040033007,63,7,4,1
410510040033008,67,7,2,1
410510040033009,58,3,1,1
410510040033010,37,1,0,1
410510040033011,50,2,3,1
410510040033012,55,3,4,2
410510040033013,56,2,2,5
410510040033014,46,1,1,6
410510040033015,47,5,1,3
410510040033016,45,0,0,1
410510040033017,68,5,7,2
410510040033018,38,0,0,3
410510040033019,37,1,0,0
410510040033020,41,3,5,1
410510040033021,28,0,3,0
410510040033022,45,2,0,0
410510040033023,52,3,8,1
410510040033024,19,0,0,3
410510040033025,53,2,3,0
410510040033026,47,6,3,0
410510040034000,31,1,0,0
410510040034001,39,7,5,0
410510040034002,52,3,1,0
410510040034003,46,4,2,0
410510040034004,30,0,0,1
410510040034005,18,4,0,0
410510040034006,54,1,0,0
410510040034007,54,3,0,4
410510040034008,40,2,0,0
410510040034009,21,2,1,0
410510040034010,5,0,0,0
410510040034011,44,3,2,0
410510040034012,52,1,2,0
410510040034013,32,1,1,0
410510040034014,29,0,0,0
410510040034015,44,2,3,3
410510040034016,84,1,6,1
410510040034017,18,0,0,0
410510040034018,11,1,4,0
410510040034019,18,1,0,0
410510040034020,16,0,0,0
410510040034021,21,0,0,0
410510040034022,26,0,1,0
410510040034023,33,6,0,1
410510040034024,38,0,0,1
410510040034025,11,0,2,2
410510040034026,18,2,1,2
410510040034027,35,0,0,1
410510040034028,18,1,1,2
410510040034029,24,0,4,7
410510040034030,33,1,1,1
410510040034031,49,0,0,4
410510040034032,7,0,0,0
410510040034033,44,3,0,2
410510040034034,41,2,2,7
410510040035000,62,2,1,5
410510040035001,38,6,2,0
410510040035002,43,1,1,0
410510040035003,38,2,4,0
410510040035004,25,5,0,0
410510040035005,146,4,11,6
410510040035006,12,0,2,0
410510040035007,19,5,0,0
410510040035008,12,0,0,0
410510040035009,16,4,0,0
410510040035010,15,1,0,0
410510040035011,56,3,3,1
410510040035012,88,2,11,0
410510040035013,32,2,3,1
410510040035014,67,4,1,0
410510040035015,94,4,7,1
410510040035016,115,6,11,3
410510040035017,35,3,1,0
410510040035018,0,0,0,0
410510040035019,26,5,0,0
410510040035020,50,1,7,0
410510040035021,30,0,4,2
410510040035022,7,0,2,0
410510040035023,10,2,0,0
410510040035024,8,1,1,0
410510040035025,19,0,1,0
410510040035026,19,0,0,0
410510040035027,54,7,4,0
410510040035028,32,2,0,2
410510041021000,155,5,14,2
410510041021001,42,0,2,1
410510041021002,38,1,0,0
410510041021003,195,23,13,1
410510041021004,19,0,0,0
410510041021005,37,1,3,0
410510041021006,44,4,4,0
410510041021007,37,0,0,0
410510041021008,35,0,3,1
410510041021009,36,0,0,0
410510041021010,59,1,4,1
410510041021011,22,2,0,0
410510041021012,20,1,0,0
410510041021013,36,0,0,1
410510041021014,48,0,3,0
410510041021015,71,2,7,0
410510041021016,73,3,6,5
410510041021017,18,1,4,1
410510041021018,0,0,0,0
410510041021019,50,3,6,4
410510041021020,112,3,3,1
410510041021021,50,3,1,1
410510041021022,47,7,4,1
410510041021023,46,4,0,0
410510041021024,31,0,0,1
410510041021025,28,0,3,0
410510041021026,63,0,3,3
410510041021027,21,4,1,1
410510041021028,14,1,0,0
410510041022000,12,0,0,0
410510041022001,49,1,2,3
410510041022002,49,5,0,0
410510041022003,38,0,1,0
410510041022004,26,1,1,0
410510041022005,41,2,5,0
410510041022006,44,2,0,0
410510041022007,11,0,0,0
410510041022008,34,0,1,3
410510041022009,47,6,3,2
410510041022010,28,2,1,1
410510041022011,33,0,0,0
410510041022012,31,3,1,0
410510041022013,35,1,0,2
410510041022014,36,0,5,0
410510041022015,28,4,1,2
410510041022016,30,3,1,0
410510041022017,37,0,1,0
410510041022018,43,5,0,0
410510041022019,29,1,2,0
410510041022020,51,1,3,2
410510041022021,54,2,0,1
410510041022022,71,1,4,4
410510041022023,43,0,3,0
410510041022024,54,2,5,3
410510041022025,37,0,0,0
410510041023000,17,3,0,2
410510041023001,10,1,1,3
410510041023002,15,0,6,0
410510041023003,0,0,0,0
410510041023004,102,4,9,0
410510041023005,95,6,3,2
410510041023006,23,3,0,0
410510041023007,38,3,0,0
410510041023008,65,7,6,3
410510041023009,22,0,1,0
410510041023010,31,0,0,0
410510041023011,59,3,0,2
410510041023012,11,0,0,0
410510041023013,73,2,1,2
410510041023014,54,0,1,0
410510041023015,103,3,4,1
410510041023016,31,2,0,0
410510041023017,26,1,0,0
410510041023018,31,1,2,0
410510041023019,132,3,0,1
410510041023020,15,0,0,0
410510041023021,12,0,0,0
410510041023022,33,0,2,0
410510041023023,37,5,2,0
410510041023024,19,2,1,1
410510041023025,47,5,4,2
410510041023026,0,0,0,0
410510041023027,0,0,0,0
410510041023028,81,3,4,2
410510041023029,21,1,3,2
410510041023030,28,1,0,1
410510041023031,12,0,0,0
410510041023032,23,1,0,2
410510041024000,0,0,0,0
410510041024001,40,0,0,0
410510041024002,64,1,7,3
410510041024003,39,1,2,0
410510041024004,37,9,1,0
410510041024005,49,0,3,0
410510041024006,54,9,3,0
410510041024007,47,0,7,0
410510041024008,27,1,0,0
410510041024009,47,1,1,3
410510041024010,43,6,4,2
410510041024011,51,2,6,3
410510041024012,40,1,6,1
410510041024013,43,0,1,0
410510041024014,51,4,3,0
410510041024015,50,3,2,1
410510041024016,119,1,2,0
410510041024017,40,0,1,1
410510041024018,42,0,0,0
410510041024019,48,6,3,0
410510041024020,35,0,1,0
410510041024021,29,3,1,3
410510041024022,46,0,2,1
410510041024023,35,0,0,0
410510041024024,38,2,0,0
410510041024025,39,1,0,2
410510041024026,41,3,6,3
410510041024027,35,7,1,0
410510041024028,34,3,1,2
410510041024029,39,4,6,1
410510041024030,45,2,4,1
410510041024031,32,1,0,0
410510041024032,31,0,1,0
410510041024033,28,0,0,3
410510041024034,25,3,2,0
410510041024035,17,0,2,1
410510041024036,23,2,0,4
410510041024037,18,0,0,0
410510041024038,18,0,2,0
410510041024039,22,2,1,5
410510041024040,23,1,0,0
410510041031000,64,1,2,0
410510041031001,78,1,10,7
410510041031002,45,2,1,0
410510041031003,21,2,1,0
410510041031004,60,1,2,0
410510041031005,65,1,0,0
410510041031006,38,2,1,0
410510041031007,51,9,2,3
410510041031008,40,0,0,2
410510041031009,65,2,2,4
410510041031010,68,1,0,2
410510041031011,97,4,4,0
410510041031012,43,1,1,3
410510041031013,58,6,4,0
410510041031014,53,3,5,7
410510041031015,46,0,1,0
410510041031016,50,5,4,1
410510041031017,48,2,3,2
410510041031018,35,2,5,0
410510041031019,14,1,2,0
410510041031020,68,5,9,3
410510041031021,41,4,0,2
410510041031022,29,0,1,0
410510041031023,49,4,2,1
410510041031024,50,0,7,1
410510041031025,54,4,0,3
410510041031026,35,0,1,0
410510041031027,52,1,0,4
410510041031028,56,0,1,0
410510041031029,23,4,2,0
410510041031030,32,2,0,1
410510041031031,49,0,3,1
410510041031032,45,2,4,0
410510041032000,21,0,0,0
410510041032001,47,1,4,3
410510041032002,41,0,2,0
410510041032003,34,1,2,1
410510041032004,15,0,0,0
410510041032005,42,2,5,0
410510041032006,28,3,1,0
410510041032007,35,0,2,3
410510041032008,65,2,6,3
410510041032009,68,1,0,0
410510041032010,41,5,4,0
410510041032011,47,1,1,3
410510041032012,53,3,3,1
410510041032013,63,4,5,5
410510041032014,88,2,0,0
410510041032015,82,9,3,0
410510041032016,96,4,3,0
410510041032017,46,0,1,3
410510041032018,66,6,7,3
410510041032019,43,0,3,2
410510041032020,53,0,1,2
410510041032021,61,3,3,7
410510041032022,111,12,12,8
410510041032023,60,4,6,2
410510041032024,72,3,10,5
410510041032025,58,2,3,0
410510041032026,57,3,6,0
410510041032027,41,3,3,0
410510041033000,7,0,0,0
410510041033001,0,0,0,0
410510041033002,0,0,0,0
410510041033003,0,0,0,0
410510041033004,17,3,0,3
410510041033005,0,0,0,0
410510041033006,0,0,0,0
410510041033007,184,5,11,1
410510041033008,0,0,0,0
410510041033009,0,0,0,0
410510041033010,0,0,0,0
410510041033011,76,8,8,3
410510041033012,32,0,5,1
410510041033013,0,0,0,0
410510041033014,11,1,1,0
410510041033015,67,0,1,0
410510041033016,47,5,4,1
410510041033017,31,2,1,0
410510041033018,44,3,1,2
410510041033019,48,4,3,0
410510041033020,36,4,4,1
410510041033021,0,0,0,0
410510041033022,10,2,0,0
410510041033023,52,10,3,1
410510041033024,42,1,5,0
410510041033025,35,10,2,1
410510041033026,0,0,0,0
410510041033027,0,0,0,0
410510041033028,40,0,5,3
410510041033029,0,0,0,0
410510041033030,36,3,1,3
410510041033031,40,2,6,1
410510041033032,163,19,10,16
410510041033033,19,1,2,2
410510041033034,33,1,2,1
410510041033035,50,1,2,0
410510041033036,32,1,0,0
410510041041000,0,0,0,0
410510041041001,0,0,0,0
410510041041002,0,0,0,0
410510041041003,946,87,97,52
410510041041004,172,11,19,2
410510041041005,90,10,10,2
410510041041006,340,44,32,15
410510041041007,78,3,3,0
410510041042000,0,0,0,0
410510041042001,0,0,0,0
410510041042002,0,0,0,0
410510041042003,0,0,0,0
410510041042004,0,0,0,0
410510041042005,0,0,0,0
410510041042006,0,0,0,0
410510041042007,0,0,0,0
410510041042008,0,0,0,0
410510041042009,0,0,0,0
410510041042010,227,1,8,0
410510041042011,58,6,3,2
410510041042012,64,1,8,1
410510041042013,49,1,2,0
410510041042014,0,0,0,0
410510041042015,74,4,9,9
410510041042016,50,2,1,3
410510041042017,77,3,6,1
410510041042018,44,4,3,0
410510041042019,49,4,2,1
410510041042020,52,3,2,1
410510041042021,56,0,2,0
410510041042022,52,1,0,1
410510041042023,23,2,0,0
410510041042024,89,6,12,3
410510041042025,34,1,2,0
410510041042026,26,1,0,6
410510041042027,31,2,2,0
410510041042028,23,1,1,1
410510041042029,18,2,0,1
410510041042030,42,2,3,1
410510041042031,33,1,5,1
410510041042032,21,5,1,0
410510041042033,34,3,4,0
410510041042034,37,0,1,0
410510041042035,34,0,1,0
410510041042036,65,3,1,3
410510041042037,36,1,1,0
410510041042038,56,0,9,2
410510042001000,73,2,7,1
410510042001001,34,1,1,1
410510042001002,67,5,1,2
410510042001003,74,3,0,0
410510042001004,44,2,1,3
410510042001005,58,4,6,1
410510042001006,28,0,5,0
410510042001007,77,0,8,2
410510042001008,48,0,1,0
410510042001009,77,2,1,2
410510042001010,16,0,0,2
410510042001011,37,2,2,0
410510042001012,28,1,1,0
410510042001013,99,1,2,1
410510042001014,46,4,1,0
410510042001015,46,3,1,1
410510042001016,20,3,4,1
410510042001017,43,3,5,4
410510042001018,59,1,1,0
410510042001019,13,0,3,1
410510042001020,53,2,5,3
410510042001021,38,3,1,0
410510042001022,44,4,1,1
410510042001023,67,2,1,1
410510042001024,39,3,2,0
410510042001025,31,1,0,0
410510042001026,30,2,1,0
410510042001027,18,0,1,0
410510042001028,31,6,0,0
410510042001029,34,0,0,0
410510042001030,101,1,1,0
410510042001031,69,1,2,0
410510042001032,25,1,0,0
410510042001033,0,0,0,0
410510042001034,0,0,0,0
410510042001035,0,0,0,0
410510042001036,145,4,1,0
410510042001037,8,0,1,0
410510042001038,16,1,2,0
410510042001039,0,0,0,0
410510042002000,0,0,0,0
410510042002001,0,0,0,0
410510042002002,14,2,0,0
410510042002003,24,0,2,2
410510042002004,16,2,0,1
410510042002005,0,0,0,0
410510042002006,0,0,0,0
410510042002007,24,1,0,1
410510042002008,8,0,0,0
410510042002009,0,0,0,0
410510042002010,56,5,0,1
410510042002011,115,4,4,3
410510042002012,0,0,0,0
410510042002013,222,3,4,0
410510042002014,49,4,1,0
410510042002015,46,5,2,1
410510042002016,77,0,1,0
410510042002017,0,0,0,0
410510042002018,0,0,0,0
410510042002019,0,0,0,0
410510042002020,0,0,0,0
410510042002021,59,0,0,0
410510042002022,33,0,0,0
410510042002023,55,1,5,3
410510042002024,25,2,0,2
410510042002025,0,0,0,0
410510042002026,79,3,1,0
410510042002027,54,4,0,0
410510042002028,44,0,0,0
410510042002029,21,0,0,1
410510042002030,80,3,6,3
410510042002031,48,2,1,1
410510042002032,26,5,3,0
410510042002033,30,0,0,0
410510042002034,67,0,2,0
410510042002035,9,0,2,1
410510042002036,0,0,0,0
410510042003000,0,0,0,0
410510042003001,37,1,3,0
410510042003002,0,0,0,0
410510042003003,0,0,0,0
410510042003004,0,0,0,0
410510042003005,0,0,0,0
410510042003006,11,2,2,0
410510042003007,109,1,5,1
410510042003008,46,0,0,0
410510042003009,36,1,2,1
410510042003010,68,6,0,4
410510042003011,56,0,3,1
410510042003012,51,3,2,3
410510042003013,46,7,0,0
410510042003014,65,2,1,0
410510042003015,37,2,2,1
410510042003016,33,3,0,0
410510042003017,42,0,0,1
410510042003018,50,3,2,0
410510042003019,85,3,2,5
410510042003020,0,0,0,0
410510042003021,12,1,3,1
410510042003022,19,0,0,0
410510042003023,77,2,1,0
410510042003024,26,5,3,0
410510042003025,68,7,4,1
410510042003026,0,0,0,0
410510042003027,132,3,1,0
410510042003028,8,1,1,0
410510042003029,70,2,7,1
410510043001000,0,0,0,0
410510043001001,13,0,3,3
410510043001002,0,0,0,0
410510043001003,0,0,0,0
410510043001004,0,0,0,0
410510043001005,0,0,0,0
410510043001006,0,0,0,0
410510043001007,0,0,0,0
410510043001008,5,0,0,0
410510043001009,0,0,0,0
410510043001010,0,0,0,0
410510043001011,4,0,0,0
410510043001012,0,0,0,0
410510043001013,2,0,0,0
410510043001014,12,0,0,0
410510043001015,12,0,1,0
410510043001016,136,9,9,0
410510043001017,6,1,1,0
410510043001018,0,0,0,0
410510043001019,0,0,0,0
410510043001020,26,0,0,4
410510043001021,17,1,0,0
410510043001022,25,3,0,2
410510043001023,13,0,0,5
410510043001024,9,0,0,1
410510043001025,6,0,0,1
410510043001026,14,0,0,0
410510043001027,10,0,0,0
410510043001028,0,0,0,0
410510043001029,10,2,0,0
410510043001030,0,0,0,0
410510043001031,3,0,0,1
410510043001032,2,0,0,0
410510043001033,94,10,12,9
410510043001034,35,0,2,2
410510043001035,5,0,1,1
410510043001036,52,3,3,4
410510043001037,29,0,0,0
410510043001038,43,0,3,0
410510043001039,1,0,0,0
410510043001040,0,0,0,0
410510043001041,98,6,1,7
410510043001042,77,1,9,0
410510043001043,8,0,1,0
410510043001044,0,0,0,0
410510043001045,0,0,0,0
410510043001046,0,0,0,0
410510043001047,9,2,0,1
410510043001048,0,0,0,0
410510043001049,0,0,0,0
410510043001050,0,0,0,0
410510043001051,0,0,0,0
410510043001052,22,0,0,0
410510043001053,10,0,0,0
410510043001054,68,3,4,2
410510043001055,30,3,1,5
410510043001056,15,0,0,0
410510043001057,1,0,0,0
410510043001058,0,0,0,0
410510043001059,0,0,0,0
410510043001060,46,2,0,2
410510043001061,17,2,3,1
410510043001062,0,0,0,0
410510043001063,0,0,0,0
410510043001064,0,0,0,0
410510043001065,0,0,0,0
410510043001066,0,0,0,0
410510043001067,0,0,0,0
410510043001068,0,0,0,0
410510043001069,0,0,0,0
410510043001070,0,0,0,0
410510043001071,0,0,0,0
410510043001072,0,0,0,0
410510043001073,0,0,0,0
410510043001074,0,0,0,0
410510043001075,0,0,0,0
410510043001076,0,0,0,0
410510043001077,0,0,0,0
410510043001078,0,0,0,0
410510043001079,0,0,0,0
410510043001080,0,0,0,0
410510043001081,0,0,0,0
410510043001082,19,0,1,0
410510043001083,6,1,0,0
410510043001084,21,0,0,0
410510043001085,44,0,4,0
410510043001086,2,0,2,0
410510043001087,0,0,0,0
410510043001088,0,0,0,0
410510043001089,33,4,0,0
410510043001090,0,0,0,0
410510043001091,0,0,0,0
410510043001092,4,0,0,0
410510043001093,0,0,0,0
410510043001094,0,0,0,0
410510043001095,0,0,0,0
410510043001096,0,0,0,0
410510043001097,0,0,0,0
410510043001098,0,0,0,0
410510043001099,0,0,0,0
410510043001100,0,0,0,0
410510043001101,0,0,0,0
410510043001102,1,0,0,0
410510043001103,12,0,0,1
410510043001104,0,0,0,0
410510043001105,0,0,0,0
410510043001106,0,0,0,0
410510043001107,19,0,1,1
410510043001108,6,0,0,0
410510043001109,0,0,0,0
410510043001110,3,3,0,0
410510043001111,0,0,0,0
410510043001112,0,0,0,0
410510043001113,8,1,0,0
410510043001114,0,0,0,0
410510043001115,1,0,0,0
410510043001116,0,0,0,0
410510043001117,0,0,0,0
410510043001118,0,0,0,0
410510043001119,0,0,0,0
410510043001120,3,0,0,0
410510043001121,0,0,0,0
410510043001122,0,0,0,0
410510043001123,0,0,0,0
410510043001124,0,0,0,0
410510043001125,4,0,0,0
410510043001126,0,0,0,0
410510043001127,5,1,0,1
410510045001000,0,0,0,0
410510045001001,23,0,0,0
410510045001002,0,0,0,0
410510045001003,0,0,0,0
410510045001004,5,0,0,0
410510045001005,0,0,0,0
410510045001006,0,0,0,0
410510045001007,0,0,0,0
410510045001008,0,0,0,0
410510045001009,0,0,0,0
410510045001010,0,0,0,0
410510045001011,0,0,0,0
410510045001012,0,0,0,0
410510045001013,0,0,0,0
410510045001014,0,0,0,0
410510045001015,14,0,0,0
410510045001016,2,0,0,0
410510045001017,0,0,0,0
410510045001018,0,0,0,0
410510045001019,0,0,0,0
410510045001020,9,0,0,1
410510045001021,0,0,0,0
410510045001022,0,0,0,0
410510045001023,0,0,0,0
410510045001024,5,0,0,0
410510045001025,0,0,0,0
410510045001026,0,0,0,0
410510045001027,0,0,0,0
410510045001028,0,0,0,0
410510045001029,0,0,0,0
410510045001030,0,0,0,0
410510045001031,0,0,0,0
410510045001032,58,1,1,0
410510045001033,0,0,0,0
410510045001034,0,0,0,0
410510045001035,0,0,0,0
410510045001036,0,0,0,0
410510045001037,18,1,1,4
410510045001038,0,0,0,0
410510045001039,0,0,0,0
410510045001040,0,0,0,0
410510045001041,0,0,0,0
410510045001042,0,0,0,0
410510045001043,0,0,0,0
410510045001044,0,0,0,0
410510045001045,0,0,0,0
410510045001046,0,0,0,0
410510045001047,0,0,0,0
410510045001048,0,0,0,0
410510045001049,9,1,1,1
410510045001050,880,25,13,7
410510045001051,99,1,0,0
410510045001052,193,1,3,6
410510045001053,0,0,0,0
410510045001054,15,2,0,0
410510045001055,0,0,0,0
410510045002000,0,0,0,0
410510045002001,0,0,0,0
410510045002002,11,0,0,0
410510045002003,14,0,1,0
410510045002004,26,0,1,1
410510045002005,93,3,4,0
410510045002006,166,1,0,0
410510045002007,76,7,3,0
410510045002008,223,4,2,3
410510045002009,74,2,1,0
410510045002010,0,0,0,0
410510045002011,0,0,0,0
410510045002012,99,4,1,5
410510045002013,161,5,17,17
410510045002014,96,2,0,6
410510045002015,32,0,7,2
410510045002016,46,5,5,0
410510045002017,0,0,0,0
410510045002018,20,6,0,0
410510045002019,77,0,7,4
410510045002020,17,0,0,0
410510045002021,92,0,3,0
410510045002022,75,4,9,1
410510045002023,99,0,1,5
410510045002024,79,8,14,2
410510045002025,60,0,1,1
410510045002026,41,3,6,0
410510045002027,28,0,2,1
410510045002028,31,2,0,0
410510045002029,63,5,8,8
410510045002030,15,1,4,4
410510045002031,27,2,6,2
410510045002032,30,0,2,0
410510045002033,28,0,5,0
410510046011000,57,8,2,3
410510046011001,75,6,6,3
410510046011002,201,0,17,13
410510046011003,91,13,3,5
410510046011004,92,5,7,1
410510046011005,66,2,6,3
410510046011006,57,0,0,4
410510046011007,73,8,8,2
410510046011008,43,3,3,3
410510046011009,23,0,3,1
410510046011010,45,1,1,0
410510046011011,26,8,0,0
410510046011012,41,1,1,2
410510046011013,17,0,3,0
410510046011014,73,1,9,0
410510046011015,76,5,7,2
410510046011016,32,2,0,1
410510046011017,419,12,16,15
410510046011018,26,0,0,1
410510046011019,28,0,2,1
410510046011020,135,2,3,1
410510046011021,25,0,2,0
410510046011022,23,4,2,1
410510046011023,49,0,0,2
410510046011024,44,0,0,0
410510046011025,18,4,0,0
410510046011026,45,0,4,0
410510046011027,44,0,0,0
410510046011028,75,0,6,2
410510046011029,11,0,0,0
410510046012000,231,2,1,5
410510046012001,59,4,2,0
410510046012002,238,1,2,0
410510046012003,0,0,0,0
410510046012004,10,0,0,2
410510046012005,46,3,2,7
410510046012006,21,0,0,0
410510046012007,0,0,0,0
410510046012008,183,11,4,17
410510046012009,85,2,9,0
410510046012010,71,5,4,2
410510046012011,11,0,0,1
410510046012012,17,2,0,0
410510046012013,43,0,1,0
410510046012014,0,0,0,0
410510046012015,0,0,0,0
410510046012016,0,0,0,0
410510046012017,0,0,0,0
410510046012018,36,2,2,1
410510046012019,38,5,2,1
410510046012020,19,0,2,0
410510046012021,13,0,0,0
410510046012022,0,0,0,0
410510046012023,322,27,26,11
410510046012024,0,0,0,0
410510046012025,0,0,0,0
410510046012026,0,0,0,0
410510046012027,0,0,0,0
410510046012028,0,0,0,0
410510046012029,0,0,0,0
410510046012030,0,0,0,0
410510046012031,0,0,0,0
410510046012032,0,0,0,0
410510046012033,0,0,0,0
410510046012034,0,0,0,0
410510046012035,0,0,0,0
410510046021000,9,0,0,0
410510046021001,98,3,6,2
410510046021002,151,0,0,0
410510046021003,82,0,1,3
410510046021004,5,0,0,1
410510046021005,28,1,2,0
410510046021006,17,1,3,1
410510046021007,25,0,2,6
410510046021008,33,2,1,0
410510046021009,3,0,0,1
410510046021010,14,0,0,0
410510046021011,9,0,2,0
410510046021012,8,1,0,2
410510046021013,9,0,0,0
410510046021014,33,1,1,2
410510046021015,25,2,3,0
410510046021016,13,0,0,4
410510046021017,16,0,0,0
410510046021018,8,0,0,2
410510046021019,10,0,1,0
410510046021020,16,0,1,1
410510046021021,27,2,2,2
410510046021022,21,3,1,0
410510046021023,27,0,1,1
410510046021024,33,2,2,1
410510046021025,11,1,0,1
410510046021026,20,1,2,0
410510046021027,11,0,2,0
410510046021028,52,10,7,2
410510046021029,19,4,0,0
410510046021030,12,1,0,4
410510046021031,22,5,1,0
410510046021032,25,2,3,0
410510046021033,11,0,0,0
410510046021034,75,6,2,8
410510046021035,29,0,6,0
410510046021036,2,0,0,0
410510046021037,26,0,9,4
410510046021038,17,0,1,0
410510046021039,14,0,0,0
410510046022000,0,0,0,0
410510046022001,75,5,1,7
410510046022002,10,0,0,2
410510046022003,0,0,0,0
410510046022004,0,0,0,0
410510046022005,0,0,0,0
410510046022006,262,24,10,14
410510046022007,0,0,0,0
410510046022008,158,19,9,2
410510046022009,30,7,0,0
410510046022010,50,3,0,0
410510046022011,12,2,3,0
410510046022012,94,4,7,6
410510046022013,76,0,13,2
410510046022014,58,3,6,0
410510046022015,187,11,18,5
410510046022016,53,1,5,0
410510046022017,33,5,3,5
410510046022018,25,0,0,1
410510047001000,77,1,3,6
410510047001001,97,4,0,0
410510047001002,59,1,3,3
410510047001003,64,3,0,7
410510047001004,76,3,2,1
410510047001005,41,4,1,7
410510047001006,39,1,3,0
410510047001007,50,3,6,0
410510047001008,76,7,12,7
410510047001009,75,3,0,0
410510047001010,94,5,3,1
410510047001011,84,1,5,1
410510047001012,84,3,8,3
410510047001013,0,0,0,0
410510047001014,297,8,23,15
410510047001015,84,6,3,2
410510047001016,48,2,3,0
410510047001017,63,2,6,0
410510047001018,145,2,9,1
410510047001019,92,1,2,0
410510047002000,125,0,3,0
410510047002001,89,0,0,0
410510047002002,76,4,6,1
410510047002003,58,8,2,2
410510047002004,90,0,0,2
410510047002005,49,0,0,8
410510047002006,83,7,0,3
410510047002007,76,2,5,1
410510047002008,97,2,1,2
410510047002009,77,0,2,0
410510047002010,102,0,4,0
410510047002011,22,0,2,0
410510047002012,60,2,4,1
410510047002013,92,4,3,0
410510047002014,84,3,4,4
410510047002015,124,9,4,1
410510047002016,97,1,0,0
410510047003000,128,3,2,0
410510047003001,114,3,4,1
410510047003002,87,1,3,0
410510047003003,151,2,1,0
410510047003004,49,0,0,0
410510047003005,135,6,1,0
410510047003006,107,4,3,1
410510047003007,81,3,2,1
410510047003008,17,1,1,0
410510047003009,25,0,3,2
410510047003010,221,0,1,0
410510047003011,167,2,0,0
410510047003012,18,0,1,0
410510048001000,177,0,3,3
410510048001001,61,0,0,0
410510048001002,7,0,0,0
410510048001003,92,0,0,0
410510048001004,130,1,2,0
410510048001005,152,0,1,0
410510048001006,184,1,3,0
410510048001007,155,2,1,3
410510048001008,69,2,3,2
410510048001009,177,5,0,2
410510048001010,120,6,1,0
410510048001011,34,3,0,0
410510048001012,167,1,4,3
410510048002000,249,3,1,0
410510048002001,192,2,0,2
410510048002002,153,1,0,1
410510048002003,117,2,1,0
410510048002004,48,0,0,0
410510048002005,57,0,0,0
410510048002006,84,0,0,0
410510048002007,0,0,0,0
410510048003000,87,4,1,1
410510048003001,172,1,3,1
410510048003002,156,0,1,4
410510048003003,230,0,2,0
410510049011000,178,0,0,0
410510049011001,64,0,0,1
410510049011002,214,1,9,1
410510049011003,194,0,2,0
410510049011004,16,0,2,0
410510049011005,117,3,3,2
410510049011006,62,0,0,0
410510049011007,45,1,1,0
410510049011008,82,0,0,0
410510049011009,29,0,0,1
410510049011010,81,0,0,0
410510049012000,484,1,0,4
410510049012001,4,1,0,0
410510049012002,0,0,0,0
410510049012003,148,4,0,2
410510049012004,187,2,9,0
410510049012005,32,2,0,3
410510049012006,43,0,0,0
410510049012007,0,0,0,0
410510049012008,24,3,0,2
410510049013000,279,0,0,0
410510049013001,91,0,0,1
410510049013002,89,1,4,0
410510049013003,86,1,0,1
410510049013004,20,1,1,0
410510049013005,310,1,1,0
410510049013006,157,0,0,1
410510049013007,38,0,0,0
410510049021000,42,2,1,0
410510049021001,102,0,1,0
410510049021002,304,8,0,2
410510049021003,22,0,0,0
410510049021004,0,0,0,0
410510049021005,10,2,2,1
410510049021006,120,0,0,0
410510049021007,145,1,0,4
410510049021008,375,6,2,5
410510049021009,21,1,1,4
410510049021010,110,1,0,1
410510049022000,0,0,0,0
410510049022001,47,1,0,2
410510049022002,143,7,5,3
410510049022003,65,1,0,0
410510049022004,62,0,0,0
410510049022005,318,2,1,1
410510049022006,191,1,0,1
410510049022007,67,3,2,3
410510049022008,143,0,0,0
410510049022009,69,2,1,5
410510049022010,20,2,0,4
410510049022011,19,2,3,4
410510049022012,40,1,0,0
410510049022013,6,0,0,0
410510050011000,0,0,0,0
410510050011001,0,0,0,0
410510050011002,0,0,0,0
410510050011003,0,0,0,0
410510050011004,0,0,0,0
410510050011005,170,2,0,3
410510050011006,0,0,0,0
410510050011007,0,0,0,0
410510050011008,0,0,0,0
410510050011009,0,0,0,0
410510050011010,0,0,0,0
410510050011011,125,0,0,0
410510050011012,0,0,0,0
410510050011013,328,6,1,1
410510050011014,0,0,0,0
410510050011015,0,0,0,0
410510050011016,40,0,1,0
410510050011017,0,0,0,0
410510050011018,0,0,0,0
410510050011019,0,0,0,0
410510050011020,0,0,0,0
410510050011021,0,0,0,0
410510050011022,0,0,0,0
410510050011023,321,1,0,2
410510050011024,273,2,0,2
410510050011025,0,0,0,0
410510050011026,311,3,1,0
410510050011027,0,0,0,0
410510050011028,0,0,0,0
410510050012000,0,0,0,0
410510050012001,0,0,0,0
410510050012002,212,1,0,1
410510050012003,0,0,0,0
410510050012004,0,0,0,0
410510050012005,0,0,0,0
410510050012006,0,0,0,0
410510050012007,182,3,0,1
410510050012008,0,0,0,0
410510050012009,286,1,2,1
410510050012010,0,0,0,0
410510050012011,49,3,0,0
410510050012012,212,5,3,1
410510050012013,0,0,0,0
410510050012014,0,0,0,0
410510050012015,0,0,0,0
410510050012016,0,0,0,0
410510050012017,276,2,2,2
410510050012018,0,0,0,0
410510050012019,0,0,0,0
410510050012020,89,0,0,1
410510050012021,0,0,0,0
410510050012022,18,1,0,0
410510050012023,110,1,1,1
410510050012024,19,0,0,0
410510050012025,28,0,2,3
410510050012026,113,3,1,0
410510050012027,0,0,0,0
410510050012028,0,0,0,0
410510050012029,10,0,0,0
410510050012030,2,0,0,0
410510050012031,0,0,0,0
410510050012032,299,1,0,0
410510050012033,0,0,0,0
410510050012034,0,0,0,0
410510050012035,0,0,0,0
410510050012036,0,0,0,0
410510050021000,0,0,0,0
410510050021001,0,0,0,0
410510050021002,95,1,0,0
410510050021003,0,0,0,0
410510050021004,25,2,1,1
410510050021005,0,0,0,0
410510050021006,0,0,0,0
410510050021007,0,0,0,0
410510050021008,20,2,0,0
410510050021009,22,1,2,0
410510050021010,54,0,3,0
410510050021011,0,0,0,0
410510050021012,14,0,0,2
410510050021013,0,0,0,0
410510050021014,0,0,0,0
410510050021015,0,0,0,0
410510050021016,109,1,0,0
410510050021017,47,0,3,1
410510050021018,5,0,0,0
410510050021019,0,0,0,0
410510050021020,65,0,0,3
410510050021021,0,0,0,0
410510050021022,0,0,0,0
410510050022000,0,0,0,0
410510050022001,0,0,0,0
410510050022002,12,0,0,0
410510050022003,0,0,0,0
410510050022004,0,0,0,0
410510050022005,0,0,0,0
410510050022006,0,0,0,0
410510050022007,0,0,0,0
410510050022008,0,0,0,0
410510050022009,36,0,1,0
410510050022010,0,0,0,0
410510050022011,0,0,0,0
410510050022012,0,0,0,0
410510050022013,0,0,0,0
410510050022014,0,0,0,0
410510050022015,43,0,0,0
410510050022016,0,0,0,0
410510050022017,0,0,0,0
410510050022018,0,0,0,0
410510050022019,98,1,2,0
410510050022020,110,0,0,0
410510050022021,21,0,0,0
410510050022022,85,3,1,6
410510050022023,0,0,0,0
410510050022024,0,0,0,0
410510050022025,0,0,0,0
410510050022026,0,0,0,0
410510050022027,0,0,0,0
410510050022028,0,0,0,0
410510050022029,105,0,2,0
410510050022030,0,0,0,0
410510050022031,0,0,0,0
410510050022032,114,0,2,1
410510050022033,0,0,0,0
410510050022034,0,0,0,0
410510050022035,0,0,0,0
410510050022036,10,0,0,0
410510050022037,40,0,0,2
410510050022038,16,0,0,0
410510050022039,103,1,1,6
410510050022040,19,0,1,0
410510050022041,97,2,2,1
410510050022042,0,0,0,0
410510051011000,211,3,4,4
410510051011001,254,4,7,3
410510051011002,196,4,4,10
410510051011003,0,0,0,0
410510051011004,189,3,1,7
410510051011005,253,5,7,8
410510051011006,214,1,9,0
410510051011007,142,2,2,0
410510051012000,510,55,70,10
410510051012001,312,40,46,7
410510051012002,382,6,3,4
410510051012003,233,2,3,0
410510051012004,175,6,4,3
410510051012005,391,5,4,2
410510051013000,0,0,0,0
410510051013001,0,0,0,0
410510051013002,243,2,2,0
410510051013003,0,0,0,0
410510051013004,261,2,4,0
410510051013005,225,7,8,2
410510051013006,33,0,0,0
410510051013007,194,3,1,0
410510051013008,0,0,0,0
410510051013009,15,0,0,0
410510051021000,22,1,1,2
410510051021001,377,2,8,1
410510051021002,0,0,0,0
410510051021003,224,1,1,1
410510051021004,133,0,1,2
410510051021005,136,0,3,0
410510051021006,0,0,0,0
410510051021007,0,0,0,0
410510051022000,177,2,1,4
410510051022001,334,3,1,2
410510051022002,53,3,2,0
410510051022003,188,3,1,2
410510051022004,22,1,0,1
410510051022005,147,1,0,0
410510051022006,68,1,1,0
410510051023000,157,0,0,2
410510051023001,96,0,2,0
410510051023002,59,1,0,2
410510051023003,0,0,0,0
410510051023004,0,0,0,0
410510051023005,0,0,0,0
410510051023006,15,1,0,3
410510051023007,123,0,1,3
410510051023008,0,0,0,0
410510051023009,0,0,0,0
410510051024000,25,0,0,1
410510051024001,0,0,0,0
410510051024002,0,0,0,0
410510051024003,10,1,0,1
410510051024004,200,0,0,0
410510051024005,25,0,0,0
410510051024006,0,0,0,0
410510051024007,118,0,0,0
410510051024008,0,0,0,0
410510051024009,0,0,0,0
410510051024010,0,0,0,0
410510051024011,0,0,0,0
410510051024012,144,6,2,6
410510051024013,0,0,0,0
410510051024014,0,0,0,0
410510051024015,0,0,0,0
410510051024016,196,1,3,3
410510051024017,0,0,0,0
410510051024018,31,0,0,1
410510051024019,33,0,0,0
410510051031000,0,0,0,0
410510051031001,0,0,0,0
410510051031002,84,3,0,0
410510051031003,89,1,1,0
410510051031004,213,1,0,0
410510051031005,12,0,0,0
410510051031006,276,0,0,2
410510051031007,0,0,0,0
410510051031008,0,0,0,0
410510051031009,120,0,2,0
410510051032000,0,0,0,0
410510051032001,10,0,1,0
410510051032002,0,0,0,0
410510051032003,0,0,0,0
410510051032004,23,0,0,0
410510051032005,29,1,0,0
410510051032006,0,0,0,0
410510051032007,0,0,0,0
410510051032008,25,0,0,0
410510051032009,0,0,0,0
410510051032010,65,0,0,0
410510051032011,264,0,0,5
410510051032012,0,0,0,0
410510051032013,21,0,0,0
410510051032014,117,2,1,1
410510051032015,16,0,0,0
410510051032016,0,0,0,0
410510051032017,72,0,2,1
410510051032018,0,0,0,0
410510051032019,210,0,0,0
410510051032020,19,0,0,0
410510051032021,0,0,0,0
410510051032022,0,0,0,0
410510051032023,150,0,0,0
410510051032024,89,5,1,1
410510051032025,255,1,1,1
410510051032026,15,2,0,0
410510051033000,0,0,0,0
410510051033001,349,0,5,3
410510051033002,295,3,5,1
410510051033003,468,4,6,1
410510051033004,33,0,0,0
410510051033005,0,0,0,0
410510051033006,0,0,0,0
410510051033007,106,1,1,0
410510051033008,273,0,0,1
410510051033009,222,1,1,0
410510051033010,0,0,0,0
410510051033011,0,0,0,0
410510052011000,62,1,0,3
410510052011001,0,0,0,0
410510052011002,59,3,1,0
410510052011003,0,0,0,0
410510052011004,60,0,0,0
410510052011005,70,0,1,3
410510052011006,0,0,0,0
410510052011007,28,0,0,0
410510052011008,0,0,0,0
410510052012000,0,0,0,0
410510052012001,402,4,4,9
410510052012002,11,0,0,0
410510052012003,0,0,0,0
410510052012004,0,0,0,0
410510052012005,0,0,0,0
410510052012006,0,0,0,0
410510052012007,172,2,2,0
410510052012008,124,1,0,0
410510052012009,0,0,0,0
410510052012010,0,0,0,0
410510052012011,0,0,0,0
410510052012012,0,0,0,0
410510052012013,0,0,0,0
410510052012014,0,0,0,0
410510052012015,0,0,0,0
410510052012016,69,0,2,0
410510052012017,0,0,0,0
410510052012018,0,0,0,0
410510052012019,0,0,0,0
410510052012020,18,0,0,0
410510052012021,41,0,1,0
410510052012022,152,0,0,1
410510052013000,0,0,0,0
410510052013001,69,2,1,0
410510052013002,53,0,0,0
410510052013003,101,0,0,3
410510052013004,136,4,2,0
410510052013005,0,0,0,0
410510052013006,169,1,0,3
410510052013007,0,0,0,0
410510052013008,18,3,0,1
410510052013009,16,0,0,2
410510052013010,0,0,0,0
410510052013011,38,1,0,0
410510052013012,92,0,0,0
410510052013013,96,1,0,1
410510052013014,0,0,0,0
410510052013015,0,0,0,0
410510052013016,0,0,0,0
410510052013017,26,0,0,1
410510052013018,63,0,0,4
410510052013019,35,0,0,0
410510052021000,0,0,0,0
410510052021001,0,0,0,0
410510052021002,0,0,0,0
410510052021003,166,1,1,0
410510052021004,33,0,1,0
410510052021005,325,3,4,5
410510052021006,21,2,2,1
410510052021007,27,0,0,1
410510052021008,109,0,0,1
410510052021009,0,0,0,0
410510052021010,108,0,0,0
410510052021011,17,1,0,1
410510052021012,28,1,0,0
410510052022000,0,0,0,0
410510052022001,337,6,5,2
410510052022002,164,3,3,2
410510052022003,0,0,0,0
410510052022004,19,1,0,1
410510052022005,0,0,0,0
410510052022006,203,0,1,0
410510052022007,0,0,0,0
410510052022008,14,2,0,0
410510052022009,61,0,0,0
410510052022010,11,1,0,1
410510052023000,346,1,2,4
410510052023001,404,8,4,2
410510052023002,216,12,1,4
410510052023003,328,0,1,1
410510055001000,0,0,0,0
410510055001001,190,2,6,1
410510055001002,0,0,0,0
410510055001003,158,0,5,4
410510055001004,30,0,1,4
410510055001005,60,0,1,6
410510055001006,605,11,8,1
410510055001007,225,0,1,1
410510055001008,25,1,0,1
410510055002000,78,0,1,4
410510055002001,0,0,0,0
410510055002002,0,0,0,0
410510055002003,0,0,0,0
410510055002004,301,3,2,0
410510055002005,457,2,0,2
410510055002006,0,0,0,0
410510055002007,0,0,0,0
410510055002008,0,0,0,0
410510055002009,0,0,0,0
410510055002010,0,0,0,0
410510055002011,3,0,0,0
410510055002012,0,0,0,0
410510055002013,0,0,0,0
410510055002014,8,0,1,0
410510055003000,0,0,0,0
410510055003001,0,0,0,0
410510055003002,15,1,0,1
410510055003003,283,4,2,0
410510055003004,202,4,5,2
410510055003005,146,2,2,3
410510055003006,82,3,3,1
410510055003007,22,1,1,0
410510055003008,148,2,0,3
410510056011000,119,8,3,6
410510056011001,357,4,9,1
410510056011002,334,4,2,0
410510056012000,155,0,1,3
410510056012001,194,3,4,3
410510056012002,120,4,2,2
410510056012003,159,1,0,1
410510056012004,292,2,1,0
410510056012005,226,2,3,4
410510056013000,27,3,0,2
410510056013001,0,0,0,0
410510056013002,0,0,0,0
410510056013003,427,0,2,1
410510056013004,0,0,0,0
410510056013005,9,1,0,0
410510056013006,65,2,0,3
410510056013007,97,1,1,0
410510056013008,0,0,0,0
410510056013009,0,0,0,0
410510056013010,182,2,0,0
410510056013011,0,0,0,0
410510056013012,0,0,0,0
410510056013013,141,2,0,0
410510056013014,0,0,0,0
410510056021000,66,1,1,0
410510056021001,0,0,0,0
410510056021002,109,0,1,2
410510056021003,21,0,1,0
410510056021004,0,0,0,0
410510056021005,588,3,2,0
410510056021006,0,0,0,0
410510056021007,0,0,0,0
410510056021008,0,0,0,0
410510056021009,122,0,0,0
410510056021010,0,0,0,0
410510056022000,0,0,0,0
410510056022001,0,0,0,0
410510056022002,0,0,0,0
410510056022003,0,0,0,0
410510056022004,89,1,2,1
410510056022005,421,2,4,7
410510056022006,33,0,0,0
410510056022007,0,0,0,0
410510056022008,0,0,0,0
410510056022009,163,1,1,1
410510056022010,0,0,0,0
410510056022011,22,0,2,2
410510056022012,0,0,0,0
410510056022013,0,0,0,0
410510056022014,0,0,0,0
410510056022015,0,0,0,0
410510056022016,11,0,1,0
410510056022017,36,4,4,0
410510056023000,239,1,0,1
410510056023001,0,0,0,0
410510056023002,0,0,0,0
410510056023003,0,0,0,0
410510056023004,212,0,1,1
410510056023005,14,1,0,0
410510056023006,0,0,0,0
410510056023007,0,0,0,0
410510056023008,188,0,0,2
410510056023009,0,0,0,0
410510056023010,0,0,0,0
410510056023011,36,2,1,0
410510056023012,0,0,0,0
410510057011000,0,0,0,0
410510057011001,0,0,0,0
410510057011002,0,0,0,0
410510057011003,0,0,0,0
410510057011004,0,0,0,0
410510057011005,0,0,0,0
410510057011006,0,0,0,0
410510057011007,0,0,0,0
410510057011008,0,0,0,0
410510057011009,5,1,1,0
410510057011010,0,0,0,0
410510057011011,110,0,0,3
410510057011012,0,0,0,0
410510057011013,0,0,0,0
410510057011014,0,0,0,0
410510057011015,24,1,0,0
410510057011016,0,0,0,0
410510057011017,5,0,1,0
410510057011018,0,0,0,0
410510057011019,4,0,0,0
410510057011020,11,3,0,1
410510057011021,28,0,0,2
410510057011022,0,0,0,0
410510057011023,40,1,1,0
410510057011024,74,0,1,0
410510057011025,30,0,0,1
410510057011026,21,4,1,1
410510057011027,0,0,0,0
410510057011028,7,0,0,0
410510057011029,53,0,0,0
410510057011030,0,0,0,0
410510057011031,0,0,0,0
410510057011032,0,0,0,0
410510057011033,45,0,1,0
410510057011034,0,0,0,0
410510057011035,0,0,0,0
410510057011036,4,0,0,0
410510057011037,0,0,0,0
410510057021000,17,0,1,0
410510057021001,574,6,6,3
410510057021002,173,5,0,4
410510057021003,330,6,6,2
410510057022000,0,0,0,0
410510057022001,525,9,5,2
410510057022002,191,3,1,3
410510057022003,0,0,0,0
410510057022004,0,0,0,0
410510057022005,0,0,0,0
410510057022006,159,9,1,0
410510057022007,208,1,1,7
410510057022008,42,1,1,1
410510057023000,0,0,0,0
410510057023001,0,0,0,0
410510057023002,0,0,0,0
410510057023003,0,0,0,0
410510057023004,0,0,0,0
410510057023005,0,0,0,0
410510057023006,457,5,3,1
410510057023007,0,0,0,0
410510057023008,0,0,0,0
410510057023009,278,4,2,1
410510057024000,239,1,4,10
410510057024001,0,0,0,0
410510057024002,0,0,0,0
410510057024003,61,5,1,4
410510057024004,0,0,0,0
410510057024005,0,0,0,0
410510057024006,0,0,0,0
410510057024007,536,5,1,2
410510057024008,0,0,0,0
410510058001000,0,0,0,0
410510058001001,286,4,12,2
410510058001002,17,1,3,2
410510058001003,57,1,3,0
410510058001004,0,0,0,0
410510058001005,0,0,0,0
410510058001006,0,0,0,0
410510058001007,122,1,0,0
410510058001008,187,10,5,9
410510058001009,35,2,2,1
410510058001010,30,3,2,4
410510058001011,158,11,7,10
410510058001012,14,1,2,0
410510058001013,62,1,0,0
410510058002000,0,0,0,0
410510058002001,0,0,0,0
410510058002002,0,0,0,0
410510058002003,0,0,0,0
410510058002004,0,0,0,0
410510058002005,16,0,0,0
410510058002006,0,0,0,0
410510058002007,484,2,6,7
410510058002008,184,6,12,6
410510058002009,534,12,4,6
410510058002010,26,3,1,0
410510058002011,88,0,0,2
410510058002012,18,1,0,0
410510058002013,34,0,0,1
410510058003000,52,0,1,0
410510058003001,70,2,2,0
410510058003002,180,0,5,11
410510058003003,76,0,2,1
410510058003004,76,5,5,2
410510058003005,115,9,2,3
410510058003006,113,5,6,0
410510058004000,279,15,24,20
410510058004001,88,1,15,3
410510058004002,0,0,0,0
410510058004003,264,23,12,8
410510058004004,11,0,0,0
410510058004005,17,0,1,0
410510058004006,6,1,0,0
410510058004007,78,8,8,2
410510058004008,71,2,2,0
410510058004009,148,3,12,11
410510058004010,32,0,2,0
410510058004011,41,4,3,0
410510058004012,66,6,12,0
410510058004013,153,6,6,7
410510058004014,30,1,1,1
410510058004015,52,7,7,0
410510058004016,17,0,1,1
410510058004017,13,0,1,1
410510058005000,79,7,4,6
410510058005001,348,7,31,8
410510058005002,50,0,1,4
410510058005003,31,2,6,3
410510058005004,24,0,2,0
410510058005005,30,2,0,1
410510058005006,31,2,1,1
410510058005007,15,0,0,0
410510058005008,101,7,5,0
410510058005009,51,0,2,5
410510058005010,44,4,0,0
410510059011000,45,0,0,0
410510059011001,47,3,0,0
410510059011002,97,3,2,4
410510059011003,26,0,0,0
410510059011004,33,2,0,0
410510059011005,0,0,0,0
410510059011006,8,1,0,0
410510059011007,62,3,0,0
410510059011008,31,0,2,1
410510059011009,154,5,2,0
410510059011010,18,0,3,2
410510059011011,22,1,0,0
410510059011012,22,0,0,1
410510059011013,92,1,0,1
410510059011014,21,1,0,0
410510059011015,450,21,11,8
410510059011016,32,1,1,0
410510059011017,37,0,0,0
410510059011018,57,0,3,1
410510059011019,76,0,3,0
410510059011020,29,0,0,0
410510059011021,46,2,0,0
410510059011022,92,3,0,3
410510059011023,16,0,1,1
410510059012000,0,0,0,0
410510059012001,0,0,0,0
410510059012002,26,0,0,0
410510059012003,31,2,0,1
410510059012004,46,1,0,0
410510059012005,0,0,0,0
410510059012006,0,0,0,0
410510059012007,0,0,0,0
410510059012008,0,0,0,0
410510059012009,128,1,0,0
410510059012010,45,6,3,1
410510059012011,36,0,1,0
410510059012012,44,3,2,4
410510059012013,46,0,2,0
410510059012014,28,0,0,0
410510059012015,29,4,0,0
410510059012016,13,0,2,0
410510059012017,19,1,1,2
410510059012018,39,4,0,0
410510059012019,0,0,0,0
410510059012020,40,0,1,1
410510059012021,7,0,3,0
410510059012022,40,0,2,0
410510059012023,46,1,0,0
410510059012024,45,0,0,0
410510059021000,150,3,2,4
410510059021001,0,0,0,0
410510059021002,0,0,0,0
410510059021003,0,0,0,0
410510059021004,0,0,0,0
410510059021005,0,0,0,0
410510059021006,0,0,0,0
410510059021007,0,0,0,0
410510059021008,0,0,0,0
410510059021009,0,0,0,0
410510059021010,416,4,2,0
410510059021011,819,15,7,6
410510059021012,0,0,0,0
410510059021013,0,0,0,0
410510059021014,0,0,0,0
410510059022000,0,0,0,0
410510059022001,586,3,1,0
410510059022002,374,6,5,6
410510059022003,455,4,1,1
410510059023000,26,2,3,1
410510059023001,1342,24,24,4
410510059031000,17,0,1,0
410510059031001,56,3,1,1
410510059031002,54,3,8,1
410510059031003,49,0,1,1
410510059031004,0,0,0,0
410510059031005,22,3,1,1
410510059031006,30,1,3,0
410510059031007,48,0,1,1
410510059031008,63,1,2,1
410510059031009,47,1,0,1
410510059031010,80,2,2,3
410510059031011,38,4,2,1
410510059031012,45,0,0,1
410510059031013,53,0,0,1
410510059031014,324,6,28,2
410510059031015,168,7,1,0
410510059031016,0,0,0,0
410510059031017,40,0,0,0
410510059031018,0,0,0,0
410510059032000,21,1,2,0
410510059032001,264,0,0,0
410510059032002,589,4,10,0
410510059032003,0,0,0,0
410510059032004,0,0,0,0
410510059032005,32,0,0,0
410510059032006,70,0,0,0
410510059032007,0,0,0,0
410510059032008,32,0,0,0
410510059032009,41,0,1,0
410510059032010,0,0,0,0
410510059032011,13,0,2,1
410510059033000,0,0,0,0
410510059033001,127,3,3,3
410510059033002,96,0,0,2
410510059033003,0,0,0,0
410510059033004,196,4,1,0
410510059033005,104,2,2,1
410510059033006,0,0,0,0
410510059033007,96,1,4,0
410510059033008,16,0,0,0
410510059033009,0,0,0,0
410510059033010,11,0,0,1
410510059033011,47,1,1,0
410510059033012,22,2,1,0
410510059033013,0,0,0,0
410510059033014,84,0,0,0
410510059033015,8,1,0,0
410510059033016,54,0,3,0
410510059033017,54,1,1,0
410510059033018,56,4,0,1
410510059033019,111,1,1,0
410510059033020,0,0,0,0
410510060011000,128,2,1,3
410510060011001,0,0,0,0
410510060011002,0,0,0,0
410510060011003,140,0,1,2
410510060011004,55,2,0,3
410510060011005,161,13,5,0
410510060011006,0,0,0,0
410510060011007,30,0,2,0
410510060011008,60,1,2,0
410510060011009,26,2,0,0
410510060011010,30,0,2,0
410510060011011,69,1,0,0
410510060011012,77,0,7,1
410510060011013,0,0,0,0
410510060011014,37,0,1,4
410510060011015,38,1,2,0
410510060012000,220,6,11,0
410510060012001,13,0,1,0
410510060012002,125,3,5,7
410510060012003,127,1,12,4
410510060012004,130,1,1,8
410510060012005,0,0,0,0
410510060021000,76,14,2,0
410510060021001,213,22,4,10
410510060021002,46,1,3,4
410510060021003,171,0,24,2
410510060021004,47,2,1,4
410510060021005,27,0,2,1
410510060021006,42,5,1,0
410510060021007,0,0,0,0
410510060021008,40,2,0,8
410510060021009,91,0,14,3
410510060021010,24,6,2,0
410510060021011,61,0,1,0
410510060021012,87,7,1,0
410510060021013,70,4,4,1
410510060021014,103,16,8,0
410510060021015,27,0,6,0
410510060021016,46,9,0,0
410510060021017,66,11,5,2
410510060021018,79,12,7,1
410510060021019,79,6,11,3
410510060021020,96,9,8,2
410510060021021,235,13,16,7
410510060021022,90,6,10,0
410510060021023,39,2,3,8
410510060021024,32,0,3,0
410510060021025,55,6,0,3
410510060021026,87,10,8,7
410510060021027,76,3,3,1
410510060021028,0,0,0,0
410510060021029,38,1,1,0
410510060021030,39,0,1,3
410510060021031,0,0,0,0
410510060021032,79,2,2,0
410510060021033,29,3,0,0
410510060021034,26,0,5,0
410510060021035,0,0,0,0
410510060021036,6,0,1,1
410510061001000,447,28,28,16
410510061001001,47,4,3,4
410510061001002,32,5,1,0
410510061001003,40,2,1,3
410510061001004,100,11,4,6
410510061001005,58,2,9,0
410510061001006,37,0,4,1
410510061001007,66,5,1,3
410510061001008,72,9,8,0
410510061001009,91,0,12,1
410510061001010,24,1,1,3
410510061001011,146,6,3,12
410510061001012,94,9,5,1
410510061001013,39,3,4,2
410510061001014,48,2,8,0
410510061001015,41,0,2,9
410510061001016,22,2,0,0
410510061001017,52,5,3,0
410510061002000,118,2,4,5
410510061002001,38,3,3,1
410510061002002,33,1,0,2
410510061002003,36,5,2,0
410510061002004,19,0,1,3
410510061002005,44,8,1,1
410510061002006,155,12,6,4
410510061002007,31,4,8,0
410510061002008,4,1,0,0
410510061002009,205,8,14,1
410510061002010,24,4,0,0
410510061002011,156,3,3,8
410510061002012,14,0,0,0
410510061002013,22,5,0,0
410510061002014,50,5,0,4
410510061002015,57,6,2,7
410510061002016,38,4,3,1
410510061002017,0,0,0,0
410510062001000,45,1,4,0
410510062001001,0,0,0,0
410510062001002,0,0,0,0
410510062001003,139,8,3,0
410510062001004,22,0,2,0
410510062001005,63,1,3,0
410510062001006,19,0,0,0
410510062001007,33,2,2,3
410510062001008,20,0,2,3
410510062001009,38,5,1,4
410510062001010,186,8,8,8
410510062001011,25,0,0,0
410510062001012,32,0,0,3
410510062001013,64,3,2,0
410510062001014,26,1,0,4
410510062001015,34,0,1,0
410510062001016,30,0,1,0
410510062001017,24,0,0,1
410510062001018,24,1,4,3
410510062001019,20,0,0,1
410510062001020,37,0,3,2
410510062001021,6,0,0,0
410510062001022,37,2,0,2
410510062001023,27,1,1,1
410510062001024,33,0,6,0
410510062001025,24,0,4,1
410510062001026,23,1,0,2
410510062001027,25,0,0,5
410510062001028,25,0,3,0
410510062002000,0,0,0,0
410510062002001,50,4,1,1
410510062002002,27,2,5,0
410510062002003,45,0,7,1
410510062002004,4,0,1,0
410510062002005,26,1,0,0
410510062002006,36,0,6,1
410510062002007,10,0,0,0
410510062002008,38,2,0,1
410510062002009,39,0,3,7
410510062002010,36,5,3,1
410510062002011,71,14,2,1
410510062002012,29,3,3,0
410510062002013,45,0,4,0
410510062002014,47,7,0,0
410510062002015,33,1,0,2
410510062002016,59,0,4,0
410510062002017,43,4,2,5
410510062002018,47,0,8,0
410510062002019,65,15,5,0
410510062002020,62,0,0,0
410510062002021,28,0,1,1
410510062002022,32,0,2,3
410510062002023,22,0,0,1
410510062002024,40,3,1,0
410510062002025,28,2,1,5
410510062002026,31,0,2,1
410510062003000,49,2,0,1
410510062003001,41,7,1,0
410510062003002,0,0,0,0
410510062003003,127,4,3,3
410510062003004,317,20,15,5
410510062003005,21,0,2,0
410510062003006,0,0,0,0
410510062003007,0,0,0,0
410510062003008,0,0,0,0
410510062003009,99,16,3,2
410510062003010,67,2,4,0
410510062003011,67,4,2,0
410510062003012,40,0,5,0
410510062003013,42,3,5,2
410510062003014,27,4,0,1
410510062003015,33,1,1,1
410510062003016,28,0,3,2
410510062003017,72,6,14,1
410510062003018,24,0,1,0
410510062003019,37,2,3,1
410510062003020,22,2,0,0
410510063001000,68,5,2,3
410510063001001,46,0,0,0
410510063001002,32,0,0,2
410510063001003,19,1,0,1
410510063001004,48,1,5,2
410510063001005,0,0,0,0
410510063001006,81,3,4,0
410510063001007,40,4,6,0
410510063001008,17,2,0,0
410510063001009,24,0,0,0
410510063001010,0,0,0,0
410510063001011,0,0,0,0
410510063001012,8,1,3,2
410510063001013,0,0,0,0
410510063001014,0,0,0,0
410510063001015,0,0,0,0
410510063001016,0,0,0,0
410510063001017,63,2,7,4
410510063001018,71,1,7,7
410510063001019,27,3,0,0
410510063001020,48,0,8,1
410510063001021,4,0,0,0
410510063001022,18,1,6,2
410510063001023,75,7,7,3
410510063001024,0,0,0,0
410510063001025,3,0,0,0
410510063001026,851,0,0,5
410510063001027,0,0,0,0
410510063001028,59,1,1,1
410510063001029,71,1,12,0
410510063001030,76,5,2,0
410510063001031,30,4,2,0
410510063001032,27,1,1,1
410510063001033,108,3,5,0
410510063001034,18,0,1,3
410510063001035,6,0,0,0
410510063001036,59,4,7,3
410510063001037,32,5,1,1
410510063001038,134,6,10,13
410510063001039,17,0,1,3
410510063001040,39,0,3,2
410510063001041,39,6,2,6
410510063001042,32,1,0,0
410510063001043,45,1,2,2
410510063001044,76,2,5,0
410510063001045,32,0,2,1
410510063002000,39,4,8,0
410510063002001,38,6,0,3
410510063002002,151,22,7,4
410510063002003,63,2,7,0
410510063002004,33,2,4,0
410510063002005,32,1,2,1
410510063002006,0,0,0,0
410510063002007,168,3,10,4
410510063002008,2,0,0,0
410510063002009,0,0,0,0
410510063002010,0,0,0,0
410510063002011,36,1,7,1
410510063002012,0,0,0,0
410510063002013,0,0,0,0
410510063002014,68,1,2,0
410510063002015,57,1,5,2
410510063002016,0,0,0,0
410510063002017,12,0,2,0
410510063002018,380,0,1,0
410510063002019,0,0,0,0
410510063002020,25,4,3,2
410510063002021,19,1,5,1
410510063002022,19,0,0,7
410510063002023,0,0,0,0
410510063002024,17,0,3,0
410510063002025,48,2,4,3
410510063002026,0,0,0,0
410510063002027,3,0,0,0
410510063002028,0,0,0,0
410510063002029,0,0,0,0
410510063002030,24,1,3,3
410510063002031,10,0,1,2
410510063002032,97,13,11,2
410510063002033,283,22,24,28
410510063002034,80,0,14,8
410510063002035,14,8,1,3
410510063002036,29,1,4,1
410510063002037,56,2,15,0
410510063002038,0,0,0,0
410510063002039,12,0,1,0
410510063002040,0,0,0,0
410510063002041,10,0,1,1
410510063003000,9,1,0,1
410510063003001,48,1,1,2
410510063003002,403,40,11,1
410510063003003,101,5,0,7
410510063003004,55,5,4,0
410510063003005,31,1,0,2
410510063003006,44,1,3,2
410510063003007,33,2,0,1
410510063003008,31,4,2,4
410510063003009,35,0,5,2
410510063003010,50,4,8,1
410510063003011,39,0,3,0
410510063003012,27,2,1,0
410510063003013,27,2,0,0
410510063003014,34,2,1,1
410510063003015,44,6,3,0
410510063003016,166,4,8,5
410510063003017,24,0,0,0
410510063003018,25,0,3,3
410510063003019,52,1,1,0
410510063003020,59,3,7,5
410510063003021,11,2,0,0
410510064021000,204,19,19,9
410510064021001,229,12,8,3
410510064021002,34,2,3,0
410510064021003,95,6,12,5
410510064021004,42,2,3,0
410510064021005,27,8,0,1
410510064021006,30,0,0,0
410510064021007,67,7,5,4
410510064021008,50,2,2,1
410510064021009,62,0,0,8
410510064021010,117,5,8,1
410510064021011,188,6,10,7
410510064021012,44,5,4,1
410510064022000,118,6,1,5
410510064022001,64,3,5,0
410510064022002,121,6,5,6
410510064022003,141,13,1,7
410510064022004,22,2,0,3
410510064022005,67,1,0,15
410510064022006,832,37,79,18
410510064022007,51,8,0,5
410510064022008,88,4,8,1
410510064022009,103,10,6,1
410510064022010,76,4,6,0
410510064022011,173,19,18,0
410510064023000,62,3,4,1
410510064023001,77,14,7,1
410510064023002,26,0,0,0
410510064023003,0,0,0,0
410510064023004,0,0,0,0
410510064023005,0,0,0,0
410510064023006,0,0,0,0
410510064023007,153,6,5,12
410510064023008,38,3,6,1
410510064023009,14,3,0,0
410510064023010,47,3,0,4
410510064023011,49,2,2,4
410510064023012,640,41,42,33
410510064023013,39,1,0,0
410510064023014,66,8,3,1
410510064023015,45,0,1,1
410510064023016,98,7,12,5
410510064023017,77,1,11,2
410510064023018,20,0,0,2
410510064023019,38,2,0,2
410510064023020,27,3,0,3
410510064023021,16,0,1,2
410510064023022,18,0,0,0
410510064024000,231,12,19,2
410510064024001,29,2,1,1
410510064024002,41,1,4,1
410510064024003,25,1,0,1
410510064024004,95,1,10,2
410510064024005,152,3,3,1
410510064024006,29,1,3,2
410510064024007,63,0,1,2
410510064024008,29,3,1,2
410510064024009,18,0,6,2
410510064024010,13,2,0,0
410510064024011,198,7,5,0
410510064024012,19,0,5,2
410510064024013,68,0,6,1
410510064024014,0,0,0,0
410510064024015,35,0,0,0
410510064024016,22,1,0,0
410510064024017,0,0,0,0
410510064024018,33,0,2,0
410510064024019,17,0,0,0
410510064024020,23,0,0,0
410510064024021,9,0,0,1
410510064024022,0,0,0,0
410510064024023,0,0,0,0
410510064024024,87,5,9,4
410510064024025,44,3,14,1
410510064024026,167,10,12,3
410510064024027,195,12,7,5
410510064031000,184,8,9,5
410510064031001,33,0,6,1
410510064031002,43,0,2,0
410510064031003,31,5,0,0
410510064031004,25,0,0,0
410510064031005,32,3,1,1
410510064031006,25,0,1,0
410510064031007,25,1,2,1
410510064031008,51,7,0,0
410510064031009,30,2,0,3
410510064031010,30,1,1,0
410510064031011,36,5,0,3
410510064031012,37,4,5,1
410510064031013,21,0,0,0
410510064031014,37,8,0,0
410510064031015,27,0,0,2
410510064031016,43,2,3,2
410510064031017,25,4,2,0
410510064031018,60,2,7,0
410510064031019,46,2,5,3
410510064031020,35,4,2,3
410510064031021,64,4,7,2
410510064031022,43,4,2,1
410510064032000,0,0,0,0
410510064032001,209,0,15,2
410510064032002,103,4,2,0
410510064032003,234,14,28,15
410510064032004,62,3,1,3
410510064032005,46,4,0,2
410510064032006,217,16,10,8
410510064032007,67,6,10,1
410510064032008,47,5,5,3
410510064032009,452,20,20,7
410510064032010,47,0,1,5
410510064032011,42,2,2,6
410510064032012,336,33,13,3
410510064032013,59,2,2,3
410510064032014,44,3,3,7
410510064033000,0,0,0,0
410510064033001,345,25,24,19
410510064033002,22,0,2,0
410510064033003,381,16,19,11
410510064033004,95,1,3,1
410510064033005,0,0,0,0
410510064033006,77,8,6,0
410510064033007,38,3,9,0
410510064033008,0,0,0,0
410510064033009,24,0,4,0
410510064033010,28,1,3,0
410510064033011,73,10,5,3
410510064033012,83,7,8,0
410510064041000,62,10,3,0
410510064041001,56,5,3,6
410510064041002,88,2,0,4
410510064041003,33,2,0,5
410510064041004,39,2,2,0
410510064041005,0,0,0,0
410510064041006,33,0,2,0
410510064041007,76,1,1,4
410510064041008,93,2,2,0
410510064041009,151,6,4,3
410510064041010,55,7,1,0
410510064041011,95,7,5,5
410510064041012,35,1,0,0
410510064041013,64,1,0,2
410510064041014,20,0,1,1
410510064041015,49,3,0,0
410510064041016,60,2,6,3
410510064041017,397,5,17,13
410510064041018,12,1,0,2
410510064041019,80,1,3,1
410510064041020,27,7,2,4
410510064041021,17,2,0,0
410510064042000,0,0,0,0
410510064042001,15,2,5,1
410510064042002,100,0,4,0
410510064042003,253,4,13,7
410510064042004,54,4,0,0
410510064042005,0,0,0,0
410510064042006,33,3,0,0
410510064042007,0,0,0,0
410510064042008,0,0,0,0
410510064042009,194,10,8,5
410510064042010,0,0,0,0
410510064042011,31,1,2,4
410510064042012,0,0,0,0
410510064042013,0,0,0,0
410510064042014,0,0,0,0
410510064042015,132,2,3,12
410510064042016,0,0,0,0
410510064042017,30,3,1,1
410510064042018,34,3,1,1
410510064042019,82,5,6,1
410510064042020,44,6,2,4
410510064042021,84,3,1,0
410510064042022,61,2,2,0
410510064042023,25,1,5,0
410510064042024,22,1,2,0
410510064042025,0,0,0,0
410510064042026,483,13,32,16
410510064042027,139,1,1,1
410510064042028,27,0,1,0
410510064042029,71,3,10,0
410510064042030,31,0,0,0
410510064042031,10,0,1,1
410510064042032,27,1,3,2
410510065011000,281,21,11,13
410510065011001,27,4,4,2
410510065011002,22,1,2,0
410510065011003,22,7,1,3
410510065011004,37,0,3,1
410510065011005,15,1,2,0
410510065011006,29,0,2,1
410510065011007,241,16,13,5
410510065011008,114,10,0,1
410510065011009,61,1,6,5
410510065011010,100,8,5,9
410510065011011,52,2,0,5
410510065011012,36,4,2,2
410510065011013,61,10,1,0
410510065011014,54,7,4,1
410510065011015,32,0,3,0
410510065011016,55,6,4,7
410510065011017,25,0,3,1
410510065011018,358,16,12,0
410510065011019,47,7,1,1
410510065011020,40,0,4,0
410510065011021,64,2,4,1
410510065011022,37,4,1,0
410510065011023,49,8,3,2
410510065011024,21,0,0,0
410510065011025,131,8,7,7
410510065011026,31,1,2,2
410510065011027,25,0,0,1
410510065011028,29,0,2,0
410510065011029,29,3,1,3
410510065012000,0,0,0,0
410510065012001,88,5,0,0
410510065012002,71,2,3,8
410510065012003,103,13,8,4
410510065012004,52,4,1,11
410510065012005,55,5,2,3
410510065012006,71,9,1,2
410510065012007,0,0,0,0
410510065012008,68,5,2,8
410510065012009,31,2,2,0
410510065012010,100,0,2,1
410510065012011,78,9,6,0
410510065012012,83,2,0,5
410510065012013,29,3,1,0
410510065012014,38,0,0,2
410510065012015,67,1,14,0
410510065012016,30,5,0,3
410510065012017,53,0,0,0
410510065012018,28,0,2,0
410510065012019,44,3,4,0
410510065012020,41,4,8,1
410510065012021,94,9,7,0
410510065012022,24,1,1,0
410510065012023,27,0,0,6
410510065012024,180,3,18,2
410510065012025,20,3,1,0
410510065012026,120,1,10,6
410510065012027,135,2,15,2
410510065012028,69,6,5,0
410510065012029,27,0,0,0
410510065012030,17,0,0,0
410510065012031,211,18,17,14
410510065012032,125,10,1,7
410510065012033,59,0,0,0
410510065012034,74,2,4,5
410510065012035,40,5,0,1
410510065012036,83,4,3,1
410510065012037,0,0,0,0
410510065013000,297,16,9,13
410510065013001,322,24,30,4
410510065013002,33,3,0,1
410510065013003,59,4,2,7
410510065013004,37,1,1,7
410510065013005,55,5,0,1
410510065013006,160,14,8,2
410510065013007,52,3,1,2
410510065013008,70,3,2,6
410510065013009,255,8,18,6
410510065013010,92,3,15,2
410510065013011,76,1,5,0
410510065013012,17,2,0,0
410510065013013,63,2,2,5
410510065013014,67,1,6,3
410510065013015,47,6,5,0
410510065021000,90,8,0,3
410510065021001,0,0,0,0
410510065021002,44,4,4,0
410510065021003,163,3,4,5
410510065021004,84,4,0,0
410510065021005,30,1,1,0
410510065021006,63,11,4,0
410510065021007,24,2,2,1
410510065021008,72,4,7,2
410510065021009,113,4,5,7
410510065021010,37,0,2,0
410510065021011,142,22,1,0
410510065021012,32,0,3,0
410510065021013,52,0,0,2
410510065021014,26,0,2,3
410510065021015,79,0,4,4
410510065021016,121,9,3,1
410510065021017,59,2,10,1
410510065021018,113,12,2,0
410510065021019,28,1,6,1
410510065021020,112,13,9,1
410510065021021,53,0,2,1
410510065021022,0,0,0,0
410510065021023,164,6,1,3
410510065021024,87,0,1,0
410510065021025,42,0,1,0
410510065021026,18,1,1,0
410510065021027,13,2,0,1
410510065021028,32,0,2,0
410510065021029,24,3,3,1
410510065022000,0,0,0,0
410510065022001,56,1,6,1
410510065022002,0,0,0,0
410510065022003,65,4,2,5
410510065022004,123,0,9,0
410510065022005,110,5,3,6
410510065022006,294,9,4,6
410510065022007,17,1,2,0
410510065022008,88,3,3,3
410510065022009,0,0,0,0
410510065022010,0,0,0,0
410510065022011,37,0,3,0
410510065022012,38,1,0,0
410510065022013,36,1,0,0
410510065022014,0,0,0,0
410510065022015,0,0,0,0
410510065023000,82,5,0,6
410510065023001,31,1,0,3
410510065023002,16,2,1,0
410510065023003,0,0,0,0
410510065023004,88,1,13,0
410510065023005,51,5,2,0
410510065023006,184,8,2,2
410510065023007,124,7,18,4
410510065023008,42,2,0,2
410510065023009,29,0,1,0
410510065023010,186,0,9,4
410510065023011,291,18,4,0
410510065023012,80,9,6,0
410510065023013,145,6,13,0
410510065023014,159,5,3,1
410510065023015,23,0,0,1
410510065023016,0,0,0,0
410510065023017,0,0,0,0
410510065023018,107,2,4,3
410510066011000,9,3,1,0
410510066011001,27,2,0,0
410510066011002,413,38,17,7
410510066011003,34,4,5,0
410510066011004,56,16,4,0
410510066011005,32,1,1,0
410510066011006,42,0,13,0
410510066011007,27,0,0,4
410510066011008,78,4,11,1
410510066011009,776,52,31,22
410510066011010,39,2,1,4
410510066011011,17,3,2,0
410510066011012,26,0,0,3
410510066011013,72,2,5,0
410510066011014,5,1,2,0
410510066011015,44,4,0,0
410510066012000,34,1,1,8
410510066012001,109,4,6,15
410510066012002,170,15,5,5
410510066012003,38,3,5,0
410510066012004,45,0,1,0
410510066012005,35,1,4,2
410510066012006,18,0,5,0
410510066012007,163,16,5,7
410510066012008,78,0,3,0
410510066012009,33,0,0,3
410510066012010,22,0,0,0
410510066012011,36,2,1,0
410510066012012,15,2,2,0
410510066012013,87,5,3,1
410510066012014,93,10,15,1
410510066012015,79,6,6,0
410510066021000,0,0,0,0
410510066021001,101,3,1,3
410510066021002,143,7,12,0
410510066021003,89,1,7,1
410510066021004,56,2,1,0
410510066021005,49,1,3,2
410510066021006,46,3,2,0
410510066021007,143,7,10,3
410510066021008,136,2,4,3
410510066021009,144,3,3,0
410510066021010,37,0,4,2
410510066021011,26,0,0,0
410510066021012,0,0,0,0
410510066021013,0,0,0,0
410510066021014,0,0,0,0
410510066021015,14,0,0,0
410510066021016,48,2,3,0
410510066021017,31,0,0,0
410510066021018,60,7,1,0
410510066021019,0,0,0,0
410510066022000,82,5,7,0
410510066022001,38,9,0,0
410510066022002,32,5,2,1
410510066022003,337,6,16,2
410510066022004,30,1,1,6
410510066022005,56,1,9,3
410510066022006,43,5,6,0
410510066022007,42,1,0,0
410510066022008,80,5,3,3
410510066022009,20,0,0,0
410510066022010,74,6,2,3
410510066022011,35,6,0,0
410510066022012,93,7,0,1
410510066022013,50,2,5,0
410510066022014,38,2,2,1
410510066022015,33,3,3,2
410510066022016,63,0,1,3
410510066022017,15,0,0,1
410510066022018,0,0,0,0
410510066022019,14,0,0,0
410510066022020,173,8,10,7
410510066022021,41,1,0,2
410510066022022,72,6,7,1
410510066022023,59,3,6,1
410510066022024,28,0,0,1
410510066022025,64,5,3,2
410510066023000,429,21,22,5
410510066023001,245,37,40,14
410510066023002,0,0,0,0
410510066023003,47,4,5,0
410510066023004,11,2,1,0
410510066023005,43,5,0,3
410510066023006,25,1,1,0
410510066023007,105,4,10,1
410510066023008,203,15,4,5
410510066023009,0,0,0,0
410510066023010,69,2,8,0
410510066023011,69,11,5,3
410510066023012,53,0,0,0
410510066023013,39,3,2,0
410510066023014,36,5,4,0
410510066023015,18,2,1,1
410510066023016,24,0,1,0
410510066023017,20,3,0,0
410510066023018,50,3,3,0
410510066023019,39,0,0,3
410510066024000,35,1,2,1
410510066024001,59,11,0,5
410510066024002,50,1,7,1
410510066024003,37,0,1,0
410510066024004,40,2,4,3
410510066024005,56,6,1,4
410510066024006,51,2,2,0
410510066024007,68,0,6,1
410510066024008,47,0,2,0
410510066024009,116,3,19,6
410510066024010,46,1,2,2
410510066024011,171,2,6,6
410510066024012,40,8,4,2
410510066024013,75,12,3,0
410510066024014,138,3,7,3
410510066024015,153,6,12,0
410510066024016,57,3,11,1
410510066024017,0,0,0,0
410510066024018,0,0,0,0
410510066024019,12,0,0,2
410510066024020,40,3,6,0
410510067011000,36,1,1,0
410510067011001,639,55,47,21
410510067011002,53,2,1,1
410510067011003,55,0,0,6
410510067011004,123,5,11,5
410510067011005,106,6,20,1
410510067011006,44,2,0,3
410510067011007,110,15,0,10
410510067011008,81,4,1,6
410510067011009,57,9,2,4
410510067011010,56,10,2,0
410510067011011,48,3,1,4
410510067011012,77,13,6,3
410510067011013,64,6,4,0
410510067011014,0,0,0,0
410510067011015,0,0,0,0
410510067011016,56,2,1,2
410510067011017,0,0,0,0
410510067011018,72,5,6,0
410510067011019,81,8,6,2
410510067011020,0,0,0,0
410510067012000,77,2,6,6
410510067012001,59,1,5,0
410510067012002,36,2,2,1
410510067012003,344,18,10,6
410510067012004,97,0,10,0
410510067012005,0,0,0,0
410510067012006,238,20,10,17
410510067012007,167,3,0,2
410510067012008,70,13,3,3
410510067012009,52,2,0,2
410510067012010,32,1,1,0
410510067012011,93,10,15,2
410510067012012,35,0,0,3
410510067012013,17,3,0,0
410510067012014,27,0,0,4
410510067012015,50,0,3,2
410510067012016,12,2,1,1
410510067021000,85,1,4,0
410510067021001,95,2,3,1
410510067021002,295,14,9,9
410510067021003,183,7,6,0
410510067021004,18,1,4,0
410510067021005,112,2,0,0
410510067021006,371,24,15,5
410510067021007,127,1,6,2
410510067021008,39,7,1,2
410510067021009,62,3,1,2
410510067021010,52,0,0,4
410510067021011,72,4,7,0
410510067021012,82,1,5,7
410510067021013,26,0,1,0
410510067021014,67,7,0,0
410510067021015,40,3,3,1
410510067021016,24,3,1,0
410510067021017,36,1,5,0
410510067021018,90,3,10,9
410510067021019,52,5,7,6
410510067021020,14,4,1,1
410510067021021,14,1,0,0
410510067021022,26,1,3,2
410510067021023,18,0,1,0
410510067021024,39,0,5,2
410510067021025,24,2,2,0
410510067022000,0,0,0,0
410510067022001,71,1,10,1
410510067022002,0,0,0,0
410510067022003,31,2,1,1
410510067022004,50,4,8,2
410510067022005,41,2,4,0
410510067022006,43,2,1,0
410510067022007,55,9,4,0
410510067022008,57,0,5,1
410510067022009,64,6,3,0
410510067022010,61,4,8,3
410510067022011,114,4,8,7
410510067022012,152,9,10,11
410510067022013,28,4,0,0
410510067022014,58,5,7,2
410510067022015,16,0,1,0
410510067022016,116,7,13,11
410510067022017,50,6,7,0
410510067022018,24,2,0,1
410510067022019,52,15,1,1
410510067022020,35,6,1,0
410510067022021,52,4,2,1
410510067022022,45,7,1,4
410510067022023,20,2,0,0
410510068011000,153,14,14,0
410510068011001,55,3,2,8
410510068011002,53,2,5,1
410510068011003,20,3,0,0
410510068011004,101,17,4,3
410510068011005,153,9,13,12
410510068011006,31,5,2,1
410510068011007,41,3,2,0
410510068011008,15,2,0,1
410510068011009,32,2,4,0
410510068011010,18,4,1,1
410510068011011,185,21,21,5
410510068011012,46,5,7,0
410510068011013,63,6,5,3
410510068011014,83,3,9,6
410510068011015,43,2,1,0
410510068011016,65,3,8,2
410510068011017,872,19,30,10
410510068011018,39,2,4,5
410510068011019,186,15,8,14
410510068011020,17,2,1,4
410510068011021,22,0,4,4
410510068011022,80,5,7,5
410510068021000,316,7,20,20
410510068021001,66,4,6,9
410510068021002,120,1,16,6
410510068021003,60,12,5,0
410510068021004,48,4,5,6
410510068021005,65,8,2,1
410510068021006,15,1,1,1
410510068021007,27,4,0,5
410510068021008,9,1,1,0
410510068021009,144,17,11,1
410510068021010,53,5,6,0
410510068021011,75,3,7,5
410510068021012,36,3,1,4
410510068021013,26,1,1,2
410510068021014,58,2,4,1
410510068021015,51,6,0,0
410510068021016,184,20,12,0
410510068021017,35,1,4,0
410510068021018,29,2,2,0
410510068021019,52,2,5,0
410510068021020,36,4,3,0
410510068021021,79,10,12,2
410510068021022,21,1,1,0
410510068022000,31,2,4,1
410510068022001,174,6,13,4
410510068022002,25,7,1,2
410510068022003,164,15,5,0
410510068022004,117,10,4,5
410510068022005,361,22,30,16
410510068022006,94,8,3,1
410510068022007,56,6,6,2
410510068022008,254,23,19,0
410510068022009,54,3,1,6
410510068022010,49,1,0,5
410510068022011,73,1,0,0
410510068022012,305,24,2,5
410510068022013,119,7,4,10
410510068022014,36,0,2,2
410510068022015,45,2,2,8
410510068022016,31,4,4,0
410510068022017,63,2,9,6
410510069001000,12,1,3,1
410510069001001,129,7,16,6
410510069001002,36,4,4,3
410510069001003,41,2,8,4
410510069001004,14,2,0,0
410510069001005,33,7,0,1
410510069001006,0,0,0,0
410510069001007,2,2,0,0
410510069001008,0,0,0,0
410510069001009,25,1,1,1
410510069001010,9,1,6,0
410510069001011,74,7,6,0
410510069001012,90,3,7,0
410510069001013,24,1,0,0
410510069001014,0,0,0,0
410510069001015,0,0,0,0
410510069001016,8,2,2,1
410510069001017,23,2,0,0
410510069001018,77,8,6,0
410510069001019,24,0,0,7
410510069001020,0,0,0,0
410510069001021,60,2,4,2
410510069001022,8,0,0,2
410510069001023,143,7,7,12
410510069001024,14,3,3,0
410510069001025,49,0,2,1
410510069001026,0,0,0,0
410510069001027,14,5,1,2
410510069001028,23,5,0,0
410510069001029,4,0,0,0
410510069001030,14,0,0,1
410510069001031,14,0,2,3
410510069001032,0,0,0,0
410510069001033,102,1,3,13
410510069001034,120,4,1,1
410510069001035,134,10,7,8
410510069001036,25,0,3,1
410510069001037,66,0,8,1
410510069001038,21,3,0,0
410510069001039,0,0,0,0
410510069001040,0,0,0,0
410510069001041,8,0,1,0
410510069001042,0,0,0,0
410510069001043,0,0,0,0
410510069001044,22,0,1,0
410510069001045,1,0,0,0
410510069001046,0,0,0,0
410510069001047,0,0,0,0
410510069001048,38,0,3,0
410510069001049,0,0,0,0
410510069001050,0,0,0,0
410510069001051,0,0,0,0
410510069001052,83,4,9,6
410510069001053,23,0,1,0
410510069001054,0,0,0,0
410510069001055,2,0,0,0
410510069001056,0,0,0,0
410510069001057,0,0,0,0
410510069001058,0,0,0,0
410510069001059,20,4,2,2
410510069001060,0,0,0,0
410510069001061,67,11,9,4
410510069001062,7,0,0,0
410510069002000,221,14,21,12
410510069002001,51,0,2,6
410510069002002,35,0,2,0
410510069002003,94,6,7,1
410510069002004,15,2,3,0
410510069002005,29,0,0,4
410510069002006,13,3,0,0
410510069002007,0,0,0,0
410510069002008,0,0,0,0
410510069002009,7,0,2,2
410510069002010,13,1,2,0
410510069002011,199,3,18,14
410510069002012,13,0,0,0
410510069002013,179,20,17,11
410510069002014,77,6,3,8
410510069002015,24,5,2,6
410510069002016,9,1,2,1
410510069002017,8,0,1,0
410510069002018,0,0,0,0
410510069002019,93,1,8,5
410510069002020,16,1,0,0
410510069002021,28,4,2,0
410510069002022,46,0,1,2
410510069002023,0,0,0,0
410510069002024,16,2,0,4
410510069002025,23,2,2,0
410510069002026,9,2,0,2
410510069002027,23,6,1,0
410510069002028,3,0,1,0
410510069002029,14,0,1,0
410510069002030,5,1,0,0
410510069002031,0,0,0,0
410510070011000,87,5,11,14
410510070011001,107,6,7,11
410510070011002,126,7,9,15
410510070011003,50,2,4,0
410510070011004,77,14,10,3
410510070011005,42,4,0,0
410510070011006,30,0,3,1
410510070011007,34,2,0,5
410510070011008,64,7,2,4
410510070011009,143,9,11,21
410510070011010,20,1,5,3
410510070011011,18,1,0,2
410510070011012,29,3,3,2
410510070011013,19,0,1,0
410510070011014,210,19,14,4
410510070011015,17,0,0,4
410510070011016,4,2,0,1
410510070011017,17,1,4,0
410510070011018,10,1,4,0
410510070011019,55,0,8,0
410510070011020,21,0,2,0
410510070011021,87,0,1,7
410510070011022,36,0,0,0
410510070011023,28,0,2,3
410510070011024,53,6,5,7
410510070011025,0,0,0,0
410510070011026,64,2,4,1
410510070011027,52,4,6,0
410510070011028,14,2,3,0
410510070011029,21,1,0,0
410510070011030,25,0,0,1
410510070011031,100,3,7,11
410510070011032,41,2,0,6
410510070011033,159,14,13,0
410510070011034,27,0,0,0
410510070011035,29,2,1,0
410510070011036,18,0,0,4
410510070011037,60,13,8,3
410510070011038,11,2,0,0
410510070011039,122,16,6,3
410510070011040,79,9,12,1
410510070011041,39,2,1,1
410510070011042,139,12,11,10
410510070011043,7,0,2,0
410510070011044,33,4,7,4
410510070011045,178,10,15,11
410510070012000,552,47,46,32
410510070012001,29,2,8,3
410510070012002,18,4,0,0
410510070012003,38,8,3,2
410510070012004,36,7,1,1
410510070012005,42,3,8,1
410510070012006,69,1,11,8
410510070012007,308,21,34,26
410510070012008,938,35,101,51
410510070012009,25,0,0,6
410510070012010,36,0,2,1
410510070012011,90,4,12,5
410510070012012,79,2,7,3
410510070012013,121,12,5,3
410510070012014,204,22,16,3
410510070012015,27,0,2,2
410510070012016,33,2,0,4
410510070012017,47,3,2,3
410510070012018,37,5,4,1
410510070012019,152,17,9,17
410510070012020,17,0,2,2
410510070012021,20,3,2,0
410510070012022,1,0,1,0
410510070021000,93,7,5,0
410510070021001,19,0,0,0
410510070021002,8,1,0,0
410510070021003,0,0,0,0
410510070021004,1,1,0,0
410510070021005,4,1,0,1
410510070021006,10,3,2,0
410510070021007,0,0,0,0
410510070021008,9,2,0,0
410510070021009,10,0,1,0
410510070021010,0,0,0,0
410510070021011,12,0,0,0
410510070021012,35,0,3,0
410510070021013,5,0,1,0
410510070021014,34,3,0,2
410510070021015,4,0,0,0
410510070021016,4,0,0,0
410510070021017,43,2,4,1
410510070021018,4,0,1,0
410510070021019,9,0,0,0
410510070021020,0,0,0,0
410510070021021,0,0,0,0
410510070021022,48,4,1,1
410510070021023,113,5,8,5
410510070021024,24,2,0,1
410510070021025,0,0,0,0
410510070021026,98,6,9,10
410510070021027,9,0,1,0
410510070021028,0,0,0,0
410510070021029,28,3,5,1
410510070021030,33,2,2,0
410510070021031,0,0,0,0
410510070021032,22,4,2,2
410510070021033,0,0,0,0
410510070021034,0,0,0,0
410510070021035,10,2,1,0
410510070021036,18,0,0,0
410510070021037,6,1,2,0
410510070021038,9,0,1,0
410510070021039,46,2,4,0
410510070021040,24,1,1,2
410510070021041,33,0,0,1
410510070021042,11,0,0,2
410510070021043,64,0,1,0
410510070021044,10,0,4,0
410510070021045,0,0,0,0
410510070021046,0,0,0,0
410510070021047,3,0,0,0
410510070022000,31,2,0,0
410510070022001,0,0,0,0
410510070022002,3,0,1,0
410510070022003,10,1,2,0
410510070022004,0,0,0,0
410510070022005,14,0,0,0
410510070022006,0,0,0,0
410510070022007,11,0,1,0
410510070022008,0,0,0,0
410510070022009,0,0,0,0
410510070022010,0,0,0,0
410510070022011,0,0,0,0
410510070022012,0,0,0,0
410510070022013,23,2,4,0
410510070022014,0,0,0,0
410510070022015,49,5,8,0
410510070022016,0,0,0,0
410510070022017,0,0,0,0
410510070022018,11,1,1,1
410510070022019,10,0,1,0
410510070022020,17,0,5,0
410510070022021,20,0,1,0
410510070022022,12,3,0,1
410510070022023,33,2,3,3
410510070022024,276,30,21,14
410510070022025,11,0,0,0
410510070022026,0,0,0,0
410510070022027,12,2,0,1
410510070022028,14,1,0,0
410510070022029,11,0,1,0
410510070022030,11,0,0,0
410510070022031,13,2,0,0
410510070022032,7,0,1,0
410510070022033,9,0,0,0
410510070022034,0,0,0,0
410510070022035,14,0,0,0
410510070022036,0,0,0,0
410510070022037,32,2,4,2
410510070022038,10,1,1,2
410510070022039,11,0,0,0
410510070022040,10,0,0,1
410510070022041,14,0,0,1
410510070022042,11,0,0,0
410510070022043,55,0,4,7
410510070022044,6,0,0,1
410510070022045,7,0,0,0
410510070022046,12,0,0,2
410510070022047,20,6,1,3
410510070022048,5,0,0,3
410510070022049,29,0,5,2
410510070022050,30,0,0,5
410510070022051,15,0,3,3
410510070022052,22,0,3,0
410510070022053,17,0,0,0
410510070022054,8,1,0,0
410510070022055,8,0,0,0
410510070022056,10,0,0,1
410510070022057,32,5,5,1
410510070022058,0,0,0,0
410510070022059,0,0,0,0
410510070022060,0,0,0,0
410510070023000,263,12,27,10
410510070023001,2,0,1,0
410510070023002,62,0,7,0
410510070023003,15,0,0,0
410510070023004,6,0,0,0
410510070023005,54,0,5,2
410510070023006,9,4,1,0
410510070023007,26,2,1,1
410510070023008,7,1,1,0
410510070023009,11,1,0,0
410510070023010,4,0,0,0
410510070023011,14,0,1,1
410510070023012,23,2,3,3
410510070023013,61,3,3,2
410510070023014,0,0,0,0
410510070023015,0,0,0,0
410510070023016,25,4,1,0
410510070023017,16,0,1,0
410510070023018,0,0,0,0
410510070023019,10,1,1,2
410510070023020,47,3,0,2
410510070023021,5,2,0,0
410510070023022,58,0,3,1
410510070023023,35,2,1,1
410510070023024,21,0,2,0
410510070023025,12,0,3,0
410510070023026,40,0,2,0
410510070023027,25,1,0,2
410510070023028,18,0,1,0
410510070023029,12,0,0,2
410510070023030,19,5,3,1
410510070023031,0,0,0,0
410510070023032,13,0,0,0
410510070023033,17,0,0,0
410510070023034,6,0,0,0
410510070023035,22,6,1,2
410510071001000,0,0,0,0
410510071001001,84,2,5,1
410510071001002,13,2,3,1
410510071001003,15,0,0,0
410510071001004,0,0,0,0
410510071001005,0,0,0,0
410510071001006,17,5,2,1
410510071001007,0,0,0,0
410510071001008,0,0,0,0
410510071001009,0,0,0,0
410510071001010,187,16,6,4
410510071001011,86,11,7,1
410510071001012,23,1,2,1
410510071001013,14,0,0,2
410510071001014,0,0,0,0
410510071001015,15,0,2,1
410510071001016,162,7,17,0
410510071001017,10,0,0,0
410510071001018,13,0,1,0
410510071001019,0,0,0,0
410510071001020,30,1,2,0
410510071001021,110,0,0,1
410510071001022,0,0,0,0
410510071001023,0,0,0,0
410510071001024,0,0,0,0
410510071001025,0,0,0,0
410510071001026,0,0,0,0
410510071001027,0,0,0,0
410510071001028,94,1,0,0
410510071002000,11,0,0,0
410510071002001,13,1,0,0
410510071002002,67,2,0,3
410510071002003,8,0,0,0
410510071002004,25,0,1,0
410510071002005,12,1,1,1
410510071002006,0,0,0,0
410510071002007,0,0,0,0
410510071002008,5,0,0,0
410510071002009,12,0,0,0
410510071002010,0,0,0,0
410510071002011,0,0,0,0
410510071002012,9,2,1,0
410510071002013,0,0,0,0
410510071002014,0,0,0,0
410510071002015,0,0,0,0
410510071002016,2,0,0,0
410510071002017,1,0,0,0
410510071002018,21,0,1,0
410510071002019,52,1,4,2
410510071002020,12,3,0,0
410510071002021,13,0,2,1
410510071002022,27,1,7,1
410510071002023,48,5,2,3
410510071002024,38,2,1,5
410510071002025,78,1,1,0
410510071002026,11,3,1,0
410510071002027,28,0,3,1
410510071002028,0,0,0,0
410510071002029,8,0,0,0
410510071002030,5,1,2,1
410510071002031,16,0,0,0
410510071002032,2,0,0,0
410510071002033,0,0,0,0
410510071003000,0,0,0,0
410510071003001,0,0,0,0
410510071003002,0,0,0,0
410510071003003,0,0,0,0
410510071003004,84,1,1,2
410510071003005,18,1,0,0
410510071003006,5,0,0,2
410510071003007,77,2,0,0
410510071003008,23,0,0,0
410510071003009,0,0,0,0
410510071003010,11,0,1,0
410510071003011,14,0,0,0
410510071003012,122,5,12,1
410510071003013,66,6,2,2
410510071003014,22,4,0,0
410510071003015,19,0,0,2
410510071003016,11,0,2,0
410510071003017,0,0,0,0
410510071003018,233,7,9,11
410510071003019,12,1,0,0
410510071003020,3,2,1,0
410510071003021,4,0,1,0
410510071003022,20,0,0,0
410510071003023,45,0,8,0
410510071003024,13,0,1,0
410510071003025,0,0,0,0
410510071003026,50,0,1,2
410510071003027,0,0,0,0
410510071003028,0,0,0,0
410510071003029,0,0,0,0
410510071003030,45,5,2,1
410510071003031,33,2,2,0
410510071003032,109,4,5,0
410510071003033,12,0,3,0
410510071003034,117,0,2,6
410510071003035,0,0,0,0
410510071003036,0,0,0,0
410510071003037,0,0,0,0
410510071003038,0,0,0,0
410510071003039,72,0,1,0
410510071003040,34,3,0,0
410510071003041,11,0,1,0
410510071003042,14,3,0,0
410510071003043,28,1,1,0
410510071003044,17,1,1,4
410510071003045,12,1,0,0
410510071003046,3,0,0,0
410510071003047,15,1,1,3
410510071003048,0,0,0,0
410510072011000,0,0,0,0
410510072011001,0,0,0,0
410510072011002,0,0,0,0
410510072011003,0,0,0,0
410510072011004,0,0,0,0
410510072011005,0,0,0,0
410510072011006,0,0,0,0
410510072011007,0,0,0,0
410510072011008,0,0,0,0
410510072011009,0,0,0,0
410510072011010,0,0,0,0
410510072011011,0,0,0,0
410510072011012,0,0,0,0
410510072011013,347,9,7,8
410510072011014,73,2,8,5
410510072011015,64,4,6,10
410510072011016,45,6,9,0
410510072011017,50,0,7,6
410510072011018,0,0,0,0
410510072011019,50,1,5,3
410510072011020,30,1,4,1
410510072011021,51,2,1,2
410510072011022,111,1,1,1
410510072011023,60,2,1,1
410510072011024,42,0,0,0
410510072011025,58,4,8,1
410510072011026,56,3,2,8
410510072011027,0,0,0,0
410510072011028,0,0,0,0
410510072011029,15,1,0,0
410510072011030,0,0,0,0
410510072011031,499,14,17,4
410510072011032,0,0,0,0
410510072011033,32,1,0,1
410510072011034,0,0,0,0
410510072011035,0,0,0,0
410510072011036,26,2,3,2
410510072011037,0,0,0,0
410510072011038,18,3,0,1
410510072011039,14,0,0,3
410510072011040,32,0,0,0
410510072012000,41,3,2,3
410510072012001,0,0,0,0
410510072012002,0,0,0,0
410510072012003,0,0,0,0
410510072012004,0,0,0,0
410510072012005,0,0,0,0
410510072012006,979,7,6,8
410510072012007,0,0,0,0
410510072012008,12,1,2,1
410510072012009,213,2,3,3
410510072012010,27,2,4,1
410510072012011,79,1,5,1
410510072012012,5,0,0,1
410510072012013,0,0,0,0
410510072012014,0,0,0,0
410510072012015,0,0,0,0
410510072021000,0,0,0,0
410510072021001,0,0,0,0
410510072021002,40,0,5,1
410510072021003,248,8,3,2
410510072021004,68,0,3,0
410510072021005,85,6,4,1
410510072021006,50,3,1,0
410510072021007,335,21,17,8
410510072021008,43,5,2,0
410510072021009,85,11,4,3
410510072021010,40,3,2,4
410510072021011,95,5,4,1
410510072021012,68,2,6,5
410510072021013,81,1,4,0
410510072021014,123,4,5,7
410510072021015,20,0,2,2
410510072021016,24,4,1,0
410510072021017,0,0,0,0
410510072021018,18,0,0,1
410510072021019,0,0,0,0
410510072021020,0,0,0,0
410510072021021,0,0,0,0
410510072021022,10,0,0,0
410510072021023,0,0,0,0
410510072021024,12,0,0,0
410510072021025,0,0,0,0
410510072021026,0,0,0,0
410510072021027,0,0,0,0
410510072021028,0,0,0,0
410510072021029,0,0,0,0
410510072021030,15,1,0,0
410510072021031,0,0,0,0
410510072021032,0,0,0,0
410510072021033,0,0,0,0
410510072021034,14,2,3,2
410510072022000,66,0,1,1
410510072022001,0,0,0,0
410510072022002,0,0,0,0
410510072022003,85,1,1,5
410510072022004,41,5,0,1
410510072022005,39,0,5,1
410510072022006,520,12,5,4
410510072022007,0,0,0,0
410510072022008,49,2,1,0
410510072022009,56,1,0,1
410510072022010,91,2,3,1
410510072022011,39,2,2,0
410510072022012,8,1,0,0
410510072023000,0,0,0,0
410510072023001,0,0,0,0
410510072023002,0,0,0,0
410510072023003,0,0,0,0
410510072023004,0,0,0,0
410510072023005,0,0,0,0
410510072023006,0,0,0,0
410510072023007,0,0,0,0
410510072023008,46,1,0,3
410510072023009,0,0,0,0
410510072023010,0,0,0,0
410510072023011,0,0,0,0
410510072023012,0,0,0,0
410510072023013,0,0,0,0
410510072023014,12,1,0,0
410510072023015,0,0,0,0
410510072023016,0,0,0,0
410510072023017,0,0,0,0
410510072023018,0,0,0,0
410510072023019,0,0,0,0
410510072023020,0,0,0,0
410510072023021,0,0,0,0
410510072023022,0,0,0,0
410510072023023,0,0,0,0
410510072023024,0,0,0,0
410510072023025,0,0,0,0
410510072023026,29,1,1,2
410510072023027,0,0,0,0
410510072023028,0,0,0,0
410510072023029,0,0,0,0
410510072023030,0,0,0,0
410510072023031,0,0,0,0
410510072023032,0,0,0,0
410510072023033,0,0,0,0
410510072023034,0,0,0,0
410510072023035,0,0,0,0
410510072023036,0,0,0,0
410510072023037,0,0,0,0
410510072023038,9,1,1,0
410510072023039,0,0,0,0
410510072023040,28,0,2,0
410510072023041,0,0,0,0
410510072023042,0,0,0,0
410510072023043,100,0,0,0
410510072023044,0,0,0,0
410510072023045,0,0,0,0
410510072023046,0,0,0,0
410510072023047,0,0,0,0
410510072023048,0,0,0,0
410510072023049,25,2,2,1
410510072023050,0,0,0,0
410510072023051,0,0,0,0
410510072023052,0,0,0,0
410510072023053,0,0,0,0
410510072023054,0,0,0,0
410510072023055,0,0,0,0
410510072023056,0,0,0,0
410510072023057,0,0,0,0
410510072023058,15,1,5,2
410510072023059,0,0,0,0
410510072023060,0,0,0,0
410510072023061,0,0,0,0
410510072023062,0,0,0,0
410510072023063,0,0,0,0
410510072023064,16,0,0,0
410510072023065,0,0,0,0
410510072023066,0,0,0,0
410510072023067,0,0,0,0
410510072023068,0,0,0,0
410510072023069,0,0,0,0
410510072023070,27,0,0,0
410510072023071,0,0,0,0
410510072023072,0,0,0,0
410510072023073,9,1,1,0
410510072023074,0,0,0,0
410510072023075,0,0,0,0
410510072023076,0,0,0,0
410510072023077,1,0,0,0
410510072023078,8,1,0,0
410510072023079,0,0,0,0
410510072023080,0,0,0,0
410510072023081,0,0,0,0
410510072023082,0,0,0,0
410510072023083,0,0,0,0
410510072023084,0,0,0,0
410510072023085,0,0,0,0
410510072023086,33,1,4,0
410510072023087,0,0,0,0
410510072023088,60,0,0,0
410510072023089,0,0,0,0
410510072023090,48,0,1,0
410510072023091,11,0,0,0
410510072023092,95,2,1,0
410510072023093,28,0,0,1
410510072023094,0,0,0,0
410510072023095,0,0,0,0
410510072023096,0,0,0,0
410510072023097,0,0,0,0
410510072023098,0,0,0,0
410510072023099,447,33,40,21
410510072023100,19,7,0,1
410510072023101,49,4,3,1
410510072023102,0,0,0,0
410510072023103,0,0,0,0
410510072023104,0,0,0,0
410510072023105,95,0,9,9
410510072023106,0,0,0,0
410510072023107,0,0,0,0
410510072023108,0,0,0,0
410510072023109,0,0,0,0
410510072023110,0,0,0,0
410510072023111,0,0,0,0
410510072023112,24,1,3,1
410510072023113,4,0,0,0
410510072023114,21,1,1,1
410510072023115,0,0,0,0
410510073001000,0,0,0,0
410510073001001,9,0,0,0
410510073001002,0,0,0,0
410510073001003,0,0,0,0
410510073001004,42,0,0,1
410510073001005,0,0,0,0
410510073001006,0,0,0,0
410510073001007,0,0,0,0
410510073001008,542,0,0,0
410510073001009,0,0,0,0
410510073001010,0,0,0,0
410510073001011,0,0,0,0
410510073001012,0,0,0,0
410510073001013,48,2,0,4
410510073001014,0,0,0,0
410510073001015,0,0,0,0
410510073001016,0,0,0,0
410510073001017,6,0,0,0
410510073001018,0,0,0,0
410510073001019,23,0,0,0
410510073001020,0,0,0,0
410510073001021,0,0,0,0
410510073001022,0,0,0,0
410510073001023,0,0,0,0
410510073001024,0,0,0,0
410510073001025,0,0,0,0
410510073001026,0,0,0,0
410510073001027,0,0,0,0
410510073001028,0,0,0,0
410510073001029,16,0,1,2
410510073001030,0,0,0,0
410510073001031,0,0,0,0
410510073001032,10,0,0,0
410510073001033,0,0,0,0
410510073001034,0,0,0,0
410510073001035,0,0,0,0
410510073001036,0,0,0,0
410510073001037,0,0,0,0
410510073001038,6,0,0,0
410510073001039,0,0,0,0
410510073001040,0,0,0,0
410510073001041,0,0,0,0
410510073001042,0,0,0,0
410510073001043,0,0,0,0
410510073001044,0,0,0,0
410510073001045,0,0,0,0
410510073001046,0,0,0,0
410510073001047,0,0,0,0
410510073001048,0,0,0,0
410510073001049,0,0,0,0
410510073001050,0,0,0,0
410510073001051,0,0,0,0
410510073001052,0,0,0,0
410510073001053,0,0,0,0
410510073001054,0,0,0,0
410510073001055,0,0,0,0
410510073001056,0,0,0,0
410510073001057,0,0,0,0
410510073001058,0,0,0,0
410510073001059,0,0,0,0
410510073001060,0,0,0,0
410510073001061,0,0,0,0
410510073001062,0,0,0,0
410510073001063,0,0,0,0
410510073001064,0,0,0,0
410510073001065,0,0,0,0
410510073001066,0,0,0,0
410510073001067,0,0,0,0
410510073001068,0,0,0,0
410510073001069,19,1,0,0
410510073001070,5,0,0,0
410510073001071,67,1,4,1
410510073001072,0,0,0,0
410510073001073,0,0,0,0
410510073001074,0,0,0,0
410510073001075,0,0,0,0
410510073001076,0,0,0,0
410510073001077,0,0,0,0
410510073001078,2,0,0,0
410510073001079,0,0,0,0
410510073001080,0,0,0,0
410510073001081,10,0,0,0
410510073001082,0,0,0,0
410510073001083,14,0,0,0
410510073001084,0,0,0,0
410510073001085,33,0,0,0
410510073001086,3,0,0,1
410510073001087,0,0,0,0
410510073001088,0,0,0,0
410510073001089,0,0,0,0
410510073001090,48,0,1,2
410510073001091,0,0,0,0
410510073001092,5,0,0,0
410510073001093,0,0,0,0
410510073001094,2,0,0,0
410510073001095,14,1,3,2
410510073001096,15,5,1,0
410510073001097,10,0,0,0
410510073001098,12,1,2,1
410510073001099,0,0,0,0
410510073001100,3,0,0,0
410510073001101,15,0,0,0
410510073001102,0,0,0,0
410510073001103,0,0,0,0
410510073001104,0,0,0,0
410510073001105,0,0,0,0
410510073001106,0,0,0,0
410510073001107,0,0,0,0
410510073001108,0,0,0,0
410510073001109,0,0,0,0
410510073001110,0,0,0,0
410510073001111,33,1,1,0
410510073001112,7,0,0,0
410510073001113,0,0,0,0
410510073001114,0,0,0,0
410510073001115,0,0,0,0
410510073001116,1,0,0,0
410510073001117,9,0,0,0
410510073001118,14,0,0,0
410510073001119,1,0,0,0
410510073001120,0,0,0,0
410510073001121,0,0,0,0
410510073001122,0,0,0,0
410510073001123,4,0,0,0
410510073001124,0,0,0,0
410510073001125,0,0,0,0
410510073001126,0,0,0,0
410510073001127,0,0,0,0
410510073001128,0,0,0,0
410510073001129,0,0,0,0
410510073001130,0,0,0,0
410510073001131,0,0,0,0
410510073001132,0,0,0,0
410510073001133,0,0,0,0
410510073001134,0,0,0,0
410510073001135,16,1,0,0
410510073001136,0,0,0,0
410510073001137,0,0,0,0
410510073001138,6,0,0,2
410510073001139,0,0,0,0
410510073001140,0,0,0,0
410510073001141,0,0,0,0
410510073001142,0,0,0,0
410510073001143,0,0,0,0
410510073001144,0,0,0,0
410510073001145,4,1,1,1
410510073001146,444,0,0,0
410510073001147,0,0,0,0
410510073001148,39,2,6,0
410510073001149,1,0,0,1
410510073001150,10,0,2,3
410510073001151,0,0,0,0
410510073001152,0,0,0,0
410510073001153,0,0,0,0
410510073001154,20,0,0,0
410510073001155,44,0,0,0
410510073001156,0,0,0,0
410510073001157,11,0,0,0
410510073001158,0,0,0,0
410510073001159,0,0,0,0
410510073001160,0,0,0,0
410510073001161,0,0,0,0
410510073001162,0,0,0,0
410510073001163,0,0,0,0
410510073001164,0,0,0,0
410510073001165,32,0,1,2
410510073001166,8,0,0,0
410510073001167,0,0,0,0
410510073001168,0,0,0,0
410510073001169,0,0,0,0
410510073001170,10,0,0,0
410510073001171,20,0,0,0
410510073001172,10,0,0,0
410510073001173,6,0,0,0
410510073001174,13,0,0,1
410510073001175,0,0,0,0
410510073001176,12,1,1,0
410510073001177,14,0,0,0
410510073001178,0,0,0,0
410510073001179,0,0,0,0
410510073001180,0,0,0,0
410510073001181,0,0,0,0
410510073001182,0,0,0,0
410510073001183,0,0,0,0
410510073001184,0,0,0,0
410510073001185,0,0,0,0
410510073001186,0,0,0,0
410510073001187,0,0,0,0
410510073001188,13,0,0,1
410510073001189,0,0,0,0
410510073001190,0,0,0,0
410510073001191,0,0,0,0
410510074001000,0,0,0,0
410510074001001,204,16,16,10
410510074001002,0,0,0,0
410510074001003,18,3,3,1
410510074001004,0,0,0,0
410510074001005,48,2,2,5
410510074001006,57,2,1,2
410510074001007,68,5,4,0
410510074001008,110,7,4,4
410510074001009,29,1,4,0
410510074001010,161,3,16,3
410510074001011,44,1,3,1
410510074001012,47,0,2,4
410510074001013,275,45,24,22
410510074001014,409,16,49,26
410510074001015,11,3,1,0
410510074002000,27,1,2,0
410510074002001,76,3,6,2
410510074002002,127,7,5,11
410510074002003,162,12,7,8
410510074002004,0,0,0,0
410510074002005,99,5,6,10
410510074002006,53,9,3,1
410510074002007,106,5,6,5
410510074002008,77,8,12,1
410510074002009,55,3,0,2
410510074002010,65,1,0,0
410510074002011,44,5,2,0
410510074002012,69,2,4,0
410510074002013,45,3,5,0
410510074002014,60,1,3,0
410510074002015,57,1,0,3
410510074002016,85,8,9,0
410510074002017,883,71,73,54
410510074002018,34,0,1,0
410510074002019,217,15,9,11
410510075001000,395,26,43,21
410510075001001,67,4,4,2
410510075001002,244,15,22,5
410510075001003,52,5,5,1
410510075001004,30,0,2,0
410510075001005,76,2,4,5
410510075001006,46,0,0,0
410510075001007,82,2,6,0
410510075001008,106,10,8,1
410510075001009,105,4,4,10
410510075001010,100,6,5,2
410510075001011,55,1,0,1
410510075001012,18,0,1,0
410510075001013,64,0,4,0
410510075001014,38,1,1,3
410510075001015,23,0,4,1
410510075001016,111,6,5,3
410510075001017,13,4,0,3
410510075001018,78,4,2,8
410510075001019,57,1,2,3
410510075001020,49,3,0,3
410510075001021,66,2,1,3
410510075001022,52,0,2,0
410510075001023,0,0,0,0
410510075002000,142,10,9,1
410510075002001,93,2,0,1
410510075002002,174,4,5,4
410510075002003,47,2,1,1
410510075002004,71,3,6,7
410510075002005,39,0,2,1
410510075002006,41,0,0,1
410510075002007,63,2,2,1
410510075002008,49,3,1,4
410510075002009,40,0,2,2
410510075002010,39,3,3,1
410510075002011,65,0,3,0
410510075002012,32,1,1,0
410510075002013,58,3,1,1
410510075002014,29,0,2,0
410510075002015,54,0,3,4
410510075002016,49,2,4,1
410510075002017,8,1,7,0
410510075003000,292,23,32,7
410510075003001,44,8,3,0
410510075003002,58,4,5,0
410510075003003,253,9,2,6
410510075003004,168,8,11,9
410510075003005,49,10,2,0
410510075003006,52,5,2,1
410510075003007,141,11,2,4
410510075003008,105,4,5,1
410510075003009,114,1,6,5
410510075003010,58,10,2,3
410510075003011,208,9,12,2
410510075003012,121,6,10,1
410510075003013,102,10,7,5
410510075003014,185,13,9,4
410510075003015,170,5,0,1
410510076001000,120,9,4,6
410510076001001,139,3,0,3
410510076001002,3,0,0,0
410510076001003,208,2,9,5
410510076001004,57,7,2,0
410510076001005,29,5,0,0
410510076001006,43,0,1,0
410510076001007,41,10,0,10
410510076001008,75,3,3,1
410510076001009,32,0,2,1
410510076001010,48,0,0,3
410510076001011,31,0,3,2
410510076001012,2,0,0,0
410510076001013,96,3,1,0
410510076001014,67,2,2,4
410510076001015,61,2,6,0
410510076001016,38,1,3,0
410510076001017,43,0,2,1
410510076001018,25,4,2,0
410510076001019,26,0,1,0
410510076001020,93,6,8,1
410510076001021,107,1,3,2
410510076002000,843,88,110,50
410510076002001,37,1,1,3
410510076002002,88,8,0,4
410510076002003,96,8,8,2
410510076002004,50,6,1,2
410510076002005,34,2,1,0
410510076002006,33,0,0,0
410510076002007,38,2,0,0
410510076002008,65,1,2,3
410510076002009,19,5,3,1
410510076002010,48,8,4,2
410510076002011,36,2,2,0
410510076002012,75,2,7,1
410510076002013,94,2,4,1
410510076002014,78,2,7,3
410510076002015,48,3,0,0
410510076002016,95,3,3,7
410510076002017,55,0,2,1
410510076002018,42,0,2,4
410510076002019,77,6,3,5
410510076002020,62,4,4,0
410510076002021,42,1,0,1
410510076002022,23,0,1,2
410510077001000,131,7,7,3
410510077001001,0,0,0,0
410510077001002,0,0,0,0
410510077001003,124,8,14,13
410510077001004,18,0,0,0
410510077001005,22,1,1,1
410510077001006,23,1,2,2
410510077001007,17,1,1,0
410510077001008,0,0,0,0
410510077001009,29,1,1,0
410510077001010,44,6,2,0
410510077001011,50,2,1,0
410510077001012,40,3,3,0
410510077001013,26,0,0,0
410510077001014,47,1,3,1
410510077001015,55,1,2,3
410510077001016,52,6,3,2
410510077001017,27,2,0,0
410510077001018,59,3,4,0
410510077001019,0,0,0,0
410510077001020,0,0,0,0
410510077001021,0,0,0,0
410510077001022,45,2,0,2
410510077001023,28,0,1,3
410510077001024,47,2,1,3
410510077001025,25,0,2,0
410510077001026,17,0,0,0
410510077001027,37,0,0,1
410510077001028,13,0,1,0
410510077001029,39,3,3,0
410510077001030,40,5,1,0
410510077001031,12,1,2,0
410510077001032,0,0,0,0
410510077002000,0,0,0,0
410510077002001,17,0,0,0
410510077002002,49,2,4,0
410510077002003,53,1,0,2
410510077002004,64,1,0,0
410510077002005,92,2,6,4
410510077002006,111,1,5,0
410510077002007,60,0,0,0
410510077002008,19,3,1,1
410510077002009,23,0,0,1
410510077002010,11,0,0,0
410510077002011,22,1,1,1
410510077002012,19,0,3,2
410510077002013,30,3,0,0
410510077002014,33,2,0,0
410510077002015,38,1,1,0
410510077002016,38,0,1,3
410510077002017,33,4,3,1
410510077002018,71,3,0,3
410510077002019,28,1,0,1
410510077002020,51,3,0,0
410510077002021,20,1,0,0
410510078001000,55,2,3,2
410510078001001,107,8,16,3
410510078001002,58,2,3,2
410510078001003,93,2,2,5
410510078001004,28,1,0,7
410510078001005,21,0,0,0
410510078001006,185,19,17,8
410510078001007,0,0,0,0
410510078001008,0,0,0,0
410510078001009,0,0,0,0
410510078001010,24,2,0,1
410510078001011,60,2,3,2
410510078001012,120,9,5,0
410510078001013,67,1,4,4
410510078001014,44,2,3,1
410510078001015,50,3,0,1
410510078002000,40,1,1,0
410510078002001,75,2,4,4
410510078002002,97,7,8,4
410510078002003,44,3,2,1
410510078002004,43,3,0,0
410510078002005,25,1,0,2
410510078002006,64,3,2,1
410510078002007,0,0,0,0
410510078002008,28,1,0,0
410510078002009,46,4,2,3
410510078002010,55,6,4,1
410510078002011,33,0,2,2
410510078002012,50,2,1,7
410510078002013,21,0,1,1
410510078002014,44,1,0,0
410510078002015,52,2,4,1
410510078002016,43,2,1,4
410510078002017,47,2,2,1
410510078002018,61,4,0,5
410510078002019,63,1,1,1
410510078002020,51,0,9,0
410510078002021,52,4,1,3
410510078002022,0,0,0,0
410510078002023,0,0,0,0
410510078002024,0,0,0,0
410510078002025,13,0,0,0
410510078002026,0,0,0,0
410510079001000,31,0,3,1
410510079001001,14,2,1,0
410510079001002,0,0,0,0
410510079001003,0,0,0,0
410510079001004,73,3,9,2
410510079001005,18,1,1,1
410510079001006,32,1,7,0
410510079001007,30,3,5,2
410510079001008,37,0,1,2
410510079001009,41,1,4,0
410510079001010,37,1,6,4
410510079001011,32,3,2,3
410510079001012,275,11,14,9
410510079001013,507,47,28,20
410510079001014,34,0,1,6
410510079001015,59,2,1,6
410510079001016,58,1,0,0
410510079001017,28,0,5,1
410510079001018,24,4,2,0
410510079001019,61,2,3,3
410510079001020,134,5,11,9
410510079001021,85,2,5,6
410510079001022,214,14,13,2
410510079001023,98,4,10,3
410510079002000,53,15,3,0
410510079002001,103,10,2,0
410510079002002,108,2,9,4
410510079002003,150,6,12,12
410510079002004,61,11,3,4
410510079002005,87,9,4,1
410510079002006,172,11,9,1
410510079002007,76,0,1,0
410510079002008,59,3,3,0
410510079002009,57,5,8,0
410510079002010,54,2,5,0
410510079002011,87,2,4,0
410510079002012,108,5,23,2
410510079002013,246,18,23,7
410510079002014,81,4,3,0
410510079002015,128,2,3,12
410510079002016,218,7,6,17
410510079002017,130,3,3,2
410510079002018,110,4,3,2
410510079002019,102,9,4,3
410510079002020,78,1,0,3
410510079002021,185,3,3,4
410510079002022,129,4,6,13
410510079002023,113,2,14,2
410510080011000,0,0,0,0
410510080011001,0,0,0,0
410510080011002,141,6,2,2
410510080011003,128,5,15,0
410510080011004,0,0,0,0
410510080011005,0,0,0,0
410510080011006,192,6,9,5
410510080011007,0,0,0,0
410510080011008,117,1,0,3
410510080011009,112,1,7,4
410510080011010,273,20,10,8
410510080011011,100,7,9,2
410510080011012,113,6,2,5
410510080011013,94,3,7,6
410510080011014,67,4,6,1
410510080011015,103,7,7,2
410510080011016,69,5,4,0
410510080011017,152,9,4,9
410510080011018,46,3,2,0
410510080011019,121,6,11,10
410510080011020,43,5,1,1
410510080011021,48,0,1,3
410510080012000,52,2,4,2
410510080012001,25,1,3,2
410510080012002,0,0,0,0
410510080012003,70,2,6,1
410510080012004,734,35,39,8
410510080012005,34,3,7,2
410510080012006,51,0,0,3
410510080012007,48,4,2,0
410510080012008,63,6,8,0
410510080012009,35,1,0,2
410510080012010,60,6,6,2
410510080012011,111,6,4,2
410510080012012,14,0,1,1
410510080012013,0,0,0,0
410510080012014,0,0,0,0
410510080012015,0,0,0,0
410510080012016,37,1,0,7
410510080012017,128,5,10,5
410510080012018,74,0,1,0
410510080012019,0,0,0,0
410510080012020,0,0,0,0
410510080012021,0,0,0,0
410510080021000,0,0,0,0
410510080021001,0,0,0,0
410510080021002,70,6,7,3
410510080021003,66,4,5,2
410510080021004,89,6,9,2
410510080021005,94,4,2,6
410510080021006,102,0,10,6
410510080021007,60,8,0,9
410510080021008,72,0,2,3
410510080021009,17,1,0,0
410510080021010,98,5,4,4
410510080021011,85,0,9,4
410510080021012,76,1,2,1
410510080021013,133,0,14,2
410510080021014,105,13,9,1
410510080021015,148,8,4,7
410510080021016,121,10,6,4
410510080021017,21,2,0,0
410510080021018,75,2,9,0
410510080021019,51,0,0,1
410510080022000,18,0,0,1
410510080022001,33,1,1,2
410510080022002,89,5,4,0
410510080022003,148,4,5,9
410510080022004,54,4,6,0
410510080022005,248,15,15,8
410510080022006,115,3,7,4
410510080022007,134,5,3,3
410510080022008,77,5,3,3
410510080022009,65,4,2,2
410510080022010,164,26,13,6
410510080022011,46,0,1,1
410510080022012,96,1,3,5
410510080022013,161,6,8,5
410510080022014,39,3,2,2
410510080022015,0,0,0,0
410510080022016,0,0,0,0
410510081001000,0,0,0,0
410510081001001,0,0,0,0
410510081001002,14,0,0,0
410510081001003,0,0,0,0
410510081001004,0,0,0,0
410510081001005,0,0,0,0
410510081001006,0,0,0,0
410510081001007,0,0,0,0
410510081001008,0,0,0,0
410510081001009,0,0,0,0
410510081001010,0,0,0,0
410510081001011,0,0,0,0
410510081001012,0,0,0,0
410510081001013,21,0,0,0
410510081001014,0,0,0,0
410510081001015,102,5,9,4
410510081001016,45,3,1,2
410510081001017,44,3,1,2
410510081001018,49,5,2,2
410510081001019,0,0,0,0
410510081001020,0,0,0,0
410510081001021,252,8,13,3
410510081001022,329,32,29,15
410510081001023,164,4,6,0
410510081001024,64,1,2,0
410510081001025,60,4,3,4
410510081001026,25,1,0,0
410510081002000,163,8,1,2
410510081002001,105,6,3,5
410510081002002,145,3,21,4
410510081002003,63,3,3,2
410510081002004,263,5,17,5
410510081002005,35,0,0,3
410510081002006,0,0,0,0
410510081002007,0,0,0,0
410510081002008,0,0,0,0
410510081002009,0,0,0,0
410510081002010,142,4,10,3
410510081002011,184,12,4,8
410510081002012,29,1,0,6
410510081002013,146,9,6,4
410510081002014,57,0,3,0
410510081002015,56,3,1,0
410510081002016,71,5,5,1
410510081002017,73,1,6,4
410510081002018,103,3,7,7
410510081002019,56,0,2,1
410510081002020,84,0,0,0
410510081002021,68,1,3,8
410510081002022,163,12,0,2
410510081002023,20,0,3,2
410510081002024,202,19,7,13
410510081003000,62,3,3,6
410510081003001,118,1,6,7
410510081003002,86,6,5,2
410510081003003,33,1,2,1
410510081003004,38,1,0,3
410510081003005,22,1,1,0
410510081003006,68,2,2,2
410510081003007,106,15,7,1
410510081003008,664,27,35,15
410510081003009,144,10,5,5
410510081003010,143,8,1,9
410510081004000,198,2,8,3
410510081004001,128,6,6,1
410510081004002,33,0,2,4
410510081004003,34,4,4,1
410510081004004,32,0,1,4
410510081004005,48,0,2,0
410510081004006,31,3,0,3
410510081004007,0,0,0,0
410510081004008,0,0,0,0
410510081004009,502,11,7,21
410510081004010,27,1,1,0
410510081004011,178,12,16,3
410510081005000,313,8,8,5
410510081005001,132,2,3,2
410510081005002,90,1,2,1
410510081005003,15,1,1,0
410510081005004,0,0,0,0
410510081005005,0,0,0,0
410510081005006,68,4,3,5
410510081005007,0,0,0,0
410510081005008,0,0,0,0
410510081005009,151,14,4,5
410510081006000,140,10,1,1
410510081006001,111,13,5,1
410510081006002,87,2,3,4
410510081006003,61,0,1,0
410510081006004,98,6,6,6
410510081006005,57,2,0,1
410510081006006,116,7,6,3
410510081006007,57,4,4,0
410510081006008,11,0,0,0
410510081006009,39,1,1,2
410510081006010,37,4,4,1
410510081006011,43,8,3,1
410510081006012,72,3,0,8
410510081006013,38,4,1,3
410510081006014,0,0,0,0
410510081006015,0,0,0,0
410510081006016,259,17,21,5
410510082011000,8,0,1,0
410510082011001,7,2,0,0
410510082011002,109,0,0,0
410510082011003,0,0,0,0
410510082011004,38,2,0,0
410510082011005,9,2,1,0
410510082011006,21,3,3,0
410510082011007,37,3,0,0
410510082011008,13,0,0,0
410510082011009,37,1,3,0
410510082011010,0,0,0,0
410510082011011,0,0,0,0
410510082011012,312,12,23,18
410510082011013,0,0,0,0
410510082011014,0,0,0,0
410510082011015,4,0,0,0
410510082011016,0,0,0,0
410510082011017,22,0,0,1
410510082011018,0,0,0,0
410510082011019,0,0,0,0
410510082011020,31,1,2,0
410510082011021,94,0,0,1
410510082011022,258,2,1,2
410510082011023,31,0,0,0
410510082011024,6,0,0,1
410510082011025,0,0,0,0
410510082011026,56,3,5,1
410510082011027,163,5,1,3
410510082011028,35,1,3,0
410510082012000,648,19,33,18
410510082012001,98,5,12,4
410510082012002,28,0,2,0
410510082012003,30,7,0,0
410510082012004,67,6,5,4
410510082012005,75,14,6,0
410510082012006,25,3,2,3
410510082012007,52,3,5,2
410510082012008,89,5,1,0
410510082012009,47,1,5,1
410510082012010,83,3,9,3
410510082012011,0,0,0,0
410510082012012,0,0,0,0
410510082012013,0,0,0,0
410510082012014,0,0,0,0
410510082013000,76,3,2,0
410510082013001,47,2,2,0
410510082013002,19,0,2,1
410510082013003,0,0,0,0
410510082013004,0,0,0,0
410510082013005,0,0,0,0
410510082013006,84,5,5,7
410510082013007,270,18,22,6
410510082013008,126,7,1,1
410510082013009,28,1,2,2
410510082013010,29,4,1,1
410510082013011,25,2,2,5
410510082013012,31,1,0,0
410510082013013,94,6,4,1
410510082013014,43,2,2,2
410510082031000,117,5,3,3
410510082031001,63,7,1,4
410510082031002,66,0,7,0
410510082031003,41,3,7,0
410510082031004,49,5,5,0
410510082031005,212,11,7,13
410510082031006,138,7,5,6
410510082031007,82,5,2,0
410510082031008,88,12,5,3
410510082031009,73,4,3,3
410510082031010,23,0,5,0
410510082031011,35,6,2,2
410510082031012,53,4,1,0
410510082031013,40,5,0,4
410510082031014,49,1,4,4
410510082031015,75,0,1,2
410510082031016,53,3,5,0
410510082031017,59,0,5,7
410510082031018,83,1,10,7
410510082031019,32,1,5,3
410510082031020,72,2,7,4
410510082031021,139,1,4,1
410510082031022,64,1,1,6
410510082031023,149,12,0,0
410510082031024,87,3,7,1
410510082031025,86,1,7,4
410510082031026,87,6,9,3
410510082031027,269,6,11,5
410510082031028,53,1,6,2
410510082031029,47,3,3,1
410510082032000,415,29,21,6
410510082032001,305,4,1,1
410510082032002,196,3,4,0
410510082032003,199,7,4,6
410510082032004,128,3,2,0
410510082032005,0,0,0,0
410510082032006,0,0,0,0
410510082032007,0,0,0,0
410510082032008,0,0,0,0
410510082032009,0,0,0,0
410510082032010,109,8,9,3
410510082032011,0,0,0,0
410510082032012,0,0,0,0
410510082033000,176,17,10,4
410510082033001,53,4,0,2
410510082033002,282,15,15,5
410510082033003,163,3,2,2
410510082033004,0,0,0,0
410510082033005,442,38,27,13
410510082033006,15,1,0,1
410510082033007,52,3,1,1
410510082033008,55,0,1,10
410510082033009,53,1,1,3
410510082033010,44,3,4,1
410510082033011,65,7,5,6
410510082033012,51,3,0,2
410510082033013,62,1,1,4
410510082033014,39,0,1,1
410510082033015,220,6,7,11
410510082041000,0,0,0,0
410510082041001,260,14,13,26
410510082041002,163,4,1,0
410510082041003,92,2,7,1
410510082041004,145,1,10,6
410510082041005,283,14,14,1
410510082041006,52,5,1,1
410510082041007,39,0,1,1
410510082041008,283,9,20,6
410510082041009,53,6,3,5
410510082041010,53,2,3,6
410510082041011,51,7,3,3
410510082041012,142,14,8,9
410510082041013,403,28,35,16
410510082041014,13,1,1,0
410510082041015,60,2,6,2
410510082041016,20,2,1,0
410510082041017,290,33,29,9
410510082041018,45,6,2,0
410510082041019,114,11,6,2
410510082041020,43,1,8,0
410510083011000,0,0,0,0
410510083011001,93,4,2,6
410510083011002,83,12,3,8
410510083011003,47,4,4,0
410510083011004,39,6,1,0
410510083011005,17,0,0,0
410510083011006,300,14,12,7
410510083011007,0,0,0,0
410510083011008,384,0,0,0
410510083011009,0,0,0,0
410510083011010,69,2,0,0
410510083011011,52,1,6,4
410510083011012,119,4,7,5
410510083011013,68,2,1,0
410510083011014,0,0,0,0
410510083011015,162,19,12,0
410510083011016,138,4,10,2
410510083011017,28,0,4,1
410510083011018,12,0,1,3
410510083011019,31,4,1,0
410510083011020,55,2,2,0
410510083011021,47,7,3,1
410510083011022,50,5,2,1
410510083011023,7,2,0,0
410510083011024,0,0,0,0
410510083011025,15,3,2,0
410510083011026,0,0,0,0
410510083012000,404,12,11,5
410510083012001,54,4,8,2
410510083012002,86,5,4,2
410510083012003,138,12,11,0
410510083012004,355,30,20,14
410510083012005,118,8,15,3
410510083012006,99,7,8,1
410510083012007,180,10,13,3
410510083013000,63,1,2,3
410510083013001,41,1,2,5
410510083013002,48,1,3,2
410510083013003,88,2,11,5
410510083013004,343,32,30,13
410510083013005,138,7,6,2
410510083013006,114,1,3,1
410510083013007,151,3,17,15
410510083013008,46,0,1,2
410510083013009,117,7,11,2
410510083021000,107,5,10,1
410510083021001,150,6,15,5
410510083021002,109,9,8,3
410510083021003,46,2,2,8
410510083021004,44,5,0,2
410510083021005,456,24,31,19
410510083021006,87,4,11,2
410510083021007,158,6,2,0
410510083021008,54,4,7,0
410510083021009,149,8,9,8
410510083021010,0,0,0,0
410510083021011,72,9,8,2
410510083021012,206,8,21,10
410510083021013,98,0,0,4
410510083021014,79,3,12,1
410510083021015,69,7,2,0
410510083021016,185,15,13,11
410510083021017,42,3,1,1
410510083022000,457,40,59,10
410510083022001,81,10,3,1
410510083022002,115,3,7,3
410510083022003,52,1,2,1
410510083022004,49,2,7,5
410510083022005,40,3,2,7
410510083022006,0,0,0,0
410510083022007,0,0,0,0
410510083022008,104,9,11,7
410510083022009,56,2,4,7
410510083022010,19,2,2,1
410510083022011,11,1,0,0
410510083022012,127,3,7,4
410510083022013,11,0,0,0
410510083022014,55,1,3,2
410510083022015,132,0,2,1
410510083022016,37,4,1,2
410510083022017,19,1,1,1
410510083022018,53,2,2,0
410510083022019,43,0,0,1
410510083022020,224,18,21,1
410510083022021,15,2,1,0
410510083022022,126,0,9,2
410510083022023,60,5,0,2
410510083022024,67,8,1,2
410510083022025,70,0,0,2
410510083022026,45,4,2,5
410510083022027,28,0,1,1
410510083022028,81,2,8,5
410510083022029,42,2,1,4
410510083022030,291,17,19,7
410510084001000,28,4,2,3
410510084001001,299,8,17,19
410510084001002,316,8,15,7
410510084001003,257,24,21,9
410510084001004,113,4,13,2
410510084001005,256,20,16,11
410510084001006,151,4,11,2
410510084001007,71,6,5,3
410510084001008,259,20,9,9
410510084001009,41,5,1,2
410510084001010,41,0,4,4
410510084001011,99,4,18,2
410510084001012,14,0,2,0
410510084001013,19,0,0,1
410510084002000,77,9,5,3
410510084002001,126,7,11,11
410510084002002,54,1,4,5
410510084002003,72,7,6,1
410510084002004,106,5,6,4
410510084002005,91,6,9,1
410510084002006,87,5,3,1
410510084002007,49,3,1,0
410510084002008,41,0,3,0
410510084002009,58,1,7,2
410510084002010,48,0,3,5
410510084003000,166,9,20,9
410510084003001,230,23,14,7
410510084003002,48,3,3,0
410510084003003,596,39,33,30
410510084003004,207,21,16,7
410510084003005,617,36,46,27
410510084003006,217,17,19,8
410510085001000,136,11,4,0
410510085001001,72,2,4,5
410510085001002,0,0,0,0
410510085001003,107,9,12,8
410510085001004,52,3,1,0
410510085001005,121,8,15,5
410510085001006,221,6,10,5
410510085001007,61,3,6,5
410510085001008,45,2,2,2
410510085001009,264,14,13,9
410510085001010,84,2,6,6
410510085001011,143,10,10,12
410510085001012,37,3,1,1
410510085001013,29,3,1,0
410510085001014,144,7,13,1
410510085001015,63,4,2,1
410510085001016,49,2,4,4
410510085001017,32,1,1,1
410510085001018,69,5,1,1
410510085001019,25,0,4,0
410510085001020,36,7,0,3
410510085001021,28,3,3,1
410510085002000,152,2,10,2
410510085002001,392,27,44,4
410510085002002,132,8,8,2
410510085002003,168,7,13,6
410510085002004,75,1,3,4
410510085002005,379,19,25,19
410510085002006,242,12,18,3
410510085002007,54,3,1,5
410510085002008,78,1,5,4
410510085002009,81,2,2,3
410510085002010,186,19,12,2
410510085003000,147,4,6,5
410510085003001,132,14,8,4
410510085003002,65,4,2,0
410510085003003,428,24,18,21
410510085003004,41,3,4,0
410510085003005,22,2,4,0
410510085003006,37,0,5,5
410510086001000,46,3,3,1
410510086001001,230,7,16,7
410510086001002,0,0,0,0
410510086001003,38,2,0,2
410510086001004,52,1,0,6
410510086001005,49,1,3,0
410510086001006,44,0,0,0
410510086001007,46,1,0,1
410510086001008,344,34,21,6
410510086001009,56,1,4,4
410510086001010,133,7,6,2
410510086001011,48,1,1,1
410510086001012,36,0,0,3
410510086001013,114,5,18,0
410510086001014,51,4,3,0
410510086001015,75,5,3,0
410510086001016,48,1,3,2
410510086001017,61,6,5,2
410510086001018,82,4,4,7
410510086001019,131,7,6,7
410510086001020,51,1,2,7
410510086001021,106,6,5,4
410510086001022,103,5,9,8
410510086001023,10,0,0,1
410510086001024,28,2,1,0
410510086001025,0,0,0,0
410510086002000,162,16,12,13
410510086002001,74,0,6,2
410510086002002,253,20,9,4
410510086002003,218,9,12,6
410510086002004,54,0,3,2
410510086002005,37,0,2,0
410510086002006,47,2,3,1
410510086002007,278,10,18,3
410510086002008,73,4,0,0
410510086002009,286,20,29,23
410510086002010,111,7,3,0
410510086002011,56,0,0,6
410510086002012,69,0,3,0
410510086002013,75,8,11,2
410510086002014,66,2,3,5
410510086002015,59,7,2,0
410510086002016,12,0,1,1
410510086002017,14,0,1,0
410510086002018,15,0,2,0
410510086002019,82,2,2,8
410510086002020,72,0,6,0
410510086002021,117,10,13,0
410510086002022,13,3,1,1
410510086002023,0,0,0,0
410510086002024,35,1,1,2
410510086002025,9,1,2,1
410510086002026,24,1,0,0
410510086002027,35,2,0,1
410510086002028,18,0,1,2
410510086002029,11,2,3,1
410510087001000,65,2,2,0
410510087001001,61,7,5,0
410510087001002,49,2,0,1
410510087001003,86,5,1,3
410510087001004,80,2,3,3
410510087001005,70,3,1,1
410510087001006,55,3,4,5
410510087001007,84,4,3,1
410510087001008,72,2,5,4
410510087001009,81,5,2,3
410510087001010,78,4,7,1
410510087001011,65,1,5,3
410510087001012,84,3,3,2
410510087001013,78,9,4,2
410510087001014,64,4,7,0
410510087001015,74,0,0,10
410510087001016,52,5,1,1
410510087001017,58,3,5,1
410510087001018,66,7,6,0
410510087001019,66,2,3,0
410510087001020,64,3,0,1
410510087001021,69,0,0,3
410510087001022,71,1,2,1
410510087001023,65,0,5,0
410510087001024,58,1,2,6
410510087001025,74,1,3,2
410510087001026,67,4,1,8
410510087002000,79,1,0,0
410510087002001,125,17,8,4
410510087002002,128,2,4,4
410510087002003,87,6,5,2
410510087002004,49,2,1,0
410510087002005,106,5,9,3
410510087002006,68,6,4,2
410510087002007,46,4,3,0
410510087002008,57,4,6,3
410510087002009,66,0,1,2
410510087002010,85,3,6,6
410510087002011,38,2,1,0
410510087002012,55,1,4,0
410510087002013,67,9,7,0
410510087002014,71,4,6,2
410510087002015,48,9,1,0
410510087002016,57,2,1,3
410510087002017,70,7,6,5
410510087002018,51,1,2,0
410510087002019,29,1,0,0
410510087002020,76,6,3,6
410510087002021,48,1,5,0
410510087002022,47,1,2,2
410510087002023,54,2,1,0
410510087002024,51,3,1,2
410510087003000,155,0,8,0
410510087003001,68,10,3,1
410510087003002,78,5,2,2
410510087003003,124,10,12,1
410510087003004,37,1,2,0
410510087003005,105,4,8,2
410510087003006,71,13,3,2
410510087003007,53,4,1,6
410510087003008,52,7,11,5
410510087003009,102,6,7,11
410510087003010,38,1,1,3
410510087003011,51,5,1,1
410510087003012,46,3,2,0
410510087003013,41,1,2,2
410510087003014,47,1,9,0
410510087003015,61,6,6,0
410510087003016,44,3,1,0
410510087003017,49,0,4,1
410510087003018,28,2,0,4
410510087003019,38,0,2,0
410510087003020,41,1,4,3
410510087003021,46,1,8,3
410510087003022,27,0,0,3
410510088001000,361,18,26,6
410510088001001,124,2,7,2
410510088001002,47,3,2,0
410510088001003,43,2,4,1
410510088001004,105,4,9,0
410510088001005,27,1,2,2
410510088001006,48,0,0,1
410510088001007,37,2,2,1
410510088001008,34,0,3,0
410510088001009,34,2,1,3
410510088001010,21,0,0,0
410510088001011,34,3,7,2
410510088001012,68,4,0,1
410510088001013,12,0,0,0
410510088001014,30,1,0,1
410510088001015,25,0,2,4
410510088001016,37,2,1,4
410510088001017,32,2,2,0
410510088001018,34,2,3,1
410510088001019,21,1,3,0
410510088001020,92,3,5,7
410510088001021,35,0,0,1
410510088002000,39,0,0,0
410510088002001,185,6,5,6
410510088002002,64,4,4,0
410510088002003,60,2,1,4
410510088002004,46,3,0,0
410510088002005,65,0,3,0
410510088002006,73,2,5,0
410510088002007,61,1,7,0
410510088002008,59,4,5,1
410510088002009,54,1,1,0
410510088002010,71,1,4,0
410510088002011,80,3,6,4
410510088002012,42,0,5,0
410510088002013,71,7,2,0
410510088002014,24,2,1,0
410510088002015,47,3,1,7
410510088002016,41,0,0,4
410510088002017,105,6,3,6
410510088002018,20,4,5,0
410510088002019,95,3,4,1
410510088002020,34,2,1,1
410510088002021,61,4,6,1
410510088002022,50,2,1,0
410510088002023,31,2,0,0
410510088003000,74,3,11,0
410510088003001,50,0,0,0
410510088003002,60,6,2,1
410510088003003,59,5,1,8
410510088003004,64,3,1,2
410510088003005,32,1,0,2
410510088003006,154,8,4,1
410510088003007,73,2,3,0
410510088003008,30,1,0,3
410510088003009,20,3,1,0
410510088003010,148,9,9,8
410510088003011,15,2,3,4
410510088003012,10,0,0,3
410510088003013,122,12,13,0
410510088003014,131,6,4,6
410510088003015,27,0,0,2
410510088003016,21,1,1,0
410510088003017,38,1,1,1
410510088003018,64,10,1,1
410510088003019,33,1,3,1
410510088003020,25,2,4,0
410510088003021,30,2,3,0
410510088003022,43,3,8,2
410510088003023,33,1,2,0
410510088003024,19,0,2,1
410510088003025,0,0,0,0
410510088003026,50,0,0,1
410510089021000,13,2,0,0
410510089021001,213,13,17,9
410510089021002,0,0,0,0
410510089021003,0,0,0,0
410510089021004,0,0,0,0
410510089021005,0,0,0,0
410510089021006,637,46,45,27
410510089021007,46,0,3,1
410510089021008,106,6,10,1
410510089021009,0,0,0,0
410510089021010,41,3,8,2
410510089021011,45,1,3,2
410510089021012,134,9,6,3
410510089021013,59,3,6,3
410510089022000,0,0,0,0
410510089022001,7,1,1,0
410510089022002,25,2,7,3
410510089022003,439,19,11,13
410510089022004,96,2,3,4
410510089022005,64,1,1,1
410510089022006,43,2,0,0
410510089022007,48,0,1,0
410510089022008,53,3,5,0
410510089022009,0,0,0,0
410510089022010,38,3,3,7
410510089022011,0,0,0,0
410510089022012,0,0,0,0
410510089022013,150,8,5,5
410510089022014,73,0,9,2
410510089022015,183,3,12,4
410510089022016,37,3,4,0
410510089023000,0,0,0,0
410510089023001,0,0,0,0
410510089023002,0,0,0,0
410510089023003,19,2,4,0
410510089023004,0,0,0,0
410510089023005,8,0,0,0
410510089023006,0,0,0,0
410510089023007,0,0,0,0
410510089023008,1,0,0,0
410510089023009,8,0,0,0
410510089023010,0,0,0,0
410510089023011,11,0,0,0
410510089023012,0,0,0,0
410510089023013,9,3,1,1
410510089023014,160,14,12,7
410510089023015,26,0,3,0
410510089023016,42,0,4,1
410510089023017,0,0,0,0
410510089023018,171,5,4,13
410510089023019,99,4,9,0
410510089023020,37,0,2,1
410510089023021,313,21,24,5
410510089023022,11,0,0,0
410510089023023,59,5,2,6
410510089023024,253,8,15,18
410510089023025,4,1,1,0
410510089023026,58,3,0,0
410510089023027,50,1,4,0
410510089023028,15,0,1,0
410510089023029,50,2,1,4
410510089023030,49,4,3,3
410510089023031,91,8,7,5
410510089023032,72,0,1,1
410510089031000,33,1,0,1
410510089031001,0,0,0,0
410510089031002,0,0,0,0
410510089031003,15,2,3,2
410510089031004,0,0,0,0
410510089031005,0,0,0,0
410510089031006,15,1,0,2
410510089031007,0,0,0,0
410510089031008,21,2,1,0
410510089031009,0,0,0,0
410510089031010,12,1,1,2
410510089031011,278,14,24,8
410510089031012,75,8,4,5
410510089031013,42,0,2,6
410510089031014,36,4,0,0
410510089031015,37,0,3,0
410510089031016,28,5,0,0
410510089031017,41,1,0,7
410510089031018,11,0,2,2
410510089031019,75,19,5,2
410510089031020,12,0,0,0
410510089031021,22,0,0,0
410510089031022,20,4,1,0
410510089031023,49,8,7,2
410510089031024,17,1,2,1
410510089031025,22,0,0,3
410510089031026,14,3,1,1
410510089031027,3,0,0,0
410510089031028,28,2,1,0
410510089031029,19,0,1,0
410510089031030,205,8,10,11
410510089031031,23,4,0,9
410510089031032,270,12,22,24
410510089031033,75,3,3,2
410510089031034,25,2,0,0
410510089031035,269,28,17,14
410510089031036,46,3,18,3
410510089031037,35,5,4,1
410510089031038,34,2,5,1
410510089031039,78,1,2,13
410510089031040,32,5,3,2
410510089031041,41,3,5,0
410510089031042,42,2,1,1
410510089031043,0,0,0,0
410510089031044,16,0,0,1
410510089031045,2,0,0,0
410510089031046,38,2,6,1
410510089031047,69,5,3,4
410510089031048,86,8,9,9
410510089032000,226,17,18,1
410510089032001,420,33,27,15
410510089032002,78,5,3,2
410510089032003,57,1,1,2
410510089032004,314,14,26,6
410510089032005,113,8,12,0
410510089032006,24,1,0,3
410510089032007,74,4,3,6
410510089032008,53,5,4,4
410510089033000,333,21,11,4
410510089033001,54,0,1,0
410510089033002,143,4,11,7
410510089033003,121,8,11,0
410510089033004,74,6,2,0
410510089033005,34,2,0,0
410510089033006,8,0,0,0
410510089033007,45,3,4,3
410510089033008,6,0,0,0
410510089033009,96,4,15,2
410510089033010,21,1,0,3
410510089033011,84,10,1,0
410510089033012,134,6,6,11
410510089033013,114,12,4,1
410510089033014,29,0,0,2
410510089033015,24,0,5,5
410510089033016,34,1,1,0
410510089041000,232,23,24,5
410510089041001,112,7,13,11
410510089041002,479,35,32,24
410510089041003,85,17,10,8
410510089041004,984,72,72,40
410510089042000,101,3,3,6
410510089042001,68,5,4,2
410510089042002,0,0,0,0
410510089042003,184,10,8,4
410510089042004,178,6,2,4
410510089042005,36,1,0,2
410510089042006,287,13,7,13
410510089042007,167,7,5,5
410510089042008,157,8,14,10
410510089042009,313,8,21,6
410510089042010,126,1,14,1
410510089042011,65,4,2,4
410510089042012,47,3,0,0
410510089043000,90,3,3,11
410510089043001,443,60,48,17
410510089043002,312,24,15,14
410510089043003,0,0,0,0
410510089043004,243,7,18,7
410510089043005,49,0,6,6
410510089043006,159,4,12,1
410510089043007,54,3,5,2
410510089043008,35,1,5,0
410510090011000,452,46,38,14
410510090011001,96,6,7,4
410510090011002,57,6,8,3
410510090011003,97,7,10,7
410510090011004,368,24,14,11
410510090011005,118,11,5,4
410510090011006,65,2,0,4
410510090012000,421,22,36,13
410510090012001,387,38,26,5
410510090012002,602,32,47,21
410510090013000,70,5,11,3
410510090013001,1132,62,85,52
410510090013002,51,0,8,1
410510090013003,270,8,11,9
410510090014000,425,50,57,27
410510090014001,250,13,15,16
410510090014002,184,12,20,6
410510090014003,195,9,23,8
410510090014004,134,16,3,7
410510090014005,89,4,5,8
410510090014006,61,2,3,3
410510090014007,118,1,7,5
410510090021000,862,58,66,41
410510090021001,95,4,2,7
410510090021002,95,19,8,3
410510090021003,338,22,35,18
410510090021004,264,25,31,6
410510090022000,629,40,49,41
410510090022001,1399,105,120,45
410510090023000,276,8,17,5
410510090023001,350,23,15,27
410510090023002,131,13,10,6
410510090023003,621,35,32,21
410510090023004,26,5,3,3
410510090023005,35,3,6,2
410510091011000,0,0,0,0
410510091011001,268,27,17,8
410510091011002,327,47,45,17
410510091011003,198,12,15,2
410510091011004,36,0,2,0
410510091011005,27,3,2,1
410510091011006,49,4,4,4
410510091011007,14,3,1,3
410510091011008,69,10,9,2
410510091011009,37,4,1,1
410510091011010,29,5,0,0
410510091011011,306,17,19,21
410510091011012,15,6,2,0
410510091011013,746,50,59,33
410510091011014,138,10,13,0
410510091011015,86,3,1,1
410510091011016,135,11,12,14
410510091011017,77,16,11,1
410510091012000,215,14,16,16
410510091012001,452,61,21,22
410510091012002,69,4,5,12
410510091012003,140,2,6,6
410510091012004,52,7,8,1
410510091012005,112,11,8,1
410510091012006,212,16,14,7
410510091012007,110,8,4,7
410510091012008,49,2,2,1
410510091012009,209,16,10,8
410510091013000,74,8,5,4
410510091013001,340,10,25,1
410510091013002,160,9,6,9
410510091013003,70,1,4,0
410510091013004,302,20,23,8
410510091013005,157,10,3,6
410510091013006,201,19,7,5
410510091013007,78,7,0,2
410510091013008,78,3,3,1
410510091013009,275,19,34,4
410510091013010,65,10,0,2
410510091021000,129,6,5,8
410510091021001,231,26,21,5
410510091021002,102,9,9,2
410510091021003,73,5,7,0
410510091021004,271,20,20,19
410510091021005,183,8,15,6
410510091021006,177,23,8,11
410510091021007,92,2,7,2
410510091021008,90,3,3,2
410510091022000,166,9,4,13
410510091022001,142,2,6,9
410510091022002,39,1,4,1
410510091022003,108,18,7,6
410510091022004,124,6,8,7
410510091022005,53,5,4,2
410510091022006,143,9,16,1
410510091022007,470,22,38,19
410510091022008,114,8,7,1
410510091022009,0,0,0,0
410510091022010,168,11,14,2
410510091022011,68,2,8,2
410510091022012,57,3,1,1
410510091022013,124,13,9,7
410510091023000,458,40,38,18
410510091023001,443,37,26,18
410510091023002,65,4,8,4
410510091023003,10,0,0,0
410510091023004,0,0,0,0
410510091023005,20,1,2,0
410510091023006,0,0,0,0
410510091023007,4,1,0,0
410510091023008,0,0,0,0
410510091023009,0,0,0,0
410510091023010,0,0,0,0
410510091024000,75,6,5,1
410510091024001,927,74,32,49
410510091024002,57,5,0,0
410510091024003,46,1,4,0
410510091024004,31,5,4,1
410510091024005,13,0,2,0
410510091024006,64,6,10,6
410510091024007,15,0,0,1
410510091024008,33,0,3,3
410510091024009,43,3,2,2
410510091024010,47,1,10,1
410510091024011,0,0,0,0
410510091024012,41,2,2,3
410510091024013,135,12,10,1
410510091024014,107,0,8,8
410510091024015,93,6,2,7
410510091024016,450,48,36,8
410510091024017,133,5,10,10
410510091024018,44,4,0,3
410510091024019,48,0,2,0
410510091024020,7,1,1,1
410510091024021,52,5,7,4
410510091024022,277,9,20,8
410510091024023,73,8,5,1
410510091024024,68,1,2,0
410510092021000,0,0,0,0
410510092021001,0,0,0,0
410510092021002,203,31,23,6
410510092021003,519,31,47,16
410510092021004,279,12,23,13
410510092021005,406,23,22,17
410510092021006,62,4,7,8
410510092021007,79,10,11,1
410510092021008,87,6,5,3
410510092021009,281,19,25,8
410510092021010,188,5,13,6
410510092021011,110,7,5,3
410510092021012,106,9,6,2
410510092021013,116,10,2,5
410510092021014,183,11,12,9
410510092021015,58,3,9,0
410510092021016,43,4,1,0
410510092021017,55,1,3,2
410510092021018,33,0,2,3
410510092021019,64,9,9,6
410510092021020,12,1,0,0
410510092022000,205,11,9,6
410510092022001,31,7,2,0
410510092022002,35,2,1,3
410510092022003,64,10,7,1
410510092022004,130,16,3,5
410510092022005,214,12,8,8
410510092022006,76,6,7,6
410510092022007,233,12,11,15
410510092022008,64,1,1,2
410510092022009,48,3,2,2
410510092022010,62,4,2,3
410510092023000,43,3,1,8
410510092023001,48,2,4,5
410510092023002,27,3,4,3
410510092023003,52,1,3,2
410510092023004,42,0,1,0
410510092023005,99,4,5,1
410510092023006,409,52,18,26
410510092023007,46,2,3,7
410510092023008,56,3,4,5
410510092023009,56,2,0,0
410510092023010,25,3,1,0
410510092023011,61,0,3,2
410510092023012,14,0,4,0
410510092023013,30,0,1,1
410510092023014,37,2,2,4
410510092023015,97,4,6,0
410510092023016,46,1,2,5
410510092023017,59,1,4,2
410510092023018,166,15,10,11
410510092031000,0,0,0,0
410510092031001,255,21,22,3
410510092031002,318,38,19,3
410510092031003,67,6,1,0
410510092031004,106,6,7,1
410510092031005,138,5,9,10
410510092031006,291,12,19,13
410510092031007,90,6,3,1
410510092031008,71,9,6,1
410510092031009,73,4,9,0
410510092031010,75,11,4,1
410510092031011,49,2,9,0
410510092031012,124,4,2,2
410510092031013,205,5,16,16
410510092031014,101,2,7,6
410510092031015,69,4,2,5
410510092032000,0,0,0,0
410510092032001,0,0,0,0
410510092032002,169,9,11,7
410510092032003,41,1,1,4
410510092032004,65,13,4,7
410510092032005,51,6,6,4
410510092032006,47,8,5,0
410510092032007,131,3,7,2
410510092032008,520,26,39,20
410510092032009,38,6,0,1
410510092032010,52,1,6,1
410510092032011,415,39,28,22
410510092032012,330,16,31,5
410510092032013,153,10,14,5
410510092041000,706,68,50,27
410510092041001,44,7,2,3
410510092041002,250,21,14,9
410510092041003,70,5,4,1
410510092041004,49,0,2,3
410510092041005,533,40,63,42
410510092041006,202,15,10,8
410510092042000,418,14,15,21
410510092042001,133,7,11,5
410510092042002,347,40,27,15
410510092042003,123,8,11,4
410510092042004,104,4,2,9
410510092043000,0,0,0,0
410510092043001,181,6,6,4
410510092043002,17,0,1,0
410510092043003,403,23,28,9
410510092043004,347,24,23,21
410510092043005,191,3,17,7
410510092043006,112,10,4,1
410510092043007,137,3,19,7
410510092043008,396,16,18,11
410510093011000,0,0,0,0
410510093011001,202,6,6,6
410510093011002,22,1,2,0
410510093011003,32,3,2,0
410510093011004,26,1,2,2
410510093011005,25,1,2,0
410510093011006,23,0,3,2
410510093011007,147,15,10,2
410510093011008,371,18,25,4
410510093011009,120,4,7,11
410510093011010,37,5,6,2
410510093011011,47,7,5,2
410510093011012,56,4,3,1
410510093011013,188,5,9,9
410510093011014,18,2,0,1
410510093011015,141,9,11,3
410510093011016,200,17,15,7
410510093011017,17,1,4,0
410510093011018,46,1,3,0
410510093011019,79,7,4,9
410510093011020,75,1,8,1
410510093011021,49,3,2,2
410510093011022,156,6,13,4
410510093012000,263,12,17,4
410510093012001,152,5,5,0
410510093012002,146,5,8,4
410510093012003,128,3,6,2
410510093012004,193,14,16,2
410510093012005,179,10,8,11
410510093012006,38,1,6,0
410510093012007,22,1,1,1
410510093012008,65,6,6,1
410510093012009,21,0,1,0
410510093012010,107,5,10,7
410510093012011,216,12,10,8
410510093012012,159,12,1,0
410510093012013,71,6,3,3
410510093013000,0,0,0,0
410510093013001,30,5,1,1
410510093013002,96,7,14,4
410510093013003,92,4,3,4
410510093013004,188,11,18,11
410510093013005,505,45,45,12
410510093013006,186,7,6,4
410510093013007,58,7,1,5
410510093013008,691,80,55,29
410510093013009,391,18,29,15
410510093013010,211,19,14,4
410510093021000,98,4,4,2
410510093021001,143,9,6,0
410510093021002,49,2,4,1
410510093021003,128,4,5,2
410510093021004,124,6,6,4
410510093021005,43,6,2,0
410510093021006,51,5,3,3
410510093021007,44,3,0,4
410510093021008,88,4,0,6
410510093021009,67,3,6,3
410510093021010,135,9,4,10
410510093021011,50,0,2,0
410510093021012,65,2,0,2
410510093021013,24,0,0,0
410510093021014,222,6,9,11
410510093021015,38,4,2,2
410510093021016,39,3,0,0
410510093022000,120,0,5,5
410510093022001,40,8,0,0
410510093022002,54,0,5,2
410510093022003,48,0,2,1
410510093022004,128,5,4,5
410510093022005,57,3,1,3
410510093022006,83,6,2,6
410510093022007,130,5,5,12
410510093022008,91,5,4,2
410510093022009,77,4,5,2
410510093022010,332,22,15,11
410510093022011,65,5,3,1
410510093022012,0,0,0,0
410510093022013,41,5,3,0
410510093022014,188,15,11,9
410510093022015,46,1,7,1
410510093022016,332,19,19,8
410510093022017,53,4,8,1
410510093022018,158,4,4,1
410510093022019,84,2,3,0
410510093022020,38,3,4,1
410510093022021,139,10,20,6
410510093023000,0,0,0,0
410510093023001,337,18,26,8
410510093023002,146,11,7,14
410510093023003,385,28,18,1
410510093023004,87,8,7,2
410510093023005,76,8,1,3
410510094001000,0,0,0,0
410510094001001,0,0,0,0
410510094001002,205,3,1,5
410510094001003,94,1,0,3
410510094001004,71,2,2,0
410510094001005,81,5,7,4
410510094001006,124,0,0,1
410510094001007,18,1,0,0
410510094001008,28,0,2,0
410510094001009,36,4,5,2
410510094001010,42,0,1,0
410510094001011,224,1,1,0
410510094001012,45,0,2,0
410510094001013,14,0,0,1
410510094001014,115,4,0,0
410510094001015,109,5,4,7
410510094001016,20,0,1,0
410510094001017,88,0,1,2
410510094001018,22,1,1,0
410510094001019,32,0,1,2
410510094002000,129,16,6,0
410510094002001,36,5,2,1
410510094002002,61,1,1,0
410510094002003,52,1,1,0
410510094002004,68,1,5,1
410510094002005,194,13,3,3
410510094002006,67,5,1,0
410510094002007,126,4,7,7
410510094002008,17,3,1,0
410510094002009,18,0,0,0
410510094002010,69,2,1,0
410510094002011,41,0,0,4
410510094002012,50,4,0,0
410510094002013,32,1,2,0
410510094002014,17,0,0,1
410510094002015,45,0,0,0
410510094002016,49,0,8,1
410510094002017,34,4,1,0
410510094002018,81,6,5,2
410510094002019,77,0,5,0
410510094003000,60,1,1,0
410510094003001,71,1,4,4
410510094003002,48,1,0,1
410510094003003,33,0,6,2
410510094003004,34,0,0,0
410510094003005,44,2,1,2
410510094003006,40,0,3,1
410510094003007,110,9,3,2
410510094003008,77,4,7,5
410510094003009,32,2,0,5
410510094003010,42,0,0,1
410510094003011,39,6,5,1
410510094003012,65,6,4,0
410510094003013,55,5,3,0
410510094003014,52,0,0,0
410510094003015,62,1,1,0
410510094003016,27,4,1,3
410510094003017,25,1,1,2
410510094003018,61,2,3,0
410510094003019,93,9,4,3
410510094003020,174,12,16,9
410510094003021,50,3,2,1
410510094003022,36,1,2,0
410510094003023,54,2,5,6
410510094003024,15,0,0,0
410510094003025,33,2,3,0
410510094004000,0,0,0,0
410510094004001,0,0,0,0
410510094004002,0,0,0,0
410510094004003,296,12,12,6
410510094004004,127,13,19,1
410510094004005,14,2,1,0
410510094004006,32,0,0,0
410510094004007,66,2,6,1
410510094004008,66,2,3,0
410510094004009,46,6,1,2
410510094004010,28,2,1,0
410510094004011,70,6,1,5
410510094004012,108,4,6,0
410510094004013,44,1,3,0
410510094004014,0,0,0,0
410510094004015,29,0,1,0
410510094004016,87,2,2,1
410510094004017,87,0,5,2
410510094004018,57,2,3,3
410510094004019,33,0,4,3
410510094004020,72,1,2,2
410510094004021,116,8,9,2
410510094004022,51,2,5,1
410510094004023,103,0,11,2
410510094005000,540,42,21,25
410510094005001,39,1,1,3
410510094005002,577,16,20,10
410510094005003,52,4,4,1
410510094005004,15,1,1,0
410510094005005,42,5,2,2
410510094005006,49,5,3,2
410510094005007,61,2,6,2
410510094005008,0,0,0,0
410510095011000,0,0,0,0
410510095011001,0,0,0,0
410510095011002,0,0,0,0
410510095011003,190,3,20,0
410510095011004,583,32,15,0
410510095011005,22,0,0,2
410510095011006,92,1,4,1
410510095011007,44,2,6,1
410510095011008,37,3,2,1
410510095011009,32,3,3,1
410510095011010,65,0,5,4
410510095011011,34,1,1,3
410510095011012,61,3,2,6
410510095011013,38,0,2,3
410510095011014,161,4,15,3
410510095011015,18,1,3,0
410510095011016,22,1,1,5
410510095011017,78,2,8,6
410510095011018,23,1,3,0
410510095011019,29,0,2,4
410510095011020,46,4,2,0
410510095011021,72,2,0,3
410510095011022,194,11,11,4
410510095011023,52,5,6,0
410510095012000,723,54,45,27
410510095012001,78,4,8,1
410510095012002,81,4,5,8
410510095012003,96,5,1,6
410510095012004,35,1,5,0
410510095012005,53,0,7,2
410510095012006,74,1,6,1
410510095012007,260,8,14,12
410510095012008,51,8,6,0
410510095012009,49,9,3,1
410510095012010,152,7,7,7
410510095012011,82,3,1,3
410510095012012,46,7,8,0
410510095012013,159,5,1,9
410510095012014,49,11,6,0
410510095013000,187,26,8,12
410510095013001,156,1,8,3
410510095013002,140,5,8,5
410510095013003,59,4,1,2
410510095013004,19,2,2,1
410510095013005,53,2,6,0
410510095013006,76,6,0,4
410510095013007,75,2,18,0
410510095013008,222,6,4,2
410510095013009,38,1,1,0
410510095013010,30,0,1,2
410510095013011,126,6,4,4
410510095013012,34,2,1,0
410510095013013,0,0,0,0
410510095013014,41,1,0,0
410510095021000,39,0,1,0
410510095021001,47,1,0,0
410510095021002,245,11,15,13
410510095021003,65,1,2,1
410510095021004,33,0,4,0
410510095021005,59,2,0,3
410510095021006,62,2,2,3
410510095021007,63,3,2,6
410510095021008,80,1,7,2
410510095021009,77,5,6,2
410510095021010,45,0,4,0
410510095021011,44,5,3,0
410510095021012,81,1,1,1
410510095021013,106,4,3,7
410510095021014,23,4,5,1
410510095022000,56,0,1,2
410510095022001,70,3,3,1
410510095022002,59,3,3,1
410510095022003,57,2,5,0
410510095022004,40,0,5,1
410510095022005,29,0,1,4
410510095022006,47,3,0,0
410510095022007,48,0,0,4
410510095022008,45,3,0,5
410510095022009,53,4,8,2
410510095022010,50,4,1,2
410510095022011,59,3,9,0
410510095022012,71,4,1,10
410510095022013,86,1,4,6
410510095022014,48,1,5,2
410510095022015,85,0,6,3
410510095022016,86,0,2,2
410510095023000,25,3,2,1
410510095023001,0,0,0,0
410510095023002,0,0,0,0
410510095023003,0,0,0,0
410510095023004,454,15,5,15
410510095023005,27,4,1,2
410510095023006,279,24,26,12
410510095023007,339,21,14,9
410510095023008,191,4,5,2
410510095023009,103,3,8,1
410510095023010,87,4,8,5
410510095023011,52,2,1,0
410510095023012,56,0,2,0
410510095023013,40,2,1,1
410510095023014,29,0,3,1
410510095023015,243,29,32,4
410510095023016,260,23,24,11
410510095023017,28,3,4,0
410510096031000,0,0,0,0
410510096031001,0,0,0,0
410510096031002,8,0,3,0
410510096031003,53,6,1,0
410510096031004,198,20,15,8
410510096031005,85,9,2,7
410510096031006,61,5,1,2
410510096031007,68,3,5,0
410510096031008,96,2,4,2
410510096031009,78,6,1,3
410510096031010,45,3,3,3
410510096031011,70,12,11,1
410510096031012,118,8,7,6
410510096031013,117,4,3,11
410510096031014,200,15,10,17
410510096031015,54,3,4,4
410510096031016,107,7,9,2
410510096031017,57,5,2,0
410510096031018,147,5,13,0
410510096031019,36,1,3,1
410510096031020,20,0,1,0
410510096031021,40,0,0,0
410510096031022,92,7,3,14
410510096031023,133,7,4,6
410510096032000,193,16,21,4
410510096032001,93,3,10,7
410510096032002,144,19,4,6
410510096032003,43,5,2,2
410510096032004,38,2,1,0
410510096032005,153,9,14,8
410510096032006,36,1,0,2
410510096032007,266,14,23,5
410510096032008,164,10,11,8
410510096032009,45,1,2,1
410510096032010,53,2,1,2
410510096032011,64,7,3,0
410510096032012,59,4,4,0
410510096032013,36,2,3,3
410510096032014,62,10,3,0
410510096032015,411,22,22,12
410510096041000,0,0,0,0
410510096041001,0,0,0,0
410510096041002,0,0,0,0
410510096041003,0,0,0,0
410510096041004,0,0,0,0
410510096041005,0,0,0,0
410510096041006,0,0,0,0
410510096041007,64,0,3,0
410510096041008,253,12,17,10
410510096041009,163,6,9,5
410510096041010,418,58,13,2
410510096041011,0,0,0,0
410510096041012,137,7,12,0
410510096041013,27,2,5,0
410510096041014,569,28,28,29
410510096041015,65,2,1,1
410510096041016,51,2,5,1
410510096041017,93,4,2,2
410510096041018,60,8,2,1
410510096041019,62,0,4,4
410510096041020,100,6,3,5
410510096041021,104,2,5,12
410510096041022,52,5,5,3
410510096041023,67,7,2,0
410510096042000,77,10,6,3
410510096042001,72,5,8,0
410510096042002,56,0,11,0
410510096042003,115,8,7,9
410510096042004,49,3,2,0
410510096042005,71,19,7,0
410510096042006,35,1,2,0
410510096042007,505,21,46,43
410510096042008,434,60,51,16
410510096042009,48,4,3,6
410510096042010,79,9,10,2
410510096042011,216,13,19,9
410510096042012,21,1,2,2
410510096043000,90,9,4,4
410510096043001,156,14,11,11
410510096043002,44,6,1,3
410510096043003,48,6,3,1
410510096043004,122,12,4,3
410510096043005,612,53,60,13
410510096043006,249,33,32,15
410510096043007,60,4,9,1
410510096043008,0,0,0,0
410510096051000,0,0,0,0
410510096051001,0,0,0,0
410510096051002,0,0,0,0
410510096051003,384,27,4,4
410510096051004,123,5,13,2
410510096051005,221,14,0,6
410510096051006,58,0,1,0
410510096051007,43,1,1,8
410510096051008,64,3,4,3
410510096051009,515,40,52,9
410510096051010,131,3,1,1
410510096051011,0,0,0,0
410510096051012,12,0,0,1
410510096052000,569,33,26,9
410510096052001,137,5,9,18
410510096052002,113,5,10,2
410510096052003,71,3,3,0
410510096052004,97,5,8,4
410510096052005,83,3,4,16
410510096052006,61,3,4,7
410510096052007,111,8,17,8
410510096052008,54,5,2,3
410510096052009,143,3,16,4
410510096052010,37,6,0,3
410510096052011,213,8,16,7
410510096052012,92,10,2,6
410510096053000,695,45,65,30
410510096053001,57,4,6,1
410510096053002,77,3,5,2
410510096053003,71,7,3,4
410510096053004,78,0,0,2
410510096053005,64,1,7,0
410510096053006,110,6,5,1
410510096053007,57,1,1,0
410510096053008,674,62,53,24
410510096053009,45,2,0,8
410510096053010,34,6,1,0
410510096053011,117,24,10,7
410510096053012,119,4,5,5
410510096053013,46,5,0,0
410510096053014,81,4,5,2
410510096053015,53,1,4,2
410510096061000,138,15,20,5
410510096061001,124,9,4,14
410510096061002,49,6,4,3
410510096061003,45,9,1,0
410510096061004,98,3,4,9
410510096061005,61,5,2,2
410510096061006,68,4,3,0
410510096061007,44,6,1,0
410510096061008,0,0,0,0
410510096061009,517,46,75,19
410510096061010,440,48,37,33
410510096062000,201,9,2,4
410510096062001,100,10,3,5
410510096062002,110,3,3,0
410510096062003,150,9,19,3
410510096062004,184,10,20,7
410510096062005,234,16,32,7
410510096062006,55,4,5,0
410510096062007,217,12,6,16
410510096062008,116,5,13,6
410510096062009,78,5,8,0
410510096062010,59,4,4,7
410510096062011,35,4,0,0
410510096062012,0,0,0,0
410510096062013,0,0,0,0
410510096062014,69,1,7,0
410510096062015,154,10,10,6
410510096062016,328,24,35,13
410510096062017,67,1,0,0
410510096062018,270,7,12,6
410510096062019,53,9,4,0
410510096062020,164,11,15,5
410510096062021,152,15,20,1
410510096063000,223,23,18,10
410510096063001,469,46,36,19
410510096063002,0,0,0,0
410510096063003,599,53,52,20
410510097011000,213,11,21,15
410510097011001,48,4,1,1
410510097011002,84,12,6,1
410510097011003,36,0,0,2
410510097011004,53,0,1,4
410510097011005,72,3,2,0
410510097011006,83,4,4,0
410510097011007,61,1,0,1
410510097011008,52,3,1,2
410510097011009,58,3,1,0
410510097011010,147,10,12,7
410510097011011,66,4,0,7
410510097011012,136,7,8,4
410510097011013,130,11,13,7
410510097011014,63,1,1,0
410510097012000,58,6,2,5
410510097012001,52,7,1,0
410510097012002,156,2,19,3
410510097012003,69,0,1,0
410510097012004,91,7,2,8
410510097012005,61,1,1,0
410510097012006,58,9,6,1
410510097012007,73,4,8,4
410510097012008,296,15,11,3
410510097012009,22,2,2,0
410510097012010,34,2,0,0
410510097012011,49,13,2,5
410510097012012,211,11,17,4
410510097012013,49,7,5,4
410510097012014,55,2,2,0
410510097012015,73,6,6,2
410510097012016,110,7,15,11
410510097012017,81,9,5,1
410510097012018,181,8,14,5
410510097013000,74,8,11,7
410510097013001,300,21,32,5
410510097013002,161,14,9,4
410510097013003,158,15,10,4
410510097013004,150,26,4,1
410510097013005,49,0,0,1
410510097013006,647,49,29,23
410510097014000,579,36,52,25
410510097014001,83,7,9,6
410510097014002,66,2,0,2
410510097014003,74,5,4,0
410510097014004,55,0,2,5
410510097014005,62,0,1,9
410510097014006,206,15,18,6
410510097031000,344,43,38,18
410510097031001,246,32,25,11
410510097031002,79,5,3,0
410510097031003,195,5,20,16
410510097031004,84,2,11,4
410510097031005,96,7,11,0
410510097031006,52,2,3,1
410510097032000,199,18,12,5
410510097032001,117,5,4,12
410510097032002,181,6,4,10
410510097032003,258,26,13,16
410510097032004,36,6,2,1
410510097032005,670,37,72,25
410510097032006,74,7,12,3
410510097032007,71,5,5,3
410510097032008,306,20,22,12
410510097032009,42,4,3,1
410510097032010,334,2,5,0
410510097032011,58,2,1,0
410510097032012,28,7,0,1
410510097032013,48,4,1,2
410510097032014,62,3,6,4
410510097033000,41,2,1,1
410510097033001,74,10,10,4
410510097033002,29,2,1,1
410510097033003,109,9,11,8
410510097033004,84,11,6,2
410510097033005,59,3,3,0
410510097033006,55,2,6,0
410510097033007,52,3,3,2
410510097033008,101,10,9,5
410510097033009,109,5,1,5
410510097033010,52,5,5,4
410510097033011,159,6,14,7
410510097033012,61,4,6,1
410510097033013,32,4,1,1
410510097033014,28,3,2,1
410510097033015,104,1,5,8
410510097033016,250,24,16,10
410510097041000,162,11,31,7
410510097041001,60,3,2,3
410510097041002,345,38,25,6
410510097041003,121,6,12,10
410510097041004,19,6,1,0
410510097041005,26,0,0,4
410510097041006,120,2,2,0
410510097041007,137,13,18,5
410510097041008,35,0,0,7
410510097041009,58,3,4,5
410510097041010,75,6,4,0
410510097041011,35,2,1,6
410510097041012,93,1,8,8
410510097041013,76,3,11,1
410510097041014,41,2,5,1
410510097042000,183,19,19,8
410510097042001,83,0,4,2
410510097042002,39,5,3,5
410510097042003,25,3,4,3
410510097042004,27,1,3,0
410510097042005,132,4,7,7
410510097042006,76,1,3,0
410510097042007,284,18,14,6
410510097042008,77,0,9,1
410510097042009,116,13,5,7
410510097042010,240,18,18,12
410510097042011,236,15,27,2
410510097042012,68,5,5,5
410510097042013,100,8,13,9
410510097042014,98,1,8,7
410510097042015,122,15,13,2
410510097042016,93,3,5,3
410510097042017,63,3,1,0
410510097042018,70,10,2,3
410510097042019,63,4,2,0
410510097042020,67,7,4,1
410510097042021,32,2,5,0
410510097042022,158,11,16,13
410510098011000,119,2,8,2
410510098011001,155,9,4,0
410510098011002,183,22,21,8
410510098011003,1177,67,104,53
410510098011004,390,48,48,5
410510098011005,19,0,3,0
410510098011006,0,0,0,0
410510098011007,175,21,8,17
410510098011008,34,3,3,2
410510098011009,45,4,3,6
410510098011010,9,0,2,1
410510098011011,0,0,0,0
410510098011012,42,2,3,7
410510098012000,681,80,61,26
410510098012001,313,31,26,12
410510098012002,225,21,33,10
410510098012003,37,3,5,0
410510098012004,338,29,21,11
410510098012005,58,4,4,8
410510098012006,113,10,6,4
410510098012007,105,8,7,14
410510098012008,122,9,4,7
410510098012009,126,9,4,11
410510098012010,112,7,4,8
410510098012011,55,1,4,0
410510098031000,1024,63,76,45
410510098031001,128,7,5,8
410510098031002,183,6,8,8
410510098031003,96,5,9,3
410510098031004,78,5,1,6
410510098031005,0,0,0,0
410510098031006,198,15,18,11
410510098031007,45,1,4,1
410510098031008,65,0,1,0
410510098031009,52,12,3,0
410510098031010,0,0,0,0
410510098031011,53,3,3,2
410510098031012,0,0,0,0
410510098031013,9,2,2,0
410510098031014,0,0,0,0
410510098031015,26,3,7,2
410510098031016,68,1,6,7
410510098031017,96,2,5,10
410510098031018,95,3,3,3
410510098031019,51,4,3,5
410510098031020,87,5,10,1
410510098031021,49,8,3,1
410510098031022,54,2,2,14
410510098032000,579,55,31,21
410510098032001,222,10,5,5
410510098032002,44,1,4,0
410510098032003,0,0,0,0
410510098032004,76,8,5,4
410510098032005,580,38,37,12
410510098032006,60,3,18,3
410510098032007,1,0,0,0
410510098032008,0,0,0,0
410510098032009,0,0,0,0
410510098032010,0,0,0,0
410510098033000,497,37,34,29
410510098033001,103,3,10,8
410510098033002,70,3,11,0
410510098033003,341,22,24,23
410510098033004,37,0,4,1
410510098033005,25,0,0,1
410510098033006,42,3,1,1
410510098033007,39,2,5,3
410510098033008,109,6,13,4
410510098033009,67,7,6,2
410510098033010,85,17,1,0
410510098033011,54,3,1,1
410510098033012,160,5,18,4
410510098033013,48,1,5,4
410510098033014,42,2,2,3
410510098033015,100,6,4,9
410510098033016,73,2,10,5
410510098033017,81,3,8,0
410510098034000,819,38,31,23
410510098034001,276,15,21,11
410510098041000,416,33,41,20
410510098041001,351,18,9,3
410510098041002,53,0,7,2
410510098041003,153,7,10,3
410510098041004,53,0,1,0
410510098041005,66,4,2,1
410510098041006,72,11,1,2
410510098041007,29,0,3,0
410510098041008,69,5,4,7
410510098041009,27,2,2,3
410510098041010,78,1,0,2
410510098041011,83,8,1,4
410510098041012,59,3,4,0
410510098041013,40,0,1,0
410510098041014,29,5,4,1
410510098041015,38,4,3,0
410510098041016,38,3,0,0
410510098041017,44,3,2,0
410510098041018,91,5,7,3
410510098041019,47,0,6,1
410510098042000,242,10,8,12
410510098042001,68,6,4,0
410510098042002,82,2,6,2
410510098042003,48,4,2,1
410510098042004,77,4,0,1
410510098042005,63,5,0,3
410510098042006,89,7,3,1
410510098042007,88,6,5,6
410510098042008,70,4,9,4
410510098042009,184,10,8,9
410510098042010,74,3,0,3
410510098042011,34,0,3,2
410510098042012,51,1,0,3
410510098042013,70,7,9,2
410510098042014,63,4,0,4
410510098042015,186,22,11,2
410510098042016,88,3,1,6
410510098042017,83,3,4,0
410510099031000,52,0,2,1
410510099031001,103,5,6,3
410510099031002,221,12,18,12
410510099031003,36,5,2,2
410510099031004,18,0,4,1
410510099031005,15,0,1,0
410510099031006,85,3,8,1
410510099031007,71,1,0,1
410510099031008,46,4,5,2
410510099031009,13,0,1,2
410510099031010,28,0,0,0
410510099031011,244,8,19,4
410510099031012,50,3,7,3
410510099031013,41,0,3,0
410510099031014,6,0,0,2
410510099031015,100,14,9,2
410510099031016,67,2,0,2
410510099032000,46,1,4,2
410510099032001,294,36,24,3
410510099032002,86,1,7,6
410510099032003,86,21,9,2
410510099032004,89,6,8,1
410510099032005,81,1,5,3
410510099032006,61,0,6,1
410510099032007,57,6,4,2
410510099032008,32,5,5,0
410510099032009,80,6,3,1
410510099032010,108,0,6,13
410510099032011,25,1,0,0
410510099032012,80,2,6,0
410510099032013,41,0,0,2
410510099032014,21,1,1,0
410510099032015,153,12,9,3
410510099032016,16,0,0,1
410510099032017,16,0,1,3
410510099032018,208,17,5,8
410510099032019,73,2,5,9
410510099032020,81,6,5,2
410510099032021,39,0,3,4
410510099032022,102,14,16,8
410510099032023,48,8,5,3
410510099032024,55,9,4,0
410510099032025,72,4,8,7
410510099032026,95,13,1,7
410510099032027,71,10,14,6
410510099032028,46,2,7,9
410510099032029,69,2,3,0
410510099032030,34,1,1,5
410510099032031,83,1,9,4
410510099032032,37,5,0,3
410510099032033,41,1,5,2
410510099032034,48,2,6,0
410510099032035,60,3,3,0
410510099032036,23,2,5,0
410510099032037,12,0,3,0
410510099032038,39,3,0,1
410510099032039,30,3,1,4
410510099032040,58,1,6,2
410510099032041,81,11,13,6
410510099032042,27,0,7,4
410510099032043,0,0,0,0
410510099032044,2,1,0,0
410510099032045,4,0,0,0
410510099032046,9,0,0,0
410510099032047,42,1,3,1
410510099032048,0,0,0,0
410510099032049,43,3,3,0
410510099032050,11,1,0,2
410510099032051,20,1,1,1
410510099032052,46,3,5,2
410510099033000,0,0,0,0
410510099033001,318,18,22,4
410510099033002,86,8,4,7
410510099033003,16,1,0,5
410510099033004,6,0,0,0
410510099033005,55,2,1,0
410510099033006,77,0,10,8
410510099033007,65,2,2,4
410510099033008,173,15,4,2
410510099033009,116,6,6,0
410510099033010,391,19,13,9
410510099033011,31,3,1,5
410510099033012,33,0,0,9
410510099033013,60,1,0,4
410510099033014,12,2,0,0
410510099033015,33,0,2,5
410510099033016,35,1,0,4
410510099033017,37,4,4,0
410510099033018,28,0,0,1
410510099033019,45,3,5,3
410510099033020,22,0,2,0
410510099033021,2,0,0,0
410510099033022,18,2,0,2
410510099033023,58,5,0,1
410510099033024,38,1,5,3
410510099033025,57,0,1,0
410510099033026,64,7,5,0
410510099033027,49,0,0,2
410510099033028,34,0,3,2
410510099034000,0,0,0,0
410510099034001,36,3,11,2
410510099034002,8,0,3,0
410510099034003,217,6,4,1
410510099034004,125,5,4,4
410510099034005,107,8,6,11
410510099034006,39,3,2,1
410510099034007,115,6,3,0
410510099034008,48,3,1,1
410510099034009,100,6,2,9
410510099034010,30,2,1,0
410510099034011,55,5,4,1
410510099034012,56,4,3,3
410510099034013,0,0,0,0
410510099034014,86,8,9,2
410510099034015,75,1,2,2
410510099034016,61,8,2,0
410510099034017,88,6,5,2
410510099041000,1374,90,92,43
410510099041001,244,7,15,5
410510099041002,61,10,2,0
410510099041003,143,7,17,5
410510099041004,209,7,23,11
410510099042000,315,11,9,8
410510099042001,32,2,1,0
410510099042002,182,16,5,0
410510099042003,52,7,3,0
410510099042004,101,8,7,7
410510099043000,45,5,1,4
410510099043001,330,30,27,8
410510099043002,24,2,1,0
410510099043003,34,3,0,3
410510099043004,32,1,5,2
410510099043005,81,4,2,6
410510099043006,69,9,1,0
410510099043007,76,4,3,3
410510099043008,67,6,3,3
410510099043009,62,9,5,4
410510099043010,27,2,0,2
410510099043011,58,5,3,3
410510099043012,43,3,0,2
410510099043013,48,5,4,0
410510099043014,82,4,4,2
410510099043015,53,4,3,3
410510099051000,0,0,0,0
410510099051001,0,0,0,0
410510099051002,198,14,13,1
410510099051003,49,1,4,4
410510099051004,132,9,7,7
410510099051005,51,0,4,4
410510099051006,448,46,35,14
410510099051007,70,7,2,0
410510099051008,256,14,20,19
410510099051009,50,6,7,3
410510099051010,79,5,9,3
410510099051011,101,4,4,1
410510099051012,52,2,1,2
410510099051013,40,11,3,0
410510099051014,0,0,0,0
410510099051015,96,6,0,11
410510099052000,213,18,15,1
410510099052001,37,4,4,0
410510099052002,186,4,17,5
410510099052003,41,0,8,2
410510099052004,569,30,40,21
410510099052005,107,11,6,2
410510099052006,39,1,0,4
410510099052007,25,3,1,2
410510099052008,114,4,3,2
410510099052009,55,5,1,4
410510099052010,106,8,5,4
410510099052011,56,0,1,0
410510099052012,86,9,2,5
410510099052013,154,8,12,3
410510099061000,33,4,0,0
410510099061001,384,35,26,17
410510099061002,0,0,0,0
410510099061003,1313,63,81,61
410510099061004,41,6,2,3
410510099061005,56,3,7,2
410510099061006,60,2,4,5
410510099061007,77,0,3,0
410510099061008,30,8,3,0
410510099061009,142,6,4,6
410510099061010,63,1,3,1
410510099061011,40,0,2,1
410510099061012,57,12,2,0
410510099061013,43,0,3,2
410510099061014,23,0,0,0
410510099062000,77,11,0,5
410510099062001,0,0,0,0
410510099062002,0,0,0,0
410510099062003,669,22,20,28
410510099062004,0,0,0,0
410510099062005,84,6,15,0
410510099062006,130,9,17,1
410510099062007,63,8,1,6
410510099062008,163,2,7,1
410510099062009,0,0,0,0
410510099062010,67,3,1,9
410510099062011,35,2,3,2
410510099071000,256,6,9,13
410510099071001,18,0,0,0
410510099071002,25,2,1,2
410510099071003,67,3,4,0
410510099071004,39,2,3,2
410510099071005,29,1,8,5
410510099071006,79,0,4,0
410510099071007,41,1,3,0
410510099071008,61,3,2,1
410510099071009,81,6,5,0
410510099071010,27,2,1,1
410510099071011,43,2,4,2
410510099071012,61,6,0,10
410510099072000,195,12,8,11
410510099072001,85,8,11,0
410510099072002,51,4,1,4
410510099072003,179,11,21,5
410510099072004,19,0,2,0
410510099072005,180,11,10,4
410510099072006,75,3,5,0
410510099072007,432,32,31,22
410510099072008,32,3,2,0
410510099072009,29,0,0,0
410510099072010,39,0,0,0
410510099072011,74,4,6,1
410510099073000,79,11,13,1
410510099073001,173,8,7,2
410510099073002,116,6,11,6
410510099073003,46,2,4,3
410510099073004,226,18,8,26
410510099073005,453,40,31,16
410510099073006,30,1,5,0
410510099073007,53,4,7,1
410510099073008,0,0,0,0
410510099073009,42,4,0,0
410510099073010,109,3,2,2
410510099073011,0,0,0,0
410510099073012,10,0,0,3
410510099073013,62,0,2,0
410510099073014,27,0,0,1
410510099073015,94,7,5,0
410510099073016,29,4,5,0
410510099073017,48,2,2,0
410510099074000,0,0,0,0
410510099074001,0,0,0,0
410510099074002,0,0,0,0
410510099074003,0,0,0,0
410510099074004,0,0,0,0
410510099074005,0,0,0,0
410510099074006,74,6,3,0
410510099074007,36,0,6,2
410510099074008,11,0,0,0
410510099074009,23,0,3,2
410510099074010,17,1,4,0
410510099074011,35,0,4,1
410510099074012,2,0,0,0
410510099074013,422,5,15,5
410510099074014,78,11,6,7
410510099074015,116,5,12,13
410510099074016,41,2,3,1
410510099074017,8,0,0,0
410510099074018,0,0,0,0
410510099074019,39,3,1,0
410510099074020,31,0,7,1
410510099074021,436,36,19,23
410510099074022,9,0,0,0
410510099074023,56,9,6,0
410510099074024,66,0,7,4
410510099074025,36,3,2,0
410510099074026,65,3,2,0
410510099074027,65,4,0,0
410510099074028,15,0,1,1
410510099074029,3,0,0,0
410510099074030,35,10,2,0
410510099074031,22,5,1,2
410510099074032,0,0,0,0
410510099074033,11,2,1,2
410510099074034,34,1,1,5
410510099074035,9,1,0,1
410510099074036,9,0,1,0
410510099074037,0,0,0,0
410510099074038,9,0,0,1
410510099074039,0,0,0,0
410510100011000,0,0,0,0
410510100011001,387,37,50,16
410510100011002,198,3,4,0
410510100011003,404,25,22,28
410510100011004,84,5,5,1
410510100011005,0,0,0,0
410510100011006,0,0,0,0
410510100011007,0,0,0,0
410510100011008,25,6,1,2
410510100011009,28,5,6,0
410510100011010,25,3,6,0
410510100011011,36,3,4,1
410510100011012,30,2,0,3
410510100011013,43,5,3,2
410510100011014,39,4,1,5
410510100011015,56,5,2,0
410510100011016,22,3,3,2
410510100011017,0,0,0,0
410510100011018,18,1,2,0
410510100011019,19,0,2,0
410510100011020,0,0,0,0
410510100011021,12,0,1,0
410510100011022,0,0,0,0
410510100011023,16,2,1,0
410510100012000,102,6,5,2
410510100012001,226,11,21,14
410510100012002,149,14,11,11
410510100012003,239,30,31,16
410510100012004,0,0,0,0
410510100012005,39,4,5,0
410510100012006,12,1,0,1
410510100012007,94,7,3,3
410510100012008,63,2,0,11
410510100012009,0,0,0,0
410510100012010,0,0,0,0
410510100012011,68,1,4,4
410510100012012,197,10,6,5
410510100012013,53,0,0,0
410510100012014,28,1,3,4
410510100012015,17,1,0,0
410510100012016,37,1,1,0
410510100012017,0,0,0,0
410510100012018,0,0,0,0
410510100012019,92,8,6,1
410510100012020,20,2,0,3
410510100012021,0,0,0,0
410510100012022,0,0,0,0
410510100012023,0,0,0,0
410510100012024,0,0,0,0
410510100012025,24,0,1,0
410510100012026,0,0,0,0
410510100012027,0,0,0,0
410510100012028,13,2,3,0
410510100012029,0,0,0,0
410510100013000,468,16,25,14
410510100013001,87,6,1,1
410510100013002,0,0,0,0
410510100013003,0,0,0,0
410510100013004,0,0,0,0
410510100013005,0,0,0,0
410510100013006,132,2,5,1
410510100013007,0,0,0,0
410510100013008,0,0,0,0
410510100013009,394,38,27,0
410510100013010,200,13,14,9
410510100013011,0,0,0,0
410510100013012,0,0,0,0
410510100013013,0,0,0,0
410510100013014,145,8,12,0
410510100013015,49,3,5,0
410510100013016,49,2,4,0
410510100013017,56,1,5,2
410510100013018,60,4,10,1
410510100013019,78,3,5,1
410510100013020,0,0,0,0
410510100013021,70,5,11,2
410510100013022,74,5,7,13
410510100013023,32,1,1,4
410510100013024,23,0,2,1
410510100013025,31,1,1,0
410510100013026,44,3,2,0
410510100014000,211,16,6,0
410510100014001,18,2,1,2
410510100014002,81,7,1,0
410510100014003,0,0,0,0
410510100014004,0,0,0,0
410510100014005,238,6,0,0
410510100014006,67,6,2,1
410510100014007,0,0,0,0
410510100014008,35,3,5,0
410510100014009,23,0,0,0
410510100014010,43,4,3,1
410510100014011,20,0,0,0
410510100014012,11,1,1,2
410510100014013,119,5,8,4
410510100014014,145,4,10,3
410510100014015,87,1,2,1
410510100014016,19,0,0,0
410510100014017,86,4,3,1
410510100014018,0,0,0,0
410510100021000,49,5,4,1
410510100021001,145,2,14,11
410510100021002,224,21,9,2
410510100021003,67,2,5,0
410510100021004,62,0,9,1
410510100021005,33,5,3,1
410510100021006,48,5,4,2
410510100021007,158,11,11,5
410510100021008,135,4,12,3
410510100021009,217,20,16,14
410510100021010,34,0,6,4
410510100021011,16,3,0,0
410510100021012,250,21,15,0
410510100021013,50,3,3,4
410510100021014,34,3,1,4
410510100021015,36,4,4,1
410510100021016,233,14,16,13
410510100021017,669,54,43,40
410510100021018,88,4,7,2
410510100021019,21,0,2,0
410510100021020,45,6,0,0
410510100021021,31,2,1,0
410510100021022,64,6,6,2
410510100021023,46,9,3,0
410510100021024,63,1,2,6
410510100021025,76,8,5,4
410510100021026,102,7,16,2
410510100022000,33,2,0,0
410510100022001,146,2,11,1
410510100022002,27,2,3,4
410510100022003,40,0,0,1
410510100022004,28,2,5,2
410510100022005,28,1,0,0
410510100022006,26,2,1,2
410510100022007,0,0,0,0
410510100022008,25,6,4,4
410510100022009,142,6,6,0
410510100022010,64,0,0,6
410510100022011,83,4,1,10
410510100022012,78,0,1,0
410510100022013,24,0,1,0
410510100022014,160,10,6,0
410510100022015,34,0,0,0
410510100022016,817,44,44,16
410510100022017,133,9,12,9
410510100022018,150,8,8,3
410510100022019,215,15,9,2
410510100022020,96,12,0,1
410510100022021,179,15,10,10
410510100022022,60,7,8,2
410510101011000,565,59,44,15
410510101011001,187,9,19,6
410510101011002,173,17,10,1
410510101011003,43,4,0,0
410510101011004,81,8,10,1
410510101011005,76,1,3,11
410510101011006,45,7,8,1
410510101011007,490,14,19,4
410510101011008,59,5,3,5
410510101011009,52,0,1,8
410510101011010,53,1,2,1
410510101011011,79,2,7,1
410510101011012,78,2,9,2
410510101011013,77,7,8,0
410510101011014,88,4,6,8
410510101011015,80,1,6,1
410510101011016,33,5,3,0
410510101011017,22,0,1,2
410510101011018,0,0,0,0
410510101012000,254,18,15,3
410510101012001,47,11,10,3
410510101012002,61,11,1,2
410510101012003,83,10,2,4
410510101012004,547,25,29,20
410510101012005,147,9,22,3
410510101012006,72,1,4,0
410510101012007,69,0,1,2
410510101012008,63,7,1,0
410510101012009,38,0,1,2
410510101012010,92,6,5,0
410510101012011,42,9,1,9
410510101012012,44,3,6,5
410510101012013,50,9,3,1
410510101012014,77,1,3,2
410510101012015,48,0,4,2
410510101013000,226,29,19,12
410510101013001,69,12,7,0
410510101013002,23,0,2,2
410510101013003,123,6,9,9
410510101013004,66,3,7,3
410510101013005,35,1,3,1
410510101013006,43,0,3,0
410510101013007,348,23,21,12
410510101013008,54,7,4,9
410510101013009,54,1,3,8
410510101013010,128,10,13,3
410510101013011,58,2,1,0
410510101013012,41,1,0,1
410510101013013,65,14,3,0
410510101013014,50,1,0,3
410510101013015,31,0,2,3
410510101013016,0,0,0,0
410510101021000,0,0,0,0
410510101021001,0,0,0,0
410510101021002,160,3,13,2
410510101021003,227,20,12,4
410510101021004,0,0,0,0
410510101021005,28,2,1,1
410510101021006,25,0,2,1
410510101021007,73,3,4,1
410510101021008,63,4,4,5
410510101021009,34,2,3,0
410510101021010,0,0,0,0
410510101021011,22,1,0,1
410510101021012,32,6,0,2
410510101021013,19,3,1,0
410510101021014,22,2,2,1
410510101021015,29,0,0,1
410510101021016,116,6,1,7
410510101021017,27,4,4,1
410510101021018,33,2,1,0
410510101021019,0,0,0,0
410510101021020,45,0,4,9
410510101021021,33,1,5,0
410510101021022,13,3,1,1
410510101021023,164,6,21,11
410510101021024,30,0,1,2
410510101021025,34,3,5,0
410510101021026,32,3,3,0
410510101021027,29,0,4,1
410510101021028,26,0,3,0
410510101021029,50,3,5,4
410510101021030,51,0,6,7
410510101021031,48,3,5,2
410510101022000,0,0,0,0
410510101022001,0,0,0,0
410510101022002,0,0,0,0
410510101022003,230,18,16,5
410510101022004,0,0,0,0
410510101022005,127,9,4,7
410510101022006,424,18,23,15
410510101023000,615,25,24,4
410510101023001,37,1,0,0
410510101023002,38,1,1,0
410510101023003,55,6,0,0
410510101023004,82,6,8,1
410510101023005,0,0,0,0
410510101023006,134,9,1,2
410510101023007,54,0,1,0
410510101023008,66,1,0,0
410510101023009,42,0,2,0
410510101023010,417,20,29,9
410510101023011,22,2,7,1
410510101023012,328,1,11,6
410510101023013,37,0,0,2
410510101023014,121,3,2,3
410510101023015,52,5,3,4
410510101023016,22,0,1,0
410510101023017,96,4,1,4
410510101023018,10,0,0,0
410510101023019,27,0,0,4
410510101023020,7,1,0,0
410510101023021,14,0,0,0
410510101023022,7,0,0,0
410510101023023,20,1,4,0
410510102001000,0,0,0,0
410510102001001,0,0,0,0
410510102001002,0,0,0,0
410510102001003,0,0,0,0
410510102001004,0,0,0,0
410510102001005,0,0,0,0
410510102001006,0,0,0,0
410510102001007,2,0,0,0
410510102001008,0,0,0,0
410510102001009,0,0,0,0
410510102001010,0,0,0,0
410510102001011,0,0,0,0
410510102001012,0,0,0,0
410510102001013,0,0,0,0
410510102001014,0,0,0,0
410510102001015,0,0,0,0
410510102001016,0,0,0,0
410510102001017,0,0,0,0
410510102001018,0,0,0,0
410510102001019,0,0,0,0
410510102001020,0,0,0,0
410510102001021,0,0,0,0
410510102001022,0,0,0,0
410510102001023,0,0,0,0
410510102001024,0,0,0,0
410510102001025,11,0,0,1
410510102001026,236,11,23,6
410510102001027,705,32,11,18
410510102001028,19,0,0,0
410510102001029,79,2,1,6
410510102001030,16,4,1,0
410510102001031,50,2,0,2
410510102001032,23,1,1,0
410510102001033,82,2,0,7
410510102001034,154,3,15,2
410510102001035,101,0,11,5
410510102001036,32,5,0,4
410510102001037,0,0,0,0
410510102001038,19,0,1,3
410510102001039,0,0,0,0
410510102001040,51,0,1,0
410510102001041,86,7,5,4
410510102001042,194,9,13,6
410510102001043,173,16,15,11
410510102001044,27,3,3,1
410510102001045,127,5,1,4
410510102001046,47,2,1,1
410510102001047,10,0,2,0
410510102001048,0,0,0,0
410510102001049,30,5,2,6
410510102001050,0,0,0,0
410510102001051,0,0,0,0
410510102001052,0,0,0,0
410510102001053,0,0,0,0
410510102001054,0,0,0,0
410510102001055,0,0,0,0
410510102001056,19,3,1,4
410510102001057,0,0,0,0
410510102001058,0,0,0,0
410510102001059,0,0,0,0
410510102001060,0,0,0,0
410510102001061,0,0,0,0
410510102001062,0,0,0,0
410510102001063,26,1,5,3
410510102001064,0,0,0,0
410510102001065,0,0,0,0
410510102002000,0,0,0,0
410510102002001,270,16,29,22
410510102002002,49,2,6,2
410510102002003,14,0,3,0
410510102002004,75,3,3,1
410510102002005,31,1,0,1
410510102002006,57,3,3,1
410510102002007,80,4,1,0
410510102002008,64,9,4,1
410510102002009,339,39,23,7
410510102002010,460,7,29,12
410510102002011,269,31,42,19
410510102002012,624,43,44,42
410510102002013,72,1,8,3
410510102002014,26,7,1,3
410510102002015,43,2,4,0
410510102002016,62,2,8,4
410510102002017,61,8,0,7
410510102002018,36,5,4,2
410510102002019,0,0,0,0
410510102002020,0,0,0,0
410510102002021,0,0,0,0
410510102003000,0,0,0,0
410510102003001,0,0,0,0
410510102003002,0,0,0,0
410510102003003,26,3,4,3
410510102003004,0,0,0,0
410510102003005,0,0,0,0
410510102003006,0,0,0,0
410510102003007,0,0,0,0
410510102003008,0,0,0,0
410510102003009,0,0,0,0
410510102003010,0,0,0,0
410510102003011,0,0,0,0
410510102003012,0,0,0,0
410510102003013,0,0,0,0
410510102003014,0,0,0,0
410510102003015,0,0,0,0
410510102003016,0,0,0,0
410510102003017,0,0,0,0
410510102003018,0,0,0,0
410510102003019,0,0,0,0
410510102003020,0,0,0,0
410510102003021,0,0,0,0
410510102003022,0,0,0,0
410510102003023,0,0,0,0
410510102003024,0,0,0,0
410510102003025,0,0,0,0
410510102003026,0,0,0,0
410510102003027,0,0,0,0
410510102003028,0,0,0,0
410510102003029,0,0,0,0
410510102003030,0,0,0,0
410510102003031,221,2,3,4
410510102003032,16,0,1,0
410510102003033,1,0,0,0
410510102003034,0,0,0,0
410510102003035,0,0,0,0
410510102003036,0,0,0,0
410510102003037,0,0,0,0
410510102003038,0,0,0,0
410510102003039,0,0,0,0
410510102003040,35,0,2,2
410510102003041,0,0,0,0
410510102003042,0,0,0,0
410510102003043,0,0,0,0
410510102003044,0,0,0,0
410510102003045,0,0,0,0
410510102003046,0,0,0,0
410510102003047,0,0,0,0
410510102003048,9,0,2,0
410510102003049,0,0,0,0
410510102003050,20,0,0,0
410510102003051,0,0,0,0
410510102003052,0,0,0,0
410510102003053,0,0,0,0
410510102003054,0,0,0,0
410510102003055,25,0,0,1
410510102003056,149,3,9,1
410510102003057,38,1,2,2
410510102003058,139,2,8,2
410510102003059,36,2,0,0
410510102003060,0,0,0,0
410510102003061,0,0,0,0
410510102003062,188,6,3,11
410510102003063,73,8,1,2
410510102003064,103,6,6,0
410510102003065,62,5,0,3
410510102003066,63,2,3,0
410510102003067,63,0,1,0
410510102003068,53,0,1,0
410510102003069,0,0,0,0
410510102003070,0,0,0,0
410510102003071,80,0,6,5
410510102003072,41,1,4,3
410510102003073,30,3,0,2
410510102003074,23,2,4,4
410510102003075,30,1,1,0
410510102003076,37,3,6,1
410510102003077,25,1,2,1
410510102003078,83,4,10,7
410510102003079,28,1,1,6
410510102003080,0,0,0,0
410510102003081,0,0,0,0
410510102003082,0,0,0,0
410510102003083,0,0,0,0
410510102003084,0,0,0,0
410510102003085,28,0,0,0
410510102003086,33,0,0,0
410510102003087,0,0,0,0
410510102003088,0,0,0,0
410510102003089,0,0,0,0
410510102003090,0,0,0,0
410510102003091,0,0,0,0
410510102003092,0,0,0,0
410510102003093,0,0,0,0
410510102003094,84,2,4,7
410510102003095,0,0,0,0
410510102003096,134,1,4,1
410510102003097,21,3,1,3
410510102003098,31,1,2,0
410510102003099,23,0,0,1
410510102003100,32,0,0,0
410510102003101,0,0,0,0
410510102003102,0,0,0,0
410510102003103,0,0,0,0
410510102003104,0,0,0,0
410510102003105,0,0,0,0
410510102003106,0,0,0,0
410510102003107,25,0,0,0
410510102003108,71,3,7,1
410510103031000,629,40,44,25
410510103031001,73,3,0,6
410510103031002,84,2,2,7
410510103031003,55,7,8,1
410510103031004,32,1,0,1
410510103031005,96,10,5,0
410510103031006,70,1,6,3
410510103031007,63,6,5,0
410510103031008,62,3,2,3
410510103031009,132,11,8,8
410510103031010,39,1,5,0
410510103031011,147,4,5,0
410510103031012,85,5,8,11
410510103031013,58,12,0,1
410510103031014,93,1,9,1
410510103031015,62,2,6,4
410510103031016,148,1,14,14
410510103031017,0,0,0,0
410510103031018,60,0,1,2
410510103031019,48,8,7,0
410510103031020,93,0,4,2
410510103031021,68,7,3,2
410510103031022,54,2,3,4
410510103031023,49,3,2,5
410510103031024,13,1,3,0
410510103031025,0,0,0,0
410510103031026,74,2,15,2
410510103031027,110,14,2,3
410510103031028,63,2,3,3
410510103032000,369,45,44,3
410510103032001,258,24,11,28
410510103032002,48,1,5,0
410510103032003,378,16,11,11
410510103032004,111,5,8,1
410510103032005,54,4,7,0
410510103032006,43,2,7,0
410510103032007,61,4,1,4
410510103032008,56,0,2,3
410510103032009,67,10,8,0
410510103032010,45,6,1,0
410510103032011,57,1,7,3
410510103033000,0,0,0,0
410510103033001,0,0,0,0
410510103033002,0,0,0,0
410510103033003,17,0,1,2
410510103033004,0,0,0,0
410510103033005,0,0,0,0
410510103033006,24,3,1,2
410510103033007,0,0,0,0
410510103033008,152,13,6,2
410510103033009,60,5,4,0
410510103033010,13,2,1,0
410510103033011,235,18,12,8
410510103033012,614,48,47,4
410510103033013,19,4,1,0
410510103033014,288,12,12,11
410510103033015,53,1,3,0
410510103033016,100,8,2,4
410510103033017,35,2,4,2
410510103041000,0,0,0,0
410510103041001,0,0,0,0
410510103041002,0,0,0,0
410510103041003,0,0,0,0
410510103041004,0,0,0,0
410510103041005,69,3,3,1
410510103041006,17,1,1,0
410510103041007,648,39,47,24
410510103041008,34,2,3,4
410510103041009,745,81,71,48
410510103041010,8,0,2,1
410510103041011,0,0,0,0
410510103041012,12,2,1,0
410510103041013,575,50,23,26
410510103041014,47,4,2,4
410510103041015,33,3,0,1
410510103041016,229,20,14,16
410510103041017,57,1,1,3
410510103041018,93,6,8,3
410510103041019,58,7,1,4
410510103042000,301,39,27,2
410510103042001,95,1,6,1
410510103042002,906,75,82,50
410510103042003,117,12,16,3
410510103042004,64,6,11,2
410510103042005,48,0,2,3
410510103042006,137,14,26,0
410510103042007,90,9,24,6
410510103042008,71,1,12,2
410510103042009,154,19,18,14
410510103042010,0,0,0,0
410510103042011,290,17,53,22
410510103042012,65,4,6,3
410510103042013,30,7,1,1
410510103042014,0,0,0,0
410510103042015,52,5,0,6
410510103042016,56,5,12,0
410510103042017,39,1,1,4
410510103051000,0,0,0,0
410510103051001,0,0,0,0
410510103051002,0,0,0,0
410510103051003,0,0,0,0
410510103051004,29,0,0,0
410510103051005,2,0,1,1
410510103051006,13,0,0,0
410510103051007,15,2,0,0
410510103051008,0,0,0,0
410510103051009,10,0,0,0
410510103051010,24,0,4,1
410510103051011,27,1,0,0
410510103051012,18,0,2,0
410510103051013,14,0,2,3
410510103051014,18,3,0,1
410510103051015,15,3,1,0
410510103051016,13,1,1,0
410510103051017,22,2,5,3
410510103051018,20,0,3,1
410510103051019,23,4,3,4
410510103051020,26,0,3,1
410510103051021,8,4,0,0
410510103051022,17,4,0,0
410510103051023,32,0,1,1
410510103051024,570,39,30,8
410510103051025,19,0,3,0
410510103051026,18,1,0,2
410510103051027,75,1,5,0
410510103051028,177,4,17,6
410510103051029,104,0,1,0
410510103051030,121,1,3,7
410510103052000,0,0,0,0
410510103052001,341,11,6,6
410510103052002,226,19,11,9
410510103052003,149,10,2,10
410510103052004,102,3,3,10
410510103052005,91,18,3,0
410510103052006,100,8,8,3
410510103052007,157,16,1,11
410510103052008,76,4,8,0
410510103052009,177,4,4,10
410510103052010,0,0,0,0
410510103052011,0,0,0,0
410510103052012,0,0,0,0
410510103053000,436,17,31,22
410510103053001,43,10,5,2
410510103053002,30,1,3,2
410510103053003,68,2,8,1
410510103053004,125,5,8,1
410510103053005,37,4,2,2
410510103053006,91,7,3,3
410510103053007,232,7,27,2
410510103053008,25,0,1,2
410510103053009,49,1,4,4
410510103053010,92,5,0,1
410510103053011,28,0,0,0
410510103061000,36,0,0,5
410510103061001,237,8,12,3
410510103061002,140,13,11,3
410510103061003,529,28,39,7
410510103061004,117,16,13,15
410510103061005,100,19,5,3
410510103061006,120,12,9,5
410510103061007,142,13,4,13
410510103061008,73,8,4,5
410510103061009,205,4,12,4
410510103061010,62,1,9,0
410510103062000,230,5,27,4
410510103062001,29,2,1,6
410510103062002,236,7,13,23
410510103062003,30,3,1,3
410510103062004,1042,74,53,30
410510103062005,52,6,5,2
410510103062006,24,2,0,0
410510103062007,44,0,4,1
410510103062008,87,4,7,4
410510103062009,65,9,2,3
410510103062010,78,2,4,0
410510103062011,150,19,15,4
410510103063000,234,14,19,7
410510103063001,418,34,47,10
410510103063002,76,5,11,15
410510103063003,153,12,14,10
410510103063004,116,1,16,6
410510103063005,38,0,3,0
410510103063006,41,2,4,2
410510103063007,32,4,2,0
410510103063008,102,3,7,0
410510104021000,0,0,0,0
410510104021001,33,2,4,0
410510104021002,101,4,2,6
410510104021003,17,0,6,0
410510104021004,62,4,5,0
410510104021005,102,8,2,0
410510104021006,82,4,11,7
410510104021007,18,2,1,1
410510104021008,0,0,0,0
410510104021009,9,0,1,2
410510104021010,13,3,0,0
410510104021011,59,0,0,5
410510104021012,31,0,0,0
410510104021013,36,4,7,0
410510104021014,9,0,0,4
410510104021015,26,0,4,0
410510104021016,52,3,1,0
410510104021017,40,1,1,0
410510104021018,18,2,1,0
410510104021019,71,7,4,1
410510104021020,16,1,2,0
410510104021021,18,1,0,2
410510104021022,36,8,0,0
410510104021023,2,0,0,0
410510104021024,80,12,1,5
410510104021025,0,0,0,0
410510104021026,24,0,0,1
410510104021027,32,0,5,1
410510104021028,21,2,0,4
410510104021029,95,4,9,4
410510104021030,14,0,0,2
410510104021031,31,1,2,0
410510104021032,32,0,3,2
410510104021033,53,2,1,4
410510104021034,41,1,0,5
410510104021035,90,1,4,2
410510104021036,32,0,1,0
410510104021037,26,0,0,4
410510104021038,34,0,0,0
410510104021039,45,9,5,2
410510104021040,10,0,0,1
410510104021041,57,0,7,0
410510104021042,17,5,0,0
410510104021043,23,2,4,0
410510104021044,53,1,13,2
410510104021045,25,0,1,0
410510104021046,45,1,5,0
410510104021047,4,0,0,1
410510104021048,24,0,0,0
410510104021049,19,1,0,0
410510104022000,0,0,0,0
410510104022001,19,1,1,4
410510104022002,0,0,0,0
410510104022003,52,2,2,4
410510104022004,36,0,1,1
410510104022005,65,2,1,11
410510104022006,133,14,5,9
410510104022007,35,1,7,1
410510104022008,341,38,37,3
410510104022009,156,16,16,4
410510104022010,141,10,15,1
410510104022011,130,4,2,4
410510104022012,207,13,18,5
410510104022013,258,10,11,12
410510104022014,65,0,1,0
410510104022015,262,5,26,8
410510104022016,37,4,1,6
410510104022017,7,0,0,0
410510104022018,0,0,0,0
410510104022019,19,0,0,1
410510104022020,0,0,0,0
410510104022021,9,2,1,0
410510104022022,36,1,4,2
410510104022023,199,11,20,7
410510104022024,30,4,0,4
410510104022025,37,3,4,1
410510104022026,6,0,1,0
410510104022027,2,0,0,0
410510104022028,109,4,5,24
410510104022029,0,0,0,0
410510104022030,20,1,1,0
410510104022031,4,0,0,0
410510104022032,58,1,3,3
410510104022033,26,2,1,4
410510104022034,11,0,0,0
410510104022035,0,0,0,0
410510104022036,0,0,0,0
410510104022037,0,0,0,0
410510104023000,39,0,6,0
410510104023001,13,0,0,0
410510104023002,93,0,6,2
410510104023003,15,2,2,1
410510104023004,59,1,1,7
410510104023005,16,0,3,0
410510104023006,31,1,2,0
410510104023007,72,4,3,3
410510104023008,46,4,4,1
410510104023009,45,1,1,7
410510104023010,148,12,15,19
410510104023011,34,1,2,4
410510104023012,38,2,8,1
410510104023013,71,6,14,4
410510104023014,66,4,2,4
410510104023015,31,0,0,4
410510104023016,224,20,13,10
410510104023017,54,2,2,5
410510104023018,19,0,0,13
410510104023019,61,4,14,0
410510104023020,59,1,0,8
410510104023021,52,1,1,4
410510104023022,133,13,24,2
410510104023023,35,5,1,0
410510104023024,16,0,0,3
410510104023025,66,22,3,1
410510104023026,12,3,0,0
410510104023027,46,0,6,4
410510104023028,31,3,7,0
410510104023029,8,3,1,1
410510104023030,92,7,9,6
410510104023031,26,1,0,0
410510104023032,21,1,0,1
410510104023033,10,0,0,2
410510104023034,33,1,1,3
410510104023035,59,3,5,2
410510104023036,14,1,1,1
410510104023037,10,0,0,0
410510104023038,75,1,7,0
410510104023039,4,0,0,0
410510104023040,11,1,0,2
410510104023041,22,1,1,3
410510104051000,93,2,11,7
410510104051001,74,5,2,4
410510104051002,42,3,5,2
410510104051003,325,5,3,2
410510104051004,63,1,9,2
410510104051005,100,9,3,1
410510104051006,44,0,0,0
410510104051007,116,8,0,7
410510104051008,84,1,9,4
410510104051009,209,5,10,5
410510104051010,66,4,0,4
410510104051011,85,10,4,5
410510104051012,91,4,8,1
410510104051013,72,2,8,2
410510104051014,61,1,1,0
410510104051015,108,2,7,3
410510104051016,69,0,3,0
410510104051017,109,3,8,0
410510104051018,42,1,2,8
410510104051019,73,4,16,0
410510104051020,43,3,3,2
410510104052000,174,4,12,5
410510104052001,64,5,6,2
410510104052002,90,4,3,5
410510104052003,58,3,6,3
410510104052004,257,37,12,3
410510104052005,76,9,3,1
410510104052006,64,4,3,2
410510104052007,154,18,4,19
410510104052008,30,0,1,0
410510104052009,51,4,1,0
410510104052010,89,6,2,6
410510104052011,116,6,8,15
410510104053000,1051,80,65,34
410510104053001,87,11,1,2
410510104053002,54,3,4,2
410510104053003,384,7,32,17
410510104053004,50,4,2,0
410510104053005,70,8,10,2
410510104053006,54,2,1,1
410510104054000,53,3,1,2
410510104054001,80,7,12,1
410510104054002,82,7,4,2
410510104054003,143,7,6,0
410510104054004,38,0,3,1
410510104054005,245,20,14,15
410510104054006,62,6,3,7
410510104054007,135,9,11,0
410510104054008,389,8,10,9
410510104054009,19,2,3,0
410510104054010,0,0,0,0
410510104071000,171,9,19,0
410510104071001,301,24,14,7
410510104071002,121,9,5,5
410510104071003,16,5,3,1
410510104071004,175,10,25,1
410510104071005,76,10,5,4
410510104071006,64,6,6,0
410510104071007,204,12,2,19
410510104071008,43,0,3,11
410510104071009,57,3,0,2
410510104071010,101,2,9,7
410510104071011,69,8,3,3
410510104071012,0,0,0,0
410510104071013,226,16,13,13
410510104071014,41,4,1,7
410510104071015,68,11,6,2
410510104071016,41,5,3,0
410510104071017,104,6,10,0
410510104071018,38,1,3,1
410510104071019,113,6,5,5
410510104071020,52,1,7,2
410510104071021,372,14,57,9
410510104071022,48,1,1,4
410510104071023,40,2,4,0
410510104071024,52,13,4,0
410510104071025,95,3,5,2
410510104071026,80,4,6,4
410510104071027,101,8,9,8
410510104072000,0,0,0,0
410510104072001,0,0,0,0
410510104072002,6,0,1,0
410510104072003,0,0,0,0
410510104072004,0,0,0,0
410510104072005,0,0,0,0
410510104072006,313,18,12,22
410510104072007,189,20,7,4
410510104072008,689,78,60,31
410510104072009,377,18,3,11
410510104072010,0,0,0,0
410510104072011,12,0,1,1
410510104072012,162,4,3,3
410510104072013,23,2,3,1
410510104072014,40,5,11,2
410510104072015,62,10,9,8
410510104072016,16,1,0,0
410510104072017,0,0,0,0
410510104072018,0,0,0,0
410510104073000,361,44,38,12
410510104073001,398,45,33,32
410510104073002,167,8,13,2
410510104073003,172,13,11,3
410510104073004,90,5,12,2
410510104073005,114,6,4,11
410510104081000,359,33,14,20
410510104081001,264,23,25,6
410510104081002,152,7,12,11
410510104081003,97,14,3,5
410510104081004,90,3,5,10
410510104081005,41,0,0,3
410510104081006,198,16,21,10
410510104081007,64,7,7,0
410510104081008,109,7,5,4
410510104081009,39,2,2,7
410510104082000,317,47,36,11
410510104082001,38,0,2,3
410510104082002,133,5,17,17
410510104082003,92,5,11,3
410510104082004,97,1,2,5
410510104082005,105,4,8,5
410510104082006,30,3,8,0
410510104082007,57,2,2,0
410510104082008,70,1,3,4
410510104082009,265,24,16,18
410510104082010,122,9,8,10
410510104082011,68,6,4,2
410510104082012,55,1,5,2
410510104082013,49,0,1,2
410510104082014,30,4,3,1
410510104082015,267,29,22,8
410510104082016,65,4,1,4
410510104082017,42,1,7,0
410510104082018,22,2,2,1
410510104082019,39,4,1,1
410510104082020,0,0,0,0
410510104082021,17,0,0,0
410510104082022,18,3,3,2
410510104082023,38,1,2,6
410510104082024,22,1,1,0
410510104082025,33,1,1,3
410510104082026,16,3,3,2
410510104082027,18,0,2,0
410510104082028,31,2,6,0
410510104082029,19,3,0,2
410510104082030,158,1,0,16
410510104082031,26,4,3,3
410510104082032,63,4,5,9
410510104082033,0,0,0,0
410510104083000,0,0,0,0
410510104083001,0,0,0,0
410510104083002,0,0,0,0
410510104083003,0,0,0,0
410510104083004,209,14,28,12
410510104083005,775,51,65,18
410510104083006,118,8,6,12
410510104083007,30,6,1,1
410510104083008,102,7,9,7
410510104084000,163,14,20,10
410510104084001,383,6,42,24
410510104084002,110,11,9,7
410510104084003,528,39,41,19
410510104084004,91,3,11,7
410510104084005,123,5,3,9
410510104084006,60,9,9,2
410510104084007,78,1,8,0
410510104084008,60,2,4,5
410510104101000,367,11,35,6
410510104101001,397,18,14,10
410510104101002,108,20,6,4
410510104101003,0,0,0,0
410510104101004,0,0,0,0
410510104101005,0,0,0,0
410510104101006,0,0,0,0
410510104101007,506,45,17,0
410510104101008,53,6,2,3
410510104101009,762,29,26,24
410510104101010,0,0,0,0
410510104102000,994,57,45,39
410510104102001,791,37,58,27
410510104103000,86,6,6,5
410510104103001,510,25,23,20
410510104103002,72,6,6,3
410510104103003,161,5,12,5
410510104111000,55,3,5,6
410510104111001,106,10,10,6
410510104111002,122,0,8,5
410510104111003,48,5,4,1
410510104111004,63,3,0,11
410510104111005,171,11,25,2
410510104111006,81,18,4,10
410510104111007,142,7,8,3
410510104111008,598,20,22,16
410510104111009,26,1,0,2
410510104111010,0,0,0,0
410510104111011,31,1,2,0
410510104111012,183,7,17,1
410510104111013,291,29,22,18
410510104112000,182,9,20,16
410510104112001,737,23,14,5
410510104112002,200,4,16,3
410510104112003,153,14,4,1
410510104112004,87,1,2,0
410510104121000,51,1,5,7
410510104121001,115,13,12,0
410510104121002,77,4,6,1
410510104121003,0,0,0,0
410510104121004,0,0,0,0
410510104121005,53,2,5,2
410510104121006,65,10,2,9
410510104121007,71,3,4,8
410510104121008,2,0,0,0
410510104121009,54,3,7,0
410510104121010,27,1,8,1
410510104121011,52,3,0,4
410510104121012,26,0,3,1
410510104121013,52,2,1,10
410510104121014,49,8,3,2
410510104121015,59,3,6,7
410510104121016,129,12,12,8
410510104121017,20,1,0,2
410510104121018,18,2,0,0
410510104121019,0,0,0,0
410510104121020,0,0,0,0
410510104121021,120,6,6,4
410510104121022,0,0,0,0
410510104121023,0,0,0,0
410510104121024,16,0,0,0
410510104121025,0,0,0,0
410510104121026,0,0,0,0
410510104121027,15,0,4,0
410510104121028,4,0,2,0
410510104121029,77,0,5,7
410510104121030,13,0,1,0
410510104121031,17,5,0,1
410510104121032,27,1,2,0
410510104121033,0,0,0,0
410510104122000,44,1,9,0
410510104122001,75,2,2,2
410510104122002,210,27,22,3
410510104122003,41,2,3,0
410510104122004,317,29,34,1
410510104122005,54,9,0,4
410510104122006,188,3,16,11
410510104122007,78,3,3,15
410510104122008,57,1,0,11
410510104122009,53,3,5,1
410510104122010,80,14,3,1
410510104122011,156,8,17,6
410510104122012,227,21,9,6
410510104122013,26,0,3,2
410510104122014,30,2,2,3
410510104122015,65,0,4,0
410510104122016,66,6,1,2
410510104122017,78,4,8,5
410510104122018,61,11,2,10
410510104122019,56,4,12,5
410510104122020,43,5,4,0
410510104122021,178,18,27,9
410510104122022,10,0,0,0
410510104131000,58,7,4,1
410510104131001,514,27,30,10
410510104131002,41,1,3,0
410510104131003,106,6,13,7
410510104131004,231,19,25,11
410510104131005,487,37,26,4
410510104131006,41,7,2,2
410510104131007,94,5,1,4
410510104131008,220,16,17,15
410510104131009,84,4,10,5
410510104131010,0,0,0,0
410510104131011,28,2,0,0
410510104131012,390,35,41,25
410510104131013,83,5,5,3
410510104131014,203,4,12,2
410510104131015,22,4,1,0
410510104132000,89,8,9,6
410510104132001,39,4,5,2
410510104132002,59,1,5,3
410510104132003,287,8,22,4
410510104132004,26,1,1,1
410510104132005,47,6,7,0
410510104132006,77,7,7,7
410510104132007,23,2,0,2
410510104132008,227,4,18,17
410510104132009,56,1,11,1
410510104132010,78,12,3,4
410510104132011,76,2,10,10
410510104132012,43,5,0,1
410510104132013,123,6,8,7
410510104132014,47,4,4,1
410510104132015,20,1,0,0
410510104132016,60,13,3,0
410510104132017,97,1,2,4
410510104132018,63,9,8,1
410510104132019,90,0,1,9
410510104132020,35,4,0,2
410510104132021,65,4,5,0
410510104132022,36,3,3,0
410510104132023,37,0,0,0
410510104132024,82,6,15,7
410510104132025,38,0,1,2
410510104132026,154,21,6,21
410510104132027,54,4,7,0
410510104132028,40,3,0,1
410510104132029,41,2,11,0
410510104132030,37,1,6,0
410510104132031,50,5,4,1
410510104132032,111,4,8,0
410510104132033,70,4,14,0
410510104132034,31,0,6,0
410510104132035,117,6,6,4
410510105001000,0,0,0,0
410510105001001,0,0,0,0
410510105001002,0,0,0,0
410510105001003,0,0,0,0
410510105001004,0,0,0,0
410510105001005,0,0,0,0
410510105001006,18,0,1,0
410510105001007,0,0,0,0
410510105001008,0,0,0,0
410510105001009,0,0,0,0
410510105001010,0,0,0,0
410510105001011,0,0,0,0
410510105001012,0,0,0,0
410510105001013,0,0,0,0
410510105001014,0,0,0,0
410510105001015,0,0,0,0
410510105001016,0,0,0,0
410510105001017,0,0,0,0
410510105001018,0,0,0,0
410510105001019,0,0,0,0
410510105001020,0,0,0,0
410510105001021,0,0,0,0
410510105001022,96,5,8,1
410510105001023,35,0,2,0
410510105001024,0,0,0,0
410510105001025,0,0,0,0
410510105001026,0,0,0,0
410510105001027,0,0,0,0
410510105001028,66,1,6,2
410510105001029,198,16,18,22
410510105001030,12,0,1,0
410510105001031,111,14,3,1
410510105001032,39,6,0,0
410510105001033,10,1,0,0
410510105001034,0,0,0,0
410510105001035,27,0,0,1
410510105001036,0,0,0,0
410510105001037,3,0,0,0
410510105001038,0,0,0,0
410510105001039,0,0,0,0
410510105001040,0,0,0,0
410510105001041,0,0,0,0
410510105001042,24,1,0,0
410510105001043,0,0,0,0
410510105001044,0,0,0,0
410510105001045,0,0,0,0
410510105001046,0,0,0,0
410510105001047,14,1,0,0
410510105001048,12,2,1,0
410510105001049,0,0,0,0
410510105001050,21,0,0,0
410510105001051,36,3,2,0
410510105001052,16,0,1,2
410510105001053,48,0,1,0
410510105001054,0,0,0,0
410510105001055,60,4,6,1
410510105001056,0,0,0,0
410510105001057,0,0,0,0
410510105001058,0,0,0,0
410510105001059,10,3,4,0
410510105001060,9,2,2,0
410510105001061,14,0,0,0
410510105001062,52,7,11,3
410510105001063,0,0,0,0
410510105001064,9,2,2,0
410510105001065,15,0,0,0
410510105002000,249,29,5,10
410510105002001,71,2,7,2
410510105002002,71,3,2,6
410510105002003,51,6,5,1
410510105002004,17,0,0,0
410510105002005,0,0,0,0
410510105002006,93,1,11,0
410510105002007,50,7,1,1
410510105002008,26,2,5,2
410510105002009,16,3,0,0
410510105002010,79,1,3,0
410510105002011,9,2,1,0
410510105002012,40,0,0,4
410510105002013,3,2,0,0
410510105002014,20,0,3,2
410510105002015,69,7,1,0
410510105002016,19,0,3,0
410510105002017,106,6,3,6
410510105002018,30,1,3,2
410510105002019,8,0,2,3
410510105002020,25,2,0,5
410510105002021,54,5,3,0
410510105002022,11,0,2,0
410510105002023,13,3,3,1
410510105002024,28,0,0,1
410510105002025,48,2,6,3
410510105002026,0,0,0,0
410510105003000,0,0,0,0
410510105003001,0,0,0,0
410510105003002,0,0,0,0
410510105003003,0,0,0,0
410510105003004,0,0,0,0
410510105003005,0,0,0,0
410510105003006,0,0,0,0
410510105003007,0,0,0,0
410510105003008,1,0,1,0
410510105003009,0,0,0,0
410510105003010,0,0,0,0
410510105003011,0,0,0,0
410510105003012,3,1,1,0
410510105003013,0,0,0,0
410510105003014,0,0,0,0
410510105003015,0,0,0,0
410510105003016,0,0,0,0
410510105003017,0,0,0,0
410510105003018,0,0,0,0
410510105003019,0,0,0,0
410510105003020,0,0,0,0
410510105003021,0,0,0,0
410510105003022,0,0,0,0
410510105003023,42,0,0,10
410510105003024,0,0,0,0
410510105003025,0,0,0,0
410510105003026,0,0,0,0
410510105003027,12,0,0,0
410510105003028,0,0,0,0
410510105003029,0,0,0,0
410510105003030,0,0,0,0
410510105003031,0,0,0,0
410510105003032,0,0,0,0
410510105003033,2,0,1,1
410510105003034,0,0,0,0
410510105003035,7,0,0,0
410510105003036,0,0,0,0
410510105003037,0,0,0,0
410510105003038,0,0,0,0
410510105003039,5,0,0,0
410510105003040,0,0,0,0
410510105003041,0,0,0,0
410510105003042,5,0,0,0
410510105003043,0,0,0,0
410510105003044,0,0,0,0
410510105003045,0,0,0,0
410510105003046,0,0,0,0
410510105003047,0,0,0,0
410510105003048,0,0,0,0
410510105003049,0,0,0,0
410510105003050,0,0,0,0
410510105003051,0,0,0,0
410510105003052,0,0,0,0
410510105003053,0,0,0,0
410510105003054,0,0,0,0
410510105003055,0,0,0,0
410510105003056,0,0,0,0
410510105003057,8,3,0,0
410510105003058,20,0,3,0
410510105003059,0,0,0,0
410510105003060,11,0,1,0
410510105003061,4,0,1,2
410510105003062,8,0,0,0
410510105003063,3,0,0,0
410510105003064,0,0,0,0
410510105003065,0,0,0,0
410510105003066,0,0,0,0
410510105003067,0,0,0,0
410510105003068,0,0,0,0
410510105003069,0,0,0,0
410510105003070,0,0,0,0
410510105003071,0,0,0,0
410510105003072,0,0,0,0
410510105003073,0,0,0,0
410510105003074,0,0,0,0
410510105003075,0,0,0,0
410510105003076,0,0,0,0
410510105003077,0,0,0,0
410510105003078,0,0,0,0
410510105003079,0,0,0,0
410510105003080,0,0,0,0
410510105003081,0,0,0,0
410510105003082,0,0,0,0
410510105003083,0,0,0,0
410510105003084,0,0,0,0
410510105003085,0,0,0,0
410510105003086,0,0,0,0
410510105003087,0,0,0,0
410510105003088,0,0,0,0
410510105003089,0,0,0,0
410510105003090,0,0,0,0
410510105003091,0,0,0,0
410510105003092,0,0,0,0
410510105003093,0,0,0,0
410510105003094,0,0,0,0
410510105003095,0,0,0,0
410510105003096,0,0,0,0
410510105003097,0,0,0,0
410510105003098,0,0,0,0
410510105003099,0,0,0,0
410510105003100,0,0,0,0
410510105003101,0,0,0,0
410510105003102,0,0,0,0
410510105003103,0,0,0,0
410510105003104,32,0,0,1
410510105003105,7,1,5,0
410510105003106,26,0,1,0
410510105003107,0,0,0,0
410510105003108,0,0,0,0
410510105003109,0,0,0,0
410510105003110,0,0,0,0
410510105003111,0,0,0,0
410510105003112,0,0,0,0
410510105003113,0,0,0,0
410510105003114,0,0,0,0
410510105003115,0,0,0,0
410510105003116,0,0,0,0
410510105003117,0,0,0,0
410510105003118,0,0,0,0
410510105003119,0,0,0,0
410510105003120,0,0,0,0
410510105003121,19,0,0,2
410510105003122,9,1,0,0
410510105003123,21,0,2,0
410510105003124,0,0,0,0
410510105003125,12,1,1,1
410510105003126,12,0,0,0
410510105003127,240,11,13,6
410510105003128,0,0,0,0
410510105003129,8,0,1,0
410510105003130,0,0,0,0
410510105003131,18,0,0,0
410510105003132,16,1,4,0
410510105003133,25,0,5,0
410510105003134,10,0,3,0
410510105003135,22,3,1,0
410510105003136,0,0,0,0
410510105003137,87,2,2,14
410510105003138,8,1,0,0
410510105003139,0,0,0,0
410510105003140,0,0,0,0
410510105003141,7,5,0,1
410510105003142,92,8,4,5
410510105003143,15,0,2,1
410510105003144,0,0,0,0
410510105003145,0,0,0,0
410510105003146,0,0,0,0
410510105003147,0,0,0,0
410510105003148,0,0,0,0
410510105003149,0,0,0,0
410510105003150,0,0,0,0
410510105004000,69,1,9,0
410510105004001,12,0,0,2
410510105004002,14,0,4,1
410510105004003,0,0,0,0
410510105004004,9,1,3,3
410510105004005,5,1,0,2
410510105004006,100,4,2,4
410510105004007,3,2,0,0
410510105004008,0,0,0,0
410510105004009,242,5,19,10
410510105004010,20,1,0,0
410510105004011,60,0,0,5
410510105004012,11,1,0,1
410510105004013,0,0,0,0
410510105004014,52,3,8,0
410510105004015,19,0,0,0
410510105004016,26,0,2,0
410510105004017,0,0,0,0
410510105004018,16,0,2,2
410510105004019,0,0,0,0
410510105004020,23,1,1,0
410510105004021,0,0,0,0
410510105004022,13,0,1,2
410510105004023,50,1,4,1
410510105004024,69,6,1,0
410510105004025,0,0,0,0
410510105004026,27,0,4,0
410510105004027,27,4,4,1
410510105004028,3,0,0,0
410510105004029,0,0,0,0
410510105004030,0,0,0,0
410510105004031,3,2,0,0
410510105004032,8,0,1,0
410510105004033,9,0,1,1
410510105004034,11,1,0,4
410510105004035,0,0,0,0
410510105004036,57,6,2,1
410510105004037,11,0,1,0
410510105004038,0,0,0,0
410510106011000,54,0,0,1
410510106011001,103,0,1,0
410510106011002,27,0,0,1
410510106011003,667,1,1,6
410510106011004,522,7,16,36
410510106011005,0,0,0,0
410510106012000,0,0,0,0
410510106012001,26,6,0,3
410510106012002,104,0,0,1
410510106012003,32,1,0,1
410510106012004,0,0,0,0
410510106012005,0,0,0,0
410510106012006,0,0,0,0
410510106012007,0,0,0,0
410510106012008,23,0,1,1
410510106012009,0,0,0,0
410510106012010,12,0,1,1
410510106012011,0,0,0,0
410510106012012,0,0,0,0
410510106012013,0,0,0,0
410510106012014,47,1,0,4
410510106012015,0,0,0,0
410510106012016,0,0,0,0
410510106012017,12,0,0,0
410510106012018,0,0,0,0
410510106012019,78,0,0,0
410510106012020,0,0,0,0
410510106012021,11,0,0,0
410510106021000,0,0,0,0
410510106021001,0,0,0,0
410510106021002,20,0,0,0
410510106021003,0,0,0,0
410510106021004,36,1,0,0
410510106021005,0,0,0,0
410510106021006,9,0,0,0
410510106021007,16,2,2,0
410510106021008,0,0,0,0
410510106021009,0,0,0,0
410510106021010,22,0,0,0
410510106021011,36,3,0,3
410510106021012,47,0,0,0
410510106021013,0,0,0,0
410510106021014,0,0,0,0
410510106021015,0,0,0,0
410510106021016,0,0,0,0
410510106021017,125,0,0,0
410510106021018,0,0,0,0
410510106021019,1,0,0,0
410510106021020,3,0,0,0
410510106021021,7,0,0,0
410510106021022,0,0,0,0
410510106021023,0,0,0,0
410510106021024,39,0,1,0
410510106021025,0,0,0,0
410510106021026,0,0,0,0
410510106021027,0,0,0,0
410510106021028,0,0,0,0
410510106021029,0,0,0,0
410510106021030,9,0,0,0
410510106021031,0,0,0,0
410510106021032,0,0,0,0
410510106021033,0,0,0,0
410510106021034,0,0,0,0
410510106021035,0,0,0,0
410510106021036,53,0,0,0
410510106021037,100,0,0,2
410510106021038,112,4,1,3
410510106021039,0,0,0,0
410510106021040,0,0,0,0
410510106021041,0,0,0,0
410510106021042,0,0,0,0
410510106021043,0,0,0,0
410510106021044,26,1,0,0
410510106021045,0,0,0,0
410510106021046,0,0,0,0
410510106022000,0,0,0,0
410510106022001,50,1,0,0
410510106022002,14,1,0,1
410510106022003,3,0,0,0
410510106022004,0,0,0,0
410510106022005,0,0,0,0
410510106022006,13,0,0,0
410510106022007,0,0,0,0
410510106022008,78,0,0,0
410510106022009,0,0,0,0
410510106022010,0,0,0,0
410510106022011,0,0,0,0
410510106022012,0,0,0,0
410510106022013,85,0,0,0
410510106022014,35,1,0,0
410510106022015,0,0,0,0
410510106022016,0,0,0,0
410510106022017,0,0,0,0
410510106022018,0,0,0,0
410510106022019,0,0,0,0
410510106022020,0,0,0,0
410510106022021,0,0,0,0
410510106022022,0,0,0,0
410510106022023,0,0,0,0
410510106022024,0,0,0,0
410510106022025,0,0,0,0
410510106022026,0,0,0,0
410510106022027,0,0,0,0
410510106022028,233,1,0,1
410510106022029,0,0,0,0
410510106022030,0,0,0,0
410510106022031,0,0,0,0
410510106022032,7,0,0,0
410510106022033,0,0,0,0
410510106022034,0,0,0,0
410510106022035,9,0,0,0
410510106022036,20,0,0,1
410510106022037,0,0,0,0
410510106022038,0,0,0,0
410510106022039,0,0,0,0
410510106022040,0,0,0,0
410510106022041,0,0,0,0
410510106022042,0,0,0,0
410510106022043,196,2,0,1
410510106022044,0,0,0,0
410510106022045,0,0,0,0
410510106022046,0,0,0,0
410510106022047,1,0,0,0
410510106022048,0,0,0,0
410510106022049,0,0,0,0
410510106022050,0,0,0,0
410510106022051,0,0,0,0
410510106022052,15,0,1,0
410510106022053,0,0,0,0
410510106022054,0,0,0,0
410510106022055,0,0,0,0
410510106022056,0,0,0,0
410510106022057,10,0,0,0
410510106022058,0,0,0,0
410510106022059,0,0,0,0
410510106022060,50,0,0,0
410510106022061,50,0,1,0
410510106022062,0,0,0,0
410510106022063,0,0,0,0
410510106022064,0,0,0,0
410510106022065,0,0,0,0
410510106022066,256,0,0,1
410510106022067,0,0,0,0
410510106022068,0,0,0,0
410510106022069,0,0,0,0
410510106022070,0,0,0,0
410510106022071,0,0,0,0
410510106022072,0,0,0,0
410510106022073,0,0,0,0
410519800001000,0,0,0,0
410519800001001,0,0,0,0
410519800001002,0,0,0,0
410519800001003,0,0,0,0
410519800001004,0,0,0,0
410519800001005,0,0,0,0
410519800001006,0,0,0,0
410519800001007,0,0,0,0
410519800001008,18,0,1,0
410519800001009,0,0,0,0
410519800001010,0,0,0,0
410519800001011,0,0,0,0
410519800001012,0,0,0,0
410519800001013,0,0,0,0
410519800001014,0,0,0,0
410519800001015,0,0,0,0
410519800001016,12,0,0,0
410519800001017,0,0,0,0
410519800001018,0,0,0,0
410519800001019,0,0,0,0
410519800001020,0,0,0,0
410519800001021,0,0,0,0
410519800001022,0,0,0,0
410519800001023,0,0,0,0
410519800001024,0,0,0,0
410519800001025,25,1,0,0
410519800001026,0,0,0,0
410519800001027,0,0,0,0
410519800001028,0,0,0,0
410670301031000,264,0,2,1
410670301031001,118,5,9,3
410670301031002,84,0,7,1
410670301031003,12,2,1,2
410670301031004,674,17,17,17
410670301031005,107,11,9,4
410670301031006,41,0,1,4
410670301032000,8,0,1,1
410670301032001,1616,40,33,19
410670301032002,30,3,7,2
410670301032003,64,0,2,0
410670301032004,0,0,0,0
410670301032005,42,1,6,3
410670301032006,36,0,1,0
410670301032007,45,0,2,0
410670301032008,0,0,0,0
410670301033000,479,19,9,4
410670301033001,0,0,0,0
410670301033002,0,0,0,0
410670301033003,0,0,0,0
410670301033004,348,10,10,12
410670301033005,178,4,8,3
410670301033006,81,2,0,0
410670301033007,0,0,0,0
410670301033008,92,1,0,0
410670301033009,233,20,19,3
410670301033010,0,0,0,0
410670301033011,19,3,3,0
410670301033012,15,2,0,1
410670301033013,0,0,0,0
410670301033014,19,0,2,0
410670301033015,36,2,1,1
410670301033016,11,0,3,0
410670301033017,129,2,1,0
410670301033018,0,0,0,0
410670301033019,27,0,0,0
410670301033020,0,0,0,0
410670301033021,0,0,0,0
410670301033022,0,0,0,0
410670301033023,0,0,0,0
410670301033024,43,1,0,0
410670301033025,0,0,0,0
410670301033026,0,0,0,0
410670301041000,61,1,3,6
410670301041001,75,10,2,0
410670301041002,47,3,0,0
410670301041003,126,10,9,10
410670301041004,27,0,0,0
410670301041005,61,5,7,9
410670301041006,63,2,6,0
410670301041007,32,5,2,0
410670301041008,38,4,11,1
410670301041009,44,6,3,3
410670301041010,29,4,1,3
410670301041011,126,12,9,3
410670301041012,15,3,0,0
410670301041013,38,2,1,4
410670301041014,41,1,5,2
410670301041015,113,10,6,9
410670301041016,35,7,3,0
410670301041017,40,7,0,0
410670301041018,108,6,3,5
410670301041019,14,1,0,0
410670301041020,89,9,7,7
410670301041021,189,12,19,1
410670301042000,202,10,13,7
410670301042001,386,15,14,3
410670301042002,246,9,9,15
410670301042003,118,7,12,4
410670301042004,26,0,2,2
410670301042005,101,3,4,4
410670301042006,113,2,7,0
410670301042007,0,0,0,0
410670301043000,165,12,16,7
410670301043001,49,4,3,0
410670301043002,0,0,0,0
410670301043003,13,0,0,0
410670301043004,23,4,1,0
410670301043005,15,1,2,0
410670301043006,167,10,9,11
410670301043007,22,6,0,3
410670301043008,67,5,0,4
410670301043009,47,4,1,1
410670301043010,42,6,3,2
410670301043011,12,1,1,1
410670301043012,0,0,0,0
410670301043013,39,6,0,3
410670301043014,64,0,4,0
410670301043015,41,0,0,8
410670301043016,32,1,3,0
410670301043017,49,5,2,0
410670301043018,34,0,2,1
410670301043019,71,6,2,3
410670301043020,501,9,16,12
410670301043021,46,1,0,1
410670301043022,52,3,2,6
410670301043023,0,0,0,0
410670301043024,21,2,7,2
410670301043025,0,0,0,0
410670301043026,0,0,0,0
410670301051000,317,25,11,7
410670301051001,84,3,5,7
410670301051002,75,1,2,3
410670301051003,477,13,23,9
410670301051004,167,1,1,0
410670301052000,0,0,0,0
410670301052001,0,0,0,0
410670301052002,119,4,12,5
410670301052003,72,5,7,6
410670301052004,0,0,0,0
410670301052005,69,2,1,0
410670301052006,16,3,1,2
410670301052007,0,0,0,0
410670301052008,102,2,8,0
410670301052009,133,23,8,2
410670301052010,334,30,14,14
410670301053000,607,24,18,7
410670301053001,228,12,4,1
410670301053002,265,20,6,1
410670301053003,92,11,2,0
410670301053004,0,0,0,0
410670301061000,0,0,0,0
410670301061001,0,0,0,0
410670301061002,0,0,0,0
410670301061003,1063,87,73,34
410670301061004,88,7,8,4
410670301061005,79,2,0,0
410670301061006,74,6,7,1
410670301061007,47,5,3,1
410670301061008,133,5,13,1
410670301061009,24,0,0,0
410670301061010,53,2,7,5
410670301061011,177,11,14,6
410670301061012,23,1,4,0
410670301061013,24,0,2,3
410670301061014,33,2,0,4
410670301061015,37,7,0,0
410670301061016,33,0,0,5
410670301062000,10,0,0,0
410670301062001,27,0,4,6
410670301062002,266,19,22,9
410670301062003,40,0,6,0
410670301062004,47,6,6,4
410670301062005,40,0,8,4
410670301062006,0,0,0,0
410670301062007,37,2,3,1
410670301062008,18,1,2,3
410670301062009,258,16,19,17
410670301062010,25,4,0,3
410670301062011,48,6,3,2
410670301062012,117,19,10,11
410670301062013,42,0,14,3
410670301062014,313,10,30,19
410670301062015,58,6,7,0
410670301062016,25,0,4,1
410670301062017,92,8,1,1
410670301062018,232,26,7,19
410670301062019,19,2,0,2
410670301062020,36,0,2,3
410670301062021,132,21,8,5
410670301062022,69,9,8,2
410670301062023,115,5,20,7
410670301062024,38,0,11,0
410670301062025,68,12,3,0
410670301062026,31,0,3,4
410670301062027,0,0,0,0
410670301062028,0,0,0,0
410670301062029,0,0,0,0
410670301062030,4,1,0,0
410670301062031,24,0,0,4
410670302001000,0,0,0,0
410670302001001,0,0,0,0
410670302001002,0,0,0,0
410670302001003,224,23,9,3
410670302001004,118,6,8,8
410670302001005,88,1,0,0
410670302001006,25,1,1,0
410670302001007,28,5,1,0
410670302001008,46,1,0,0
410670302001009,366,4,22,2
410670302001010,18,0,0,0
410670302001011,75,4,5,1
410670302001012,0,0,0,0
410670302001013,0,0,0,0
410670302001014,260,12,16,12
410670302001015,43,1,1,0
410670302001016,0,0,0,0
410670302001017,0,0,0,0
410670302001018,0,0,0,0
410670302001019,4,1,1,0
410670302001020,26,2,2,1
410670302001021,3,0,0,0
410670302001022,17,0,0,1
410670302002000,132,8,9,3
410670302002001,19,3,2,0
410670302002002,30,5,0,2
410670302002003,10,2,0,0
410670302002004,228,9,10,9
410670302002005,68,1,2,1
410670302002006,21,1,1,0
410670302002007,55,4,14,5
410670302002008,37,1,2,1
410670302002009,135,12,11,5
410670302002010,26,0,0,4
410670302002011,332,29,20,11
410670302002012,27,1,1,0
410670302002013,48,4,5,1
410670302002014,41,3,5,1
410670302002015,26,0,0,2
410670302002016,32,2,4,1
410670302002017,93,0,3,13
410670302002018,45,0,4,0
410670302003000,0,0,0,0
410670302003001,9,0,1,1
410670302003002,174,11,9,0
410670302003003,4,0,0,0
410670302003004,94,6,9,3
410670302003005,25,1,2,3
410670302003006,73,3,5,1
410670302003007,40,5,3,2
410670302003008,185,13,10,7
410670302003009,11,0,0,0
410670302003010,0,0,0,0
410670302003011,15,0,2,4
410670302003012,59,3,1,0
410670302003013,24,1,2,2
410670302003014,204,7,7,12
410670302003015,448,27,16,12
410670302003016,39,4,1,5
410670302003017,0,0,0,0
410670302003018,0,0,0,0
410670302003019,78,1,2,6
410670302003020,0,0,0,0
410670302003021,0,0,0,0
410670302003022,58,5,3,0
410670302003023,62,3,2,6
410670302003024,72,4,1,0
410670302003025,151,5,19,2
410670302003026,100,7,16,1
410670302003027,41,3,0,5
410670302003028,11,1,4,4
410670302003029,60,6,2,3
410670302003030,0,0,0,0
410670302003031,10,0,0,0
410670302003032,7,0,0,0
410670302003033,0,0,0,0
410670302003034,0,0,0,0
410670302003035,0,0,0,0
410670302003036,0,0,0,0
410670302003037,0,0,0,0
410670302003038,0,0,0,0
410670302003039,3,0,0,0
410670302003040,0,0,0,0
410670302003041,38,6,2,1
410670302003042,81,1,3,0
410670302004000,0,0,0,0
410670302004001,72,1,1,0
410670302004002,88,0,3,0
410670302004003,108,1,1,15
410670302004004,77,7,1,1
410670302004005,215,18,15,1
410670302004006,31,1,2,0
410670302004007,0,0,0,0
410670302004008,0,0,0,0
410670302004009,3,0,0,0
410670302004010,40,3,1,0
410670302004011,47,1,5,0
410670302004012,36,2,1,0
410670302004013,74,0,0,3
410670302004014,129,15,4,10
410670302004015,279,10,24,16
410670302004016,47,3,5,2
410670302004017,16,1,0,0
410670302004018,61,10,7,0
410670302004019,8,1,0,1
410670302004020,107,3,3,6
410670302004021,9,0,0,0
410670302004022,35,1,3,2
410670302004023,26,1,3,2
410670303001000,0,0,0,0
410670303001001,0,0,0,0
410670303001002,34,2,0,1
410670303001003,13,0,3,0
410670303001004,236,16,12,20
410670303001005,0,0,0,0
410670303001006,14,2,1,1
410670303001007,15,0,3,0
410670303001008,244,8,18,7
410670303001009,0,0,0,0
410670303001010,0,0,0,0
410670303001011,114,5,9,4
410670303001012,37,4,0,2
410670303001013,0,0,0,0
410670303001014,15,2,0,1
410670303001015,21,1,1,0
410670303001016,110,10,4,1
410670303001017,55,1,9,0
410670303001018,18,0,1,1
410670303001019,0,0,0,0
410670303001020,32,0,6,0
410670303001021,154,2,14,11
410670303001022,30,0,1,6
410670303001023,116,13,13,2
410670303001024,29,0,2,0
410670303001025,22,0,1,2
410670303001026,0,0,0,0
410670303001027,0,0,0,0
410670303001028,18,0,2,0
410670303001029,32,0,1,5
410670303001030,24,0,0,1
410670303001031,21,1,0,0
410670303001032,27,1,0,1
410670303002000,132,6,8,1
410670303002001,389,18,22,16
410670303002002,73,3,6,11
410670303002003,62,0,1,1
410670303002004,22,0,1,0
410670303002005,19,3,1,0
410670303002006,29,3,1,3
410670303002007,20,0,1,0
410670303002008,41,2,0,0
410670303002009,10,0,1,1
410670303002010,6,0,0,0
410670303002011,10,3,1,1
410670303002012,0,0,0,0
410670303002013,122,3,11,0
410670303002014,29,0,1,1
410670303002015,23,3,4,0
410670303002016,30,1,1,0
410670303002017,32,3,2,0
410670303002018,13,0,0,0
410670303003000,119,1,4,0
410670303003001,15,1,4,0
410670303003002,13,0,0,0
410670303003003,15,1,4,1
410670303003004,83,2,11,5
410670303003005,36,0,4,1
410670303003006,64,11,5,2
410670303003007,78,4,8,3
410670303003008,7,0,0,2
410670303003009,18,3,2,3
410670303003010,22,0,0,1
410670303003011,43,0,1,4
410670303003012,83,3,9,11
410670303003013,29,0,3,2
410670303003014,32,0,1,7
410670303003015,10,1,0,0
410670303003016,43,1,0,7
410670303003017,1,0,1,0
410670303004000,66,0,4,9
410670303004001,126,9,14,0
410670303004002,1,1,0,0
410670303004003,44,7,1,0
410670303004004,0,0,0,0
410670303004005,26,5,4,1
410670303004006,0,0,0,0
410670303004007,17,0,0,2
410670303004008,18,0,1,1
410670303004009,0,0,0,0
410670303004010,49,2,4,1
410670303004011,57,3,3,0
410670303004012,96,6,8,3
410670303004013,28,0,2,0
410670303004014,707,38,26,27
410670303004015,9,3,0,0
410670303004016,10,4,0,2
410670303004017,0,0,0,0
410670303004018,10,0,0,0
410670303004019,27,2,1,0
410670303004020,34,9,5,0
410670303004021,14,2,2,0
410670303004022,68,3,13,5
410670303004023,58,2,9,1
410670303004024,40,1,2,1
410670304011000,105,3,3,1
410670304011001,10,1,0,0
410670304011002,445,8,10,2
410670304011003,55,3,3,1
410670304011004,89,4,0,1
410670304012000,67,1,1,0
410670304012001,235,4,5,4
410670304012002,120,12,12,2
410670304012003,35,7,5,0
410670304012004,174,11,12,1
410670304012005,49,4,1,2
410670304012006,17,0,0,0
410670304012007,34,2,0,0
410670304012008,61,9,3,7
410670304012009,43,5,1,0
410670304012010,29,2,4,1
410670304012011,46,2,3,3
410670304012012,29,1,1,0
410670304012013,79,5,4,0
410670304012014,58,6,9,0
410670304012015,51,0,1,0
410670304012016,64,6,1,2
410670304012017,52,2,5,0
410670304012018,32,8,6,2
410670304012019,35,4,1,1
410670304012020,74,3,6,0
410670304012021,46,1,1,1
410670304012022,48,2,0,5
410670304012023,0,0,0,0
410670304012024,48,2,0,3
410670304012025,96,1,5,7
410670304012026,177,6,7,17
410670304012027,23,0,1,0
410670304012028,49,2,3,0
410670304012029,64,1,4,6
410670304012030,52,3,0,4
410670304012031,41,3,6,1
410670304012032,34,0,0,0
410670304012033,52,1,6,5
410670304012034,110,1,8,0
410670304012035,54,3,4,0
410670304012036,27,3,1,1
410670304012037,33,3,2,4
410670304013000,386,16,6,11
410670304013001,114,6,12,3
410670304013002,47,2,6,2
410670304013003,64,6,2,1
410670304013004,0,0,0,0
410670304013005,0,0,0,0
410670304013006,0,0,0,0
410670304013007,0,0,0,0
410670304013008,0,0,0,0
410670304013009,0,0,0,0
410670304013010,41,2,1,2
410670304013011,0,0,0,0
410670304013012,197,24,10,5
410670304013013,62,4,7,2
410670304013014,567,17,49,27
410670304013015,0,0,0,0
410670304013016,0,0,0,0
410670304013017,0,0,0,0
410670304013018,0,0,0,0
410670304013019,0,0,0,0
410670304013020,88,4,12,7
410670304013021,62,3,3,2
410670304013022,43,0,2,5
410670304013023,77,1,6,2
410670304021000,0,0,0,0
410670304021001,567,10,16,11
410670304021002,27,0,0,0
410670304021003,81,1,5,3
410670304021004,19,0,1,1
410670304021005,0,0,0,0
410670304021006,0,0,0,0
410670304021007,0,0,0,0
410670304021008,89,4,0,1
410670304021009,0,0,0,0
410670304021010,19,0,1,1
410670304021011,146,4,13,11
410670304021012,199,1,12,1
410670304021013,0,0,0,0
410670304021014,14,0,1,0
410670304021015,138,2,8,7
410670304021016,44,1,3,2
410670304021017,128,7,14,10
410670304021018,11,1,2,1
410670304021019,0,0,0,0
410670304021020,92,2,1,2
410670304021021,0,0,0,0
410670304021022,0,0,0,0
410670304022000,245,8,8,6
410670304022001,65,4,7,8
410670304022002,14,1,1,1
410670304022003,47,2,2,0
410670304022004,49,0,5,0
410670304022005,450,14,19,16
410670304022006,96,0,1,0
410670304022007,46,1,0,0
410670304022008,0,0,0,0
410670304022009,27,3,0,0
410670304022010,85,10,6,0
410670304022011,55,1,0,0
410670304022012,0,0,0,0
410670304022013,0,0,0,0
410670304022014,28,1,0,0
410670304023000,0,0,0,0
410670304023001,217,2,3,2
410670304023002,118,4,4,3
410670304023003,38,0,9,0
410670304023004,88,5,6,4
410670304023005,13,1,2,0
410670304023006,25,1,4,0
410670304023007,45,1,1,1
410670304023008,17,5,1,0
410670304023009,68,5,3,3
410670304023010,0,0,0,0
410670304023011,156,2,3,1
410670304023012,49,1,2,3
410670304023013,122,1,3,1
410670304023014,10,1,0,0
410670304023015,16,2,0,0
410670304023016,0,0,0,0
410670304023017,0,0,0,0
410670304023018,0,0,0,0
410670304023019,0,0,0,0
410670304023020,25,3,2,0
410670304023021,101,2,5,3
410670304023022,15,3,0,2
410670304023023,26,0,0,0
410670304023024,59,2,2,1
410670304023025,28,0,0,0
410670304023026,153,5,9,4
410670304023027,32,0,0,0
410670304023028,79,13,1,0
410670304023029,48,1,3,4
410670304023030,60,14,4,1
410670304023031,49,3,8,1
410670304023032,13,1,3,1
410670304023033,132,2,5,0
410670305011000,121,8,14,6
410670305011001,48,0,2,5
410670305011002,46,0,0,1
410670305011003,406,18,7,6
410670305011004,75,9,5,1
410670305011005,84,8,4,1
410670305011006,73,2,3,7
410670305011007,143,11,4,0
410670305011008,34,0,3,4
410670305011009,23,0,0,0
410670305011010,119,1,8,2
410670305011011,0,0,0,0
410670305011012,0,0,0,0
410670305012000,23,0,5,1
410670305012001,0,0,0,0
410670305012002,231,17,10,8
410670305012003,16,0,0,0
410670305012004,11,2,1,3
410670305012005,106,4,1,2
410670305012006,2,0,0,1
410670305012007,0,0,0,0
410670305012008,163,20,8,4
410670305012009,128,1,17,5
410670305012010,28,1,2,0
410670305012011,87,5,4,7
410670305012012,26,3,0,2
410670305012013,34,0,0,2
410670305012014,30,0,1,0
410670305012015,38,0,0,0
410670305012016,414,17,44,19
410670305012017,12,0,1,1
410670305012018,88,0,10,1
410670305012019,58,0,4,5
410670305012020,69,4,0,2
410670305013000,137,7,6,1
410670305013001,98,4,8,3
410670305013002,249,13,8,8
410670305013003,17,0,0,0
410670305013004,81,0,4,3
410670305013005,18,3,1,1
410670305013006,32,4,0,3
410670305013007,42,1,2,2
410670305013008,40,0,3,0
410670305013009,29,0,1,0
410670305013010,7,0,0,0
410670305013011,14,0,0,0
410670305013012,325,27,10,5
410670305013013,0,0,0,0
410670305013014,49,0,2,4
410670305013015,158,10,10,6
410670305013016,105,1,9,1
410670305013017,133,4,0,8
410670305013018,0,0,0,0
410670305014000,62,2,1,4
410670305014001,471,39,27,19
410670305014002,14,0,0,0
410670305014003,41,7,3,0
410670305014004,40,0,6,1
410670305014005,48,1,2,1
410670305014006,28,0,0,4
410670305014007,101,6,8,5
410670305014008,177,19,8,7
410670305014009,35,3,0,1
410670305014010,57,0,2,0
410670305021000,92,3,1,5
410670305021001,23,3,1,1
410670305021002,42,2,1,1
410670305021003,63,2,2,3
410670305021004,435,29,22,15
410670305021005,48,1,6,3
410670305021006,86,2,10,0
410670305021007,0,0,0,0
410670305021008,81,8,8,4
410670305021009,84,11,5,1
410670305021010,12,0,1,0
410670305021011,310,15,17,10
410670305021012,33,0,3,0
410670305021013,26,3,4,2
410670305021014,17,2,2,2
410670305021015,92,8,1,0
410670305021016,71,5,4,0
410670305021017,207,15,9,11
410670305021018,10,5,0,1
410670305021019,23,0,1,1
410670305021020,5,0,1,0
410670305021021,16,0,1,0
410670305021022,9,1,1,3
410670305021023,19,1,0,1
410670305021024,36,3,1,4
410670305021025,0,0,0,0
410670305021026,0,0,0,0
410670305021027,31,1,5,3
410670305021028,15,0,0,0
410670305022000,229,6,19,0
410670305022001,50,0,3,3
410670305022002,576,27,37,19
410670305022003,0,0,0,0
410670305022004,50,1,4,1
410670305022005,29,2,1,0
410670305022006,15,2,1,0
410670305022007,102,1,7,1
410670305022008,23,5,3,1
410670305022009,0,0,0,0
410670305023000,0,0,0,0
410670305023001,139,6,7,3
410670305023002,111,10,3,1
410670305023003,171,2,4,3
410670305023004,0,0,0,0
410670305023005,0,0,0,0
410670305023006,82,0,2,1
410670305023007,134,5,6,2
410670305023008,181,3,9,7
410670305023009,83,2,2,3
410670305023010,164,13,19,2
410670305023011,14,3,1,2
410670305023012,108,9,11,6
410670306001000,36,0,1,0
410670306001001,50,3,5,0
410670306001002,152,11,13,4
410670306001003,35,11,1,0
410670306001004,146,0,13,6
410670306001005,464,15,7,10
410670306001006,59,1,5,3
410670306001007,49,3,7,0
410670306001008,56,0,6,0
410670306001009,119,13,6,0
410670306001010,34,3,6,0
410670306001011,21,0,3,0
410670306001012,42,6,2,0
410670306001013,19,0,3,0
410670306001014,30,1,3,4
410670306001015,38,2,2,0
410670306001016,68,6,4,0
410670306001017,19,0,3,0
410670306001018,112,1,4,5
410670306001019,38,2,1,0
410670306001020,110,8,4,4
410670306001021,4,0,1,0
410670306001022,43,0,2,1
410670306001023,40,0,0,0
410670306001024,29,1,2,0
410670306002000,0,0,0,0
410670306002001,0,0,0,0
410670306002002,42,10,1,1
410670306002003,38,6,0,0
410670306002004,85,12,6,0
410670306002005,40,1,2,2
410670306002006,42,2,3,2
410670306002007,115,7,7,0
410670306002008,52,5,6,6
410670306002009,0,0,0,0
410670306002010,76,0,0,3
410670306002011,49,0,0,2
410670306002012,54,0,0,4
410670306002013,39,0,0,0
410670306002014,28,0,0,0
410670306002015,37,2,3,3
410670306002016,19,0,1,0
410670306002017,29,0,0,0
410670306002018,44,3,6,0
410670306002019,100,8,4,0
410670306002020,57,0,2,3
410670306002021,63,0,1,1
410670306002022,27,0,2,0
410670306002023,34,1,0,3
410670306002024,0,0,0,0
410670306002025,15,0,2,0
410670306002026,29,1,0,3
410670306002027,22,1,1,1
410670306002028,18,1,2,6
410670306002029,20,1,1,0
410670306002030,10,2,0,1
410670306003000,165,11,6,0
410670306003001,53,2,2,3
410670306003002,289,12,20,1
410670306003003,30,2,2,0
410670306003004,41,6,7,2
410670306003005,13,0,0,1
410670306003006,184,6,5,6
410670306003007,307,22,19,7
410670306003008,5,1,0,1
410670306003009,45,0,0,0
410670306003010,33,2,1,2
410670306003011,27,3,0,2
410670306003012,11,0,1,0
410670306003013,64,4,3,2
410670306003014,139,12,8,6
410670306004000,71,5,5,2
410670306004001,61,2,3,2
410670306004002,43,1,1,1
410670306004003,387,14,18,0
410670306004004,62,9,6,3
410670306004005,186,17,2,8
410670306004006,103,2,12,0
410670306004007,113,6,1,3
410670306004008,268,15,25,8
410670306004009,0,0,0,0
410670306004010,183,6,9,17
410670306004011,0,0,0,0
410670306004012,0,0,0,0
410670306004013,48,3,10,3
410670307001000,0,0,0,0
410670307001001,5,0,1,0
410670307001002,0,0,0,0
410670307001003,0,0,0,0
410670307001004,0,0,0,0
410670307001005,0,0,0,0
410670307001006,0,0,0,0
410670307001007,40,3,5,1
410670307001008,1,0,0,0
410670307001009,41,2,2,0
410670307001010,4,0,0,0
410670307001011,17,0,0,0
410670307001012,5,0,0,0
410670307001013,5,1,0,1
410670307001014,0,0,0,0
410670307001015,0,0,0,0
410670307001016,13,0,1,0
410670307001017,20,0,1,0
410670307001018,16,2,2,5
410670307001019,25,2,0,1
410670307001020,11,0,0,0
410670307001021,0,0,0,0
410670307001022,1,0,0,0
410670307001023,0,0,0,0
410670307001024,0,0,0,0
410670307001025,0,0,0,0
410670307001026,0,0,0,0
410670307001027,12,1,2,0
410670307001028,198,6,4,9
410670307001029,0,0,0,0
410670307001030,31,2,1,0
410670307001031,74,3,2,0
410670307001032,34,4,2,1
410670307001033,115,3,7,0
410670307001034,0,0,0,0
410670307001035,36,3,0,0
410670307002000,0,0,0,0
410670307002001,0,0,0,0
410670307002002,25,0,1,2
410670307002003,0,0,0,0
410670307002004,0,0,0,0
410670307002005,0,0,0,0
410670307002006,0,0,0,0
410670307002007,0,0,0,0
410670307002008,269,11,8,13
410670307002009,196,8,12,6
410670307002010,24,6,2,2
410670307002011,20,0,3,1
410670307002012,3,0,0,0
410670307002013,238,13,18,3
410670307002014,83,5,2,2
410670307002015,0,0,0,0
410670307002016,1,0,0,0
410670307002017,0,0,0,0
410670307002018,0,0,0,0
410670307002019,0,0,0,0
410670307002020,0,0,0,0
410670308011000,0,0,0,0
410670308011001,0,0,0,0
410670308011002,12,2,2,0
410670308011003,0,0,0,0
410670308011004,253,4,7,4
410670308011005,155,10,11,7
410670308011006,41,1,1,10
410670308011007,0,0,0,0
410670308011008,0,0,0,0
410670308011009,233,7,10,0
410670308011010,66,4,3,9
410670308011011,100,5,11,6
410670308011012,163,11,12,3
410670308011013,65,3,5,6
410670308011014,123,8,3,8
410670308011015,79,2,3,13
410670308011016,47,2,4,1
410670308011017,179,7,7,4
410670308011018,348,18,21,1
410670308011019,97,2,8,1
410670308011020,101,13,5,2
410670308011021,401,21,9,5
410670308011022,27,3,2,1
410670308012000,174,21,2,5
410670308012001,117,11,12,0
410670308012002,314,20,35,11
410670308012003,44,6,9,5
410670308012004,63,2,4,1
410670308012005,56,0,1,0
410670308012006,55,0,1,1
410670308012007,49,3,6,0
410670308012008,143,5,6,0
410670308012009,95,6,2,3
410670308012010,265,16,12,13
410670308012011,64,6,6,0
410670308012012,115,5,7,4
410670308012013,36,4,1,0
410670308012014,61,3,8,1
410670308013000,73,7,4,6
410670308013001,166,11,12,8
410670308013002,91,5,1,4
410670308013003,41,4,1,1
410670308013004,607,19,27,16
410670308013005,67,6,3,1
410670308013006,46,1,0,2
410670308013007,189,16,7,6
410670308013008,51,6,1,4
410670308014000,0,0,0,0
410670308014001,20,1,3,4
410670308014002,327,22,7,8
410670308014003,686,49,43,20
410670308014004,65,0,8,3
410670308014005,22,3,3,4
410670308014006,208,22,11,5
410670308014007,269,15,9,11
410670308014008,22,2,1,0
410670308014009,45,6,1,1
410670308014010,55,1,5,0
410670308014011,60,3,1,7
410670308014012,37,3,0,0
410670308031000,85,4,1,0
410670308031001,84,0,6,1
410670308031002,95,11,4,6
410670308031003,283,11,10,18
410670308031004,45,0,0,0
410670308031005,847,35,64,9
410670308031006,138,3,2,7
410670308031007,51,2,1,4
410670308031008,66,5,1,2
410670308031009,60,3,6,3
410670308032000,64,3,3,5
410670308032001,61,2,2,0
410670308032002,102,1,5,0
410670308032003,39,0,1,0
410670308032004,35,0,0,1
410670308032005,255,0,0,0
410670308032006,39,0,0,2
410670308032007,86,1,1,0
410670308032008,113,1,5,5
410670308032009,36,0,1,0
410670308032010,12,0,0,0
410670308033000,66,2,2,5
410670308033001,24,1,0,0
410670308033002,19,2,1,0
410670308033003,74,5,5,4
410670308033004,22,0,3,5
410670308033005,30,3,0,2
410670308033006,247,15,11,13
410670308033007,39,0,0,0
410670308033008,56,6,6,2
410670308033009,46,0,2,1
410670308033010,22,1,0,0
410670308033011,51,2,8,0
410670308033012,148,5,6,3
410670308033013,125,4,1,1
410670308033014,103,0,1,3
410670308033015,28,4,1,3
410670308033016,50,0,0,0
410670308033017,9,0,0,1
410670308033018,83,1,2,0
410670308033019,44,0,1,0
410670308033020,56,1,0,0
410670308033021,162,6,15,2
410670308033022,46,2,2,0
410670308033023,35,1,1,5
410670308033024,58,2,5,3
410670308033025,118,3,6,2
410670308033026,62,7,0,2
410670308033027,69,4,4,0
410670308034000,162,3,1,5
410670308034001,231,8,13,4
410670308034002,347,3,1,1
410670308034003,29,0,1,1
410670308034004,0,0,0,0
410670308051000,351,22,29,19
410670308051001,103,2,2,12
410670308051002,50,3,6,3
410670308051003,261,25,8,5
410670308051004,35,4,2,1
410670308051005,121,3,7,1
410670308051006,237,28,8,13
410670308051007,97,4,2,0
410670308051008,0,0,0,0
410670308052000,43,1,0,0
410670308052001,34,0,3,0
410670308052002,31,1,1,1
410670308052003,319,3,14,2
410670308052004,168,0,0,3
410670308052005,88,0,4,1
410670308052006,201,9,2,1
410670308053000,90,13,1,3
410670308053001,646,32,49,29
410670308053002,644,14,17,9
410670308053003,22,2,1,0
410670308053004,53,2,3,0
410670308053005,0,0,0,0
410670308053006,171,7,8,2
410670308053007,98,2,8,1
410670308053008,39,3,3,1
410670308053009,106,6,11,3
410670308053010,17,0,0,4
410670308061000,73,8,9,1
410670308061001,188,12,19,3
410670308061002,58,1,1,1
410670308061003,26,1,2,2
410670308061004,246,5,19,20
410670308061005,32,5,4,0
410670308061006,17,0,0,2
410670308061007,48,7,0,0
410670308061008,302,10,11,1
410670308061009,33,2,1,2
410670308061010,49,8,0,1
410670308061011,65,7,1,1
410670308061012,55,14,2,0
410670308061013,411,43,26,5
410670308061014,56,2,8,1
410670308061015,68,4,6,0
410670308061016,252,9,14,32
410670308062000,0,0,0,0
410670308062001,0,0,0,0
410670308062002,0,0,0,0
410670308062003,0,0,0,0
410670308062004,0,0,0,0
410670308062005,0,0,0,0
410670308062006,0,0,0,0
410670308062007,0,0,0,0
410670308062008,0,0,0,0
410670308062009,0,0,0,0
410670308062010,0,0,0,0
410670308062011,23,4,0,0
410670308062012,720,59,65,42
410670308062013,43,1,2,0
410670308062014,61,7,0,0
410670308062015,112,9,4,4
410670308062016,24,3,0,1
410670308062017,0,0,0,0
410670309001000,0,0,0,0
410670309001001,549,38,40,26
410670309001002,314,8,20,5
410670309001003,0,0,0,0
410670309001004,56,2,5,4
410670309001005,0,0,0,0
410670309001006,464,35,25,13
410670309001007,456,37,32,15
410670309001008,87,5,7,3
410670309002000,549,26,47,16
410670309002001,0,0,0,0
410670309002002,65,6,2,4
410670309002003,0,0,0,0
410670309002004,289,16,6,9
410670309002005,53,2,1,5
410670309002006,90,4,9,0
410670309002007,55,9,0,2
410670309002008,56,6,3,0
410670309002009,55,4,4,1
410670309002010,64,4,3,1
410670309002011,22,0,8,0
410670309002012,115,4,1,4
410670309002013,174,6,6,1
410670309002014,44,5,1,0
410670309002015,0,0,0,0
410670309002016,80,5,5,6
410670309002017,38,2,0,0
410670309002018,494,41,41,22
410670309003000,0,0,0,0
410670309003001,0,0,0,0
410670309003002,0,0,0,0
410670309003003,0,0,0,0
410670309003004,0,0,0,0
410670309003005,0,0,0,0
410670309003006,0,0,0,0
410670309003007,0,0,0,0
410670309003008,0,0,0,0
410670309003009,139,2,8,0
410670309003010,0,0,0,0
410670309003011,0,0,0,0
410670309003012,0,0,0,0
410670309003013,0,0,0,0
410670309003014,0,0,0,0
410670309003015,0,0,0,0
410670309003016,0,0,0,0
410670309003017,0,0,0,0
410670309003018,0,0,0,0
410670309003019,0,0,0,0
410670309003020,0,0,0,0
410670309003021,0,0,0,0
410670309003022,0,0,0,0
410670309003023,0,0,0,0
410670309003024,0,0,0,0
410670309003025,0,0,0,0
410670309003026,0,0,0,0
410670309003027,0,0,0,0
410670309003028,0,0,0,0
410670309003029,0,0,0,0
410670309003030,310,26,18,3
410670309003031,169,11,0,6
410670309003032,178,8,9,4
410670309003033,36,0,0,0
410670309003034,0,0,0,0
410670309003035,53,1,2,2
410670309003036,149,1,19,6
410670309003037,39,1,1,0
410670309003038,446,39,40,15
410670309003039,33,1,1,2
410670310051000,26,1,3,0
410670310051001,0,0,0,0
410670310051002,215,14,8,9
410670310051003,109,3,12,3
410670310051004,59,7,3,2
410670310051005,64,1,1,3
410670310051006,71,0,1,9
410670310051007,73,5,4,0
410670310051008,360,17,20,21
410670310051009,108,10,1,0
410670310051010,70,5,10,1
410670310051011,96,6,5,6
410670310051012,66,5,2,1
410670310052000,73,4,5,2
410670310052001,159,7,4,4
410670310052002,170,3,10,5
410670310052003,35,2,1,3
410670310052004,41,2,1,1
410670310052005,189,2,15,9
410670310052006,20,1,5,2
410670310052007,21,0,0,3
410670310052008,115,13,9,3
410670310052009,150,10,7,3
410670310052010,202,4,12,4
410670310052011,44,3,1,0
410670310052012,86,7,3,0
410670310052013,39,5,3,1
410670310052014,54,1,2,8
410670310052015,103,8,6,2
410670310052016,74,5,4,5
410670310053000,0,0,0,0
410670310053001,276,23,29,15
410670310053002,210,19,18,0
410670310053003,273,17,17,14
410670310053004,226,27,13,6
410670310053005,45,1,1,1
410670310053006,135,1,3,1
410670310053007,65,1,8,1
410670310053008,68,3,3,2
410670310053009,73,5,2,0
410670310053010,33,2,0,1
410670310053011,83,5,12,3
410670310054000,107,3,14,7
410670310054001,225,15,18,6
410670310054002,1005,82,110,35
410670310054003,46,2,0,0
410670310054004,149,7,6,0
410670310054005,32,4,0,1
410670310071000,117,10,5,4
410670310071001,239,13,5,10
410670310071002,196,13,12,15
410670310071003,69,2,2,0
410670310071004,62,4,3,1
410670310072000,867,31,69,24
410670310072001,41,5,1,4
410670310072002,95,5,6,3
410670310072003,55,2,5,1
410670310072004,31,5,3,2
410670310072005,57,0,0,1
410670310072006,117,10,5,0
410670310072007,61,2,3,11
410670310072008,180,5,8,15
410670310072009,92,10,9,1
410670310072010,83,3,3,3
410670310072011,132,0,13,1
410670310072012,58,2,6,1
410670310072013,55,0,0,9
410670310072014,38,0,3,0
410670310072015,49,1,0,0
410670310072016,57,1,6,5
410670310072017,83,2,5,2
410670310081000,35,2,3,1
410670310081001,50,2,6,0
410670310081002,36,5,0,0
410670310081003,116,5,7,8
410670310081004,219,9,21,15
410670310081005,154,22,9,1
410670310081006,38,4,2,0
410670310081007,26,2,0,2
410670310081008,107,12,6,0
410670310081009,115,5,0,4
410670310081010,69,1,2,0
410670310081011,50,11,2,0
410670310081012,35,1,3,1
410670310081013,54,1,7,0
410670310081014,145,2,9,4
410670310081015,42,2,1,2
410670310082000,81,6,4,8
410670310082001,45,9,3,0
410670310082002,292,18,24,9
410670310082003,99,1,4,6
410670310082004,71,0,7,2
410670310082005,82,2,8,9
410670310082006,29,2,4,1
410670310082007,48,6,2,2
410670310082008,62,1,6,4
410670310082009,44,6,1,0
410670310082010,29,0,1,4
410670310082011,64,5,2,3
410670310082012,68,5,6,5
410670310082013,84,4,0,4
410670310083000,137,11,8,2
410670310083001,74,3,9,1
410670310083002,108,8,7,6
410670310083003,90,16,10,1
410670310083004,160,0,10,4
410670310083005,54,3,3,0
410670310083006,90,12,4,1
410670310083007,47,0,1,2
410670310084000,153,14,0,6
410670310084001,0,0,0,0
410670310084002,19,1,0,1
410670310084003,110,4,7,0
410670310084004,46,2,5,1
410670310084005,68,8,6,1
410670310084006,49,4,0,2
410670310084007,35,0,1,1
410670310084008,295,14,12,11
410670310084009,33,0,1,1
410670310084010,44,1,0,0
410670310084011,282,13,19,18
410670310084012,105,3,14,2
410670310084013,141,17,4,10
410670310084014,56,12,6,2
410670310084015,60,4,8,0
410670310084016,43,1,1,1
410670310084017,44,4,4,4
410670310091000,82,7,4,4
410670310091001,136,10,5,5
410670310091002,74,5,11,4
410670310091003,257,29,19,6
410670310091004,105,5,7,6
410670310091005,86,3,10,2
410670310091006,102,2,3,14
410670310091007,112,5,12,4
410670310091008,195,9,7,3
410670310091009,65,2,1,2
410670310092000,125,11,5,6
410670310092001,39,0,0,2
410670310092002,39,1,6,1
410670310092003,17,0,2,1
410670310092004,71,10,5,6
410670310092005,39,3,5,1
410670310092006,239,18,20,17
410670310092007,46,5,2,4
410670310092008,504,13,30,7
410670310092009,469,24,12,15
410670310092010,365,17,12,5
410670310093000,87,3,4,7
410670310093001,48,0,1,10
410670310093002,136,8,7,2
410670310093003,127,0,15,4
410670310093004,53,8,2,1
410670310093005,49,0,5,5
410670310093006,149,21,16,0
410670310093007,38,1,1,5
410670310093008,118,19,12,4
410670310093009,26,2,0,0
410670310093010,102,0,13,0
410670310093011,204,5,19,6
410670310093012,28,1,4,0
410670310093013,77,0,2,5
410670310093014,91,3,16,10
410670310093015,191,27,2,21
410670310093016,145,14,11,2
410670310093017,133,6,17,12
410670310093018,52,0,5,0
410670310093019,54,5,5,1
410670310093020,48,1,1,2
410670310101000,309,13,8,11
410670310101001,79,7,0,2
410670310101002,83,3,6,5
410670310101003,73,3,1,1
410670310101004,53,5,4,5
410670310101005,43,1,6,3
410670310101006,55,1,1,2
410670310101007,67,0,14,0
410670310101008,37,6,3,1
410670310101009,75,0,0,0
410670310101010,65,3,4,2
410670310102000,469,37,19,15
410670310102001,44,1,6,4
410670310102002,46,1,5,0
410670310102003,55,8,1,6
410670310102004,111,5,6,9
410670310102005,41,0,1,0
410670310102006,144,5,17,4
410670310102007,419,5,4,7
410670310111000,250,21,19,8
410670310111001,118,4,7,2
410670310111002,162,3,4,11
410670310111003,166,8,17,8
410670310111004,199,8,3,1
410670310111005,89,0,4,1
410670310112000,0,0,0,0
410670310112001,0,0,0,0
410670310112002,0,0,0,0
410670310112003,0,0,0,0
410670310112004,388,19,13,15
410670310112005,78,3,8,8
410670310112006,84,5,3,2
410670310112007,164,14,9,12
410670310112008,122,3,8,8
410670310113000,98,5,11,3
410670310113001,564,58,55,35
410670310113002,140,10,14,4
410670310113003,175,26,11,23
410670310113004,289,3,13,2
410670310113005,202,12,11,8
410670310113006,149,6,14,4
410670310121000,1076,44,23,34
410670310121001,83,2,1,0
410670310121002,80,1,3,5
410670310121003,220,8,8,5
410670310121004,47,2,6,3
410670310121005,102,3,3,0
410670310122000,41,3,2,4
410670310122001,183,7,8,5
410670310122002,98,2,13,8
410670310122003,103,4,7,3
410670310122004,100,6,4,4
410670310122005,56,4,5,2
410670310122006,64,9,2,4
410670310122007,315,17,10,14
410670310122008,143,11,3,19
410670310122009,106,6,4,1
410670311001000,198,10,12,6
410670311001001,30,8,2,2
410670311001002,13,1,0,2
410670311001003,24,0,0,6
410670311001004,105,13,10,3
410670311001005,49,1,2,0
410670311001006,0,0,0,0
410670311001007,0,0,0,0
410670311001008,108,7,10,13
410670311001009,265,17,5,4
410670311001010,80,2,3,7
410670311001011,113,2,7,11
410670311001012,69,6,2,0
410670311001013,50,3,1,2
410670311001014,65,2,4,2
410670311001015,62,2,4,5
410670311001016,389,25,19,8
410670311001017,54,2,7,1
410670311001018,47,4,3,0
410670311001019,165,8,12,1
410670311001020,42,4,1,2
410670311002000,17,0,1,0
410670311002001,0,0,0,0
410670311002002,0,0,0,0
410670311002003,0,0,0,0
410670311002004,0,0,0,0
410670311002005,15,3,0,0
410670311002006,0,0,0,0
410670311002007,114,2,4,0
410670311002008,142,14,14,2
410670311002009,208,1,24,8
410670311002010,6,0,0,0
410670311002011,0,0,0,0
410670311002012,25,2,1,2
410670311002013,3,0,1,0
410670311002014,123,8,10,5
410670311002015,76,5,4,3
410670311002016,170,13,19,8
410670311002017,46,0,0,0
410670311002018,52,2,0,0
410670311002019,39,5,1,0
410670312011000,0,0,0,0
410670312011001,0,0,0,0
410670312011002,0,0,0,0
410670312011003,112,2,6,5
410670312011004,55,6,2,7
410670312011005,46,8,3,1
410670312011006,35,5,1,1
410670312011007,56,2,2,0
410670312011008,93,4,2,2
410670312011009,93,5,16,0
410670312011010,661,56,58,23
410670312012000,0,0,0,0
410670312012001,0,0,0,0
410670312012002,0,0,0,0
410670312012003,0,0,0,0
410670312012004,0,0,0,0
410670312012005,110,3,0,0
410670312012006,0,0,0,0
410670312012007,0,0,0,0
410670312012008,26,0,0,1
410670312012009,0,0,0,0
410670312012010,0,0,0,0
410670312012011,17,2,2,1
410670312012012,0,0,0,0
410670312012013,0,0,0,0
410670312012014,8,0,0,0
410670312012015,15,0,3,0
410670312012016,20,0,1,2
410670312012017,15,0,0,0
410670312012018,14,0,0,1
410670312012019,0,0,0,0
410670312012020,0,0,0,0
410670312012021,0,0,0,0
410670312012022,0,0,0,0
410670312012023,0,0,0,0
410670312012024,17,0,3,1
410670312012025,19,3,2,2
410670312012026,24,1,0,2
410670312012027,0,0,0,0
410670312012028,11,0,1,0
410670312012029,26,7,4,2
410670312012030,0,0,0,0
410670312012031,14,0,0,0
410670312012032,6,0,0,1
410670312012033,17,1,1,2
410670312012034,7,0,0,0
410670312012035,43,1,4,2
410670312012036,0,0,0,0
410670312012037,17,0,0,0
410670312012038,10,1,0,0
410670312012039,7,0,0,1
410670312012040,394,7,6,2
410670312012041,27,0,1,0
410670312012042,28,0,0,0
410670312012043,0,0,0,0
410670312012044,38,0,0,2
410670312012045,22,2,3,1
410670312012046,38,0,1,0
410670312012047,36,3,0,1
410670312012048,92,1,8,7
410670312012049,44,1,0,4
410670312012050,653,48,55,36
410670312012051,20,0,2,2
410670312012052,23,0,0,2
410670312012053,22,1,4,2
410670312012054,19,0,3,4
410670312021000,431,19,28,13
410670312021001,50,2,0,3
410670312021002,383,20,19,5
410670312021003,77,1,5,2
410670312021004,104,8,4,2
410670312021005,141,19,8,5
410670312021006,52,8,3,2
410670312021007,197,14,12,11
410670312021008,83,5,8,2
410670312021009,49,6,9,2
410670312021010,476,51,38,15
410670312021011,0,0,0,0
410670312022000,280,11,22,7
410670312022001,26,1,5,5
410670312022002,0,0,0,0
410670312022003,464,24,25,21
410670312022004,241,1,2,0
410670312022005,32,2,1,0
410670312023000,160,12,5,4
410670312023001,221,14,7,1
410670312023002,236,9,10,1
410670312023003,354,10,19,7
410670312023004,75,3,6,0
410670312023005,130,14,9,4
410670312023006,231,11,11,20
410670313011000,0,0,0,0
410670313011001,0,0,0,0
410670313011002,325,17,12,1
410670313011003,100,5,0,4
410670313011004,22,3,3,1
410670313011005,0,0,0,0
410670313011006,0,0,0,0
410670313011007,6,0,0,0
410670313011008,33,0,0,0
410670313011009,39,1,1,1
410670313011010,191,7,9,12
410670313011011,286,9,18,5
410670313011012,539,19,13,6
410670313011013,0,0,0,0
410670313011014,0,0,0,0
410670313011015,0,0,0,0
410670313011016,41,2,1,4
410670313011017,13,1,3,1
410670313011018,12,0,0,2
410670313011019,188,6,5,15
410670313011020,14,1,0,0
410670313011021,6,1,1,0
410670313011022,0,0,0,0
410670313011023,0,0,0,0
410670313011024,0,0,0,0
410670313011025,0,0,0,0
410670313011026,14,0,0,1
410670313011027,7,0,2,1
410670313011028,20,4,3,0
410670313011029,102,1,1,0
410670313012000,11,4,0,0
410670313012001,68,5,2,0
410670313012002,15,4,0,0
410670313012003,15,2,0,0
410670313012004,149,8,4,5
410670313012005,172,7,8,2
410670313012006,27,6,1,0
410670313012007,121,2,0,1
410670313012008,45,2,1,1
410670313012009,0,0,0,0
410670313012010,78,1,2,2
410670313012011,0,0,0,0
410670313012012,0,0,0,0
410670313012013,0,0,0,0
410670313012014,0,0,0,0
410670313012015,21,3,1,0
410670313012016,14,2,2,0
410670313012017,0,0,0,0
410670313021000,0,0,0,0
410670313021001,0,0,0,0
410670313021002,89,0,0,0
410670313021003,417,26,27,38
410670313021004,90,2,10,3
410670313021005,287,3,6,7
410670313021006,34,1,1,1
410670313021007,699,46,47,23
410670313021008,117,5,9,0
410670313021009,0,0,0,0
410670313021010,0,0,0,0
410670313021011,242,0,1,0
410670313021012,0,0,0,0
410670313021013,80,5,5,2
410670313021014,9,0,0,1
410670313021015,0,0,0,0
410670313021016,0,0,0,0
410670313021017,0,0,0,0
410670313021018,80,1,4,4
410670313021019,0,0,0,0
410670313021020,0,0,0,0
410670313021021,0,0,0,0
410670313021022,33,2,1,1
410670313021023,0,0,0,0
410670313021024,0,0,0,0
410670313021025,0,0,0,0
410670313021026,0,0,0,0
410670313021027,0,0,0,0
410670313021028,0,0,0,0
410670313021029,0,0,0,0
410670313021030,23,0,0,0
410670313021031,0,0,0,0
410670313021032,0,0,0,0
410670313021033,0,0,0,0
410670313022000,0,0,0,0
410670313022001,0,0,0,0
410670313022002,521,25,18,5
410670313022003,12,0,0,1
410670313022004,85,8,11,3
410670313022005,107,3,6,5
410670313022006,0,0,0,0
410670313022007,0,0,0,0
410670313022008,170,7,11,8
410670313022009,32,1,0,3
410670313022010,31,0,0,0
410670313022011,37,1,3,7
410670313022012,41,6,5,1
410670313022013,53,2,0,0
410670313022014,66,1,6,2
410670313023000,0,0,0,0
410670313023001,0,0,0,0
410670313023002,100,3,4,3
410670313023003,52,4,3,4
410670313023004,490,39,42,27
410670313023005,59,0,1,5
410670313023006,215,29,27,15
410670313023007,114,22,21,3
410670313023008,32,0,5,1
410670313023009,47,0,2,1
410670313023010,46,4,0,0
410670313023011,55,1,0,4
410670313023012,76,3,9,0
410670313023013,48,4,2,0
410670313023014,49,5,3,0
410670313023015,77,7,1,0
410670313023016,47,5,2,1
410670313023017,32,1,3,0
410670314021000,0,0,0,0
410670314021001,0,0,0,0
410670314021002,0,0,0,0
410670314021003,0,0,0,0
410670314021004,0,0,0,0
410670314021005,0,0,0,0
410670314021006,0,0,0,0
410670314021007,0,0,0,0
410670314021008,0,0,0,0
410670314021009,0,0,0,0
410670314021010,0,0,0,0
410670314021011,0,0,0,0
410670314021012,0,0,0,0
410670314021013,0,0,0,0
410670314021014,49,0,7,1
410670314021015,29,1,6,2
410670314021016,0,0,0,0
410670314021017,0,0,0,0
410670314021018,0,0,0,0
410670314021019,461,38,49,24
410670314021020,0,0,0,0
410670314021021,48,5,2,6
410670314021022,348,16,28,6
410670314021023,0,0,0,0
410670314021024,0,0,0,0
410670314021025,308,19,4,3
410670314021026,59,0,5,0
410670314021027,0,0,0,0
410670314021028,0,0,0,0
410670314021029,46,0,8,3
410670314021030,27,0,2,3
410670314021031,44,4,2,1
410670314022000,0,0,0,0
410670314022001,0,0,0,0
410670314022002,0,0,0,0
410670314022003,0,0,0,0
410670314022004,0,0,0,0
410670314022005,0,0,0,0
410670314022006,0,0,0,0
410670314022007,0,0,0,0
410670314022008,0,0,0,0
410670314022009,0,0,0,0
410670314022010,0,0,0,0
410670314022011,0,0,0,0
410670314022012,25,2,2,0
410670314022013,0,0,0,0
410670314022014,1044,24,23,4
410670314022015,0,0,0,0
410670314022016,15,1,0,0
410670314022017,458,6,6,0
410670314022018,0,0,0,0
410670314022019,0,0,0,0
410670314022020,0,0,0,0
410670314022021,0,0,0,0
410670314031000,0,0,0,0
410670314031001,0,0,0,0
410670314031002,0,0,0,0
410670314031003,118,14,5,3
410670314031004,0,0,0,0
410670314031005,0,0,0,0
410670314031006,39,0,2,0
410670314031007,45,6,1,0
410670314031008,81,2,13,0
410670314031009,114,2,6,1
410670314031010,79,1,1,10
410670314031011,53,0,5,2
410670314031012,89,8,1,8
410670314031013,20,1,2,1
410670314031014,38,1,4,0
410670314031015,48,1,1,2
410670314031016,92,11,10,2
410670314031017,80,3,5,4
410670314031018,102,13,9,4
410670314032000,0,0,0,0
410670314032001,0,0,0,0
410670314032002,50,1,4,7
410670314032003,66,5,4,6
410670314032004,0,0,0,0
410670314032005,29,0,1,5
410670314032006,31,0,0,1
410670314032007,253,6,5,3
410670314032008,33,0,0,2
410670314032009,47,4,2,5
410670314032010,45,0,9,1
410670314032011,63,2,5,0
410670314032012,40,1,2,4
410670314032013,44,0,5,1
410670314032014,0,0,0,0
410670314032015,30,0,0,2
410670314032016,0,0,0,0
410670314032017,41,1,7,3
410670314032018,22,1,1,1
410670314032019,58,6,4,1
410670314032020,123,17,2,10
410670314032021,63,9,5,1
410670314032022,54,0,3,2
410670314032023,706,47,49,4
410670314032024,45,3,0,2
410670314032025,48,0,5,1
410670314032026,212,8,8,5
410670314032027,39,2,1,1
410670314032028,39,8,1,0
410670314032029,5,0,0,0
410670314032030,0,0,0,0
410670314032031,0,0,0,0
410670314032032,0,0,0,0
410670314032033,0,0,0,0
410670314032034,26,2,2,1
410670314032035,71,2,3,1
410670314033000,103,7,5,11
410670314033001,52,1,4,4
410670314033002,0,0,0,0
410670314033003,0,0,0,0
410670314033004,0,0,0,0
410670314033005,65,4,11,0
410670314033006,8,0,2,0
410670314033007,4,1,1,0
410670314033008,35,2,0,0
410670314033009,52,3,5,2
410670314033010,97,2,5,3
410670314033011,89,8,10,0
410670314033012,91,1,8,4
410670314033013,23,0,0,1
410670314033014,18,5,1,0
410670314033015,646,42,18,27
410670314033016,39,1,3,3
410670314033017,34,3,3,1
410670314033018,81,8,3,6
410670314033019,22,0,1,0
410670314033020,94,1,9,3
410670314033021,33,2,4,1
410670314033022,60,7,3,1
410670314033023,26,5,0,2
410670314033024,27,0,3,0
410670314033025,54,3,2,2
410670314041000,0,0,0,0
410670314041001,0,0,0,0
410670314041002,88,2,5,0
410670314041003,274,13,14,5
410670314041004,91,8,4,0
410670314041005,333,6,22,0
410670314041006,27,0,2,1
410670314041007,0,0,0,0
410670314041008,0,0,0,0
410670314041009,34,0,2,6
410670314041010,24,1,0,0
410670314041011,72,9,2,7
410670314041012,47,6,3,0
410670314041013,43,0,4,0
410670314041014,107,4,13,0
410670314041015,18,3,3,1
410670314041016,96,5,4,3
410670314041017,64,5,5,1
410670314041018,49,4,1,2
410670314041019,55,1,5,10
410670314041020,0,0,0,0
410670314041021,0,0,0,0
410670314042000,0,0,0,0
410670314042001,36,0,1,1
410670314042002,46,2,0,4
410670314042003,55,3,5,3
410670314042004,68,2,7,4
410670314042005,90,11,3,8
410670314042006,76,6,6,4
410670314042007,35,0,0,2
410670314042008,55,1,4,2
410670314042009,68,0,0,1
410670314042010,89,1,7,7
410670314042011,27,1,0,0
410670314042012,51,0,0,7
410670314042013,0,0,0,0
410670314042014,0,0,0,0
410670314042015,102,2,8,13
410670314042016,27,0,0,0
410670314042017,21,1,1,2
410670314043000,0,0,0,0
410670314043001,13,2,1,1
410670314043002,47,1,0,0
410670314043003,26,0,1,0
410670314043004,116,5,7,6
410670314043005,47,2,10,0
410670314043006,62,1,2,3
410670314043007,34,2,1,3
410670314043008,103,5,1,0
410670314043009,0,0,0,0
410670314043010,92,6,6,0
410670314043011,49,9,0,3
410670314043012,55,5,1,2
410670314043013,85,7,3,0
410670314043014,47,0,1,1
410670314043015,144,12,3,2
410670314043016,276,11,45,9
410670314043017,42,2,1,2
410670314043018,0,0,0,0
410670314043019,0,0,0,0
410670314043020,222,5,3,7
410670314043021,87,0,4,2
410670314043022,62,3,5,6
410670314043023,78,1,0,1
410670314043024,95,2,4,0
410670314043025,200,6,7,5
410670314043026,0,0,0,0
410670314043027,64,2,3,6
410670314043028,41,1,6,2
410670314043029,0,0,0,0
410670314043030,40,4,0,3
410670314043031,0,0,0,0
410670314043032,86,5,6,0
410670314044000,62,1,5,4
410670314044001,100,2,0,3
410670314044002,25,0,0,2
410670314044003,63,4,7,4
410670314044004,44,2,1,1
410670314044005,94,2,2,2
410670314044006,46,1,10,0
410670314044007,52,1,1,0
410670314044008,88,1,2,1
410670314044009,54,6,1,2
410670314044010,66,4,0,3
410670314044011,89,2,2,0
410670314044012,39,0,3,0
410670314044013,40,0,8,2
410670314044014,49,2,2,0
410670314044015,40,2,0,7
410670314044016,18,6,1,0
410670315041000,484,26,18,13
410670315041001,159,0,17,1
410670315041002,47,0,4,2
410670315041003,17,4,5,0
410670315041004,55,2,0,1
410670315041005,73,2,1,11
410670315041006,39,1,2,0
410670315041007,21,0,0,1
410670315041008,66,3,2,7
410670315041009,49,0,5,0
410670315041010,11,1,4,1
410670315041011,92,5,10,0
410670315041012,41,1,4,5
410670315041013,25,1,0,1
410670315041014,8,1,0,1
410670315041015,195,17,9,4
410670315041016,116,6,4,4
410670315041017,35,5,0,1
410670315041018,77,10,5,0
410670315041019,7,0,1,0
410670315041020,0,0,0,0
410670315042000,108,12,9,1
410670315042001,70,4,3,6
410670315042002,59,0,6,18
410670315042003,101,8,14,1
410670315042004,288,24,13,6
410670315042005,59,9,0,0
410670315042006,74,4,5,3
410670315042007,154,8,29,12
410670315042008,119,5,4,0
410670315042009,97,4,11,3
410670315043000,74,1,1,0
410670315043001,82,12,8,4
410670315043002,92,12,5,2
410670315043003,358,17,23,8
410670315043004,540,13,27,14
410670315043005,0,0,0,0
410670315043006,0,0,0,0
410670315043007,0,0,0,0
410670315044000,497,28,26,14
410670315044001,53,5,2,2
410670315044002,73,4,2,1
410670315044003,81,13,4,3
410670315044004,128,9,5,10
410670315044005,107,6,10,14
410670315044006,162,15,6,2
410670315044007,372,20,22,22
410670315044008,89,0,1,0
410670315044009,29,1,3,0
410670315044010,154,2,13,2
410670315044011,71,2,1,2
410670315044012,582,15,13,12
410670315044013,98,15,7,1
410670315044014,46,1,2,3
410670315044015,28,4,3,0
410670315044016,163,5,7,8
410670315061000,280,30,20,1
410670315061001,71,5,7,0
410670315061002,34,3,7,4
410670315061003,108,0,2,10
410670315061004,86,12,6,1
410670315061005,254,14,17,9
410670315061006,104,6,9,3
410670315061007,56,1,0,8
410670315061008,53,0,0,4
410670315061009,152,22,4,7
410670315061010,49,4,4,7
410670315061011,0,0,0,0
410670315061012,6,0,1,0
410670315061013,33,6,10,5
410670315061014,104,2,8,3
410670315061015,17,2,2,1
410670315061016,31,3,4,2
410670315061017,0,0,0,0
410670315061018,0,0,0,0
410670315062000,129,13,4,8
410670315062001,39,4,1,5
410670315062002,52,3,3,4
410670315062003,50,5,1,3
410670315062004,372,28,21,7
410670315062005,57,0,0,2
410670315062006,57,7,8,1
410670315062007,81,8,7,8
410670315062008,67,1,7,5
410670315062009,114,1,4,4
410670315062010,154,11,4,4
410670315062011,19,1,0,2
410670315062012,727,53,19,15
410670315062013,0,0,0,0
410670315062014,344,4,16,4
410670315071000,44,2,2,8
410670315071001,50,0,4,0
410670315071002,81,8,4,1
410670315071003,81,4,7,5
410670315071004,47,5,3,3
410670315071005,58,1,0,4
410670315071006,55,2,3,1
410670315071007,75,5,11,2
410670315071008,67,0,0,5
410670315071009,44,3,7,0
410670315071010,39,2,4,2
410670315071011,99,3,11,3
410670315071012,106,6,11,5
410670315071013,123,20,7,4
410670315071014,36,1,1,4
410670315071015,32,2,0,8
410670315071016,0,0,0,0
410670315071017,55,0,1,1
410670315072000,176,10,29,7
410670315072001,41,4,0,0
410670315072002,0,0,0,0
410670315072003,0,0,0,0
410670315072004,57,9,6,0
410670315072005,689,44,36,18
410670315072006,170,26,26,0
410670315072007,14,2,1,0
410670315072008,99,3,1,0
410670315072009,73,4,3,0
410670315072010,81,0,3,3
410670315072011,36,6,1,4
410670315072012,0,0,0,0
410670315072013,0,0,0,0
410670315072014,0,0,0,0
410670315072015,111,7,6,3
410670315072016,180,1,10,5
410670315072017,0,0,0,0
410670315073000,1192,68,68,50
410670315073001,67,6,10,6
410670315073002,38,4,6,2
410670315073003,0,0,0,0
410670315073004,0,0,0,0
410670315073005,0,0,0,0
410670315073006,0,0,0,0
410670315073007,0,0,0,0
410670315073008,0,0,0,0
410670315073009,0,0,0,0
410670315074000,126,8,11,10
410670315074001,83,2,19,9
410670315074002,70,8,2,6
410670315074003,87,3,12,4
410670315074004,62,1,10,4
410670315074005,84,1,10,10
410670315074006,64,7,2,6
410670315074007,632,28,34,39
410670315074008,37,1,5,4
410670315074009,179,2,20,12
410670315074010,68,12,7,1
410670315091000,31,2,2,0
410670315091001,0,0,0,0
410670315091002,14,4,2,2
410670315091003,69,0,8,1
410670315091004,88,5,3,0
410670315091005,0,0,0,0
410670315091006,60,1,4,3
410670315091007,12,0,1,0
410670315091008,26,1,0,2
410670315091009,24,0,4,1
410670315091010,0,0,0,0
410670315091011,78,1,7,0
410670315091012,38,1,0,4
410670315091013,17,3,3,3
410670315091014,15,0,1,0
410670315091015,32,0,1,1
410670315091016,37,0,4,2
410670315091017,29,0,0,0
410670315091018,14,0,0,0
410670315091019,45,2,0,2
410670315091020,0,0,0,0
410670315091021,3,0,0,0
410670315091022,4,0,0,0
410670315091023,9,0,0,0
410670315092000,428,13,35,13
410670315092001,198,22,9,0
410670315092002,126,5,27,3
410670315092003,86,7,9,4
410670315092004,291,26,21,18
410670315092005,959,87,66,53
410670315092006,119,2,4,6
410670315092007,69,1,12,0
410670315092008,79,13,2,1
410670315093000,328,13,42,11
410670315093001,41,6,7,0
410670315093002,40,8,3,0
410670315093003,33,0,1,0
410670315093004,135,11,17,4
410670315093005,110,16,9,1
410670315093006,50,12,2,0
410670315093007,60,7,3,2
410670315093008,94,16,9,3
410670315093009,118,17,5,22
410670315093010,87,16,11,2
410670315093011,724,65,47,23
410670315093012,43,1,8,4
410670315093013,137,5,23,13
410670315093014,190,23,2,3
410670315093015,120,20,9,3
410670315093016,135,25,18,1
410670315093017,75,7,11,0
410670315093018,1,0,0,0
410670315093019,38,4,5,0
410670315093020,44,1,1,0
410670315093021,23,2,0,0
410670315093022,134,17,27,3
410670315093023,154,12,8,8
410670315093024,41,0,8,0
410670315093025,15,0,1,1
410670315093026,36,1,4,0
410670315093027,172,21,9,1
410670315093028,79,14,4,15
410670315093029,45,8,8,2
410670315093030,0,0,0,0
410670315093031,21,0,1,0
410670315093032,8,0,0,4
410670315093033,0,0,0,0
410670315093034,66,6,6,3
410670315093035,69,9,13,0
410670315093036,64,3,6,3
410670315093037,59,15,11,1
410670315093038,49,5,7,1
410670315093039,343,22,25,20
410670315093040,53,1,5,12
410670315093041,67,13,6,1
410670315093042,49,4,7,3
410670315093043,16,1,5,0
410670315093044,44,0,16,1
410670315093045,97,4,9,3
410670315093046,18,0,3,0
410670315093047,72,10,9,6
410670315093048,72,18,3,3
410670315093049,515,71,67,27
410670315093050,44,19,6,0
410670315093051,53,5,4,0
410670315093052,0,0,0,0
410670315093053,62,8,4,0
410670315093054,42,5,3,0
410670315093055,75,16,2,0
410670315093056,68,4,9,6
410670315093057,66,10,2,0
410670315093058,61,9,3,0
410670315093059,45,16,1,1
410670315093060,64,6,20,0
410670315093061,67,0,7,3
410670315093062,30,3,5,1
410670315093063,74,9,9,3
410670315093064,124,7,26,6
410670315093065,541,46,61,34
410670315093066,65,9,0,4
410670315093067,43,6,1,6
410670315093068,64,7,3,5
410670315093069,68,10,7,1
410670315093070,72,17,10,1
410670315093071,46,2,6,1
410670315093072,116,5,27,2
410670315093073,39,1,4,0
410670315093074,0,0,0,0
410670315093075,60,2,5,3
410670315093076,57,13,8,1
410670315093077,13,1,1,3
410670315093078,47,0,0,6
410670315093079,191,40,13,9
410670315093080,78,14,3,3
410670315093081,110,11,15,11
410670315093082,31,1,6,0
410670315093083,44,2,5,0
410670315093084,21,2,2,7
410670315093085,46,1,1,1
410670315093086,54,11,1,3
410670315093087,78,14,13,0
410670315093088,63,18,8,0
410670315093089,47,8,3,1
410670315093090,26,2,1,0
410670315093091,26,5,1,0
410670315093092,59,2,17,1
410670315111000,69,0,1,6
410670315111001,349,22,10,34
410670315111002,54,4,1,0
410670315111003,1328,107,105,58
410670315111004,79,11,6,2
410670315111005,58,8,8,1
410670315111006,85,15,10,0
410670315111007,97,3,17,0
410670315111008,138,4,14,5
410670315111009,106,13,15,4
410670315111010,75,23,2,0
410670315112000,126,5,13,2
410670315112001,76,3,11,5
410670315112002,139,16,14,3
410670315112003,169,16,6,1
410670315112004,0,0,0,0
410670315112005,55,3,4,6
410670315112006,103,9,13,3
410670315112007,138,12,6,8
410670315112008,0,0,0,0
410670315112009,0,0,0,0
410670315141000,159,26,7,16
410670315141001,29,7,1,0
410670315141002,51,1,6,3
410670315141003,53,5,2,6
410670315141004,57,4,6,1
410670315141005,57,1,1,1
410670315141006,38,0,4,1
410670315141007,36,2,3,1
410670315141008,67,1,6,8
410670315141009,106,2,23,5
410670315141010,32,3,6,0
410670315141011,77,0,4,7
410670315141012,259,11,9,2
410670315141013,101,10,6,9
410670315141014,76,9,5,5
410670315141015,72,11,3,5
410670315141016,76,6,5,1
410670315141017,147,7,21,6
410670315141018,31,6,1,3
410670315141019,51,4,1,3
410670315142000,67,8,3,14
410670315142001,85,14,7,1
410670315142002,275,23,44,5
410670315142003,82,4,4,7
410670315142004,337,23,43,31
410670315142005,38,0,2,0
410670315142006,53,4,1,0
410670315142007,51,3,1,12
410670315142008,82,14,10,2
410670315142009,58,3,4,0
410670315143000,877,67,61,55
410670315143001,115,3,10,6
410670315143002,34,3,4,3
410670315143003,76,7,15,1
410670315143004,47,2,0,4
410670315143005,37,14,1,2
410670315143006,75,6,8,0
410670315143007,38,3,1,0
410670315143008,109,2,2,16
410670315143009,154,13,29,1
410670315143010,86,2,11,4
410670315143011,103,1,8,10
410670315144000,337,26,35,17
410670315144001,95,6,4,9
410670315144002,59,4,5,9
410670315144003,69,5,4,9
410670315144004,73,6,8,0
410670315144005,31,2,1,1
410670315144006,40,6,1,0
410670315144007,46,6,2,0
410670315144008,60,8,6,8
410670315145000,13,3,0,0
410670315145001,272,32,25,1
410670315145002,797,28,32,23
410670315145003,67,2,1,0
410670315145004,37,3,0,1
410670315145005,65,9,1,1
410670315145006,66,7,6,3
410670315145007,124,1,1,1
410670315145008,103,8,8,4
410670315145009,33,0,3,1
410670315145010,56,3,5,1
410670315145011,81,3,8,0
410670315145012,0,0,0,0
410670315145013,145,0,1,1
410670315145014,13,0,0,0
410670315145015,36,0,0,0
410670315145016,82,0,0,0
410670315151000,20,2,2,3
410670315151001,475,39,40,27
410670315151002,142,11,20,9
410670315151003,28,0,0,1
410670315151004,55,3,12,4
410670315151005,180,25,15,25
410670315151006,65,15,0,3
410670315151007,948,69,110,46
410670315151008,33,3,5,0
410670315151009,55,0,2,3
410670315152000,162,13,18,10
410670315152001,151,10,31,7
410670315152002,736,43,64,64
410670315152003,19,1,1,1
410670315152004,79,13,14,8
410670315152005,105,9,7,4
410670315152006,68,1,15,0
410670315152007,89,15,3,2
410670315153000,97,0,12,9
410670315153001,35,0,1,1
410670315153002,21,0,1,4
410670315153003,33,7,3,0
410670315153004,765,61,85,22
410670315153005,36,1,5,2
410670315153006,31,4,2,0
410670315153007,196,13,14,20
410670315153008,37,0,6,0
410670315153009,56,1,0,7
410670315153010,133,19,6,10
410670315153011,116,4,11,13
410670315161000,547,66,47,11
410670315161001,143,1,2,9
410670315161002,164,16,18,0
410670315161003,457,43,37,24
410670315161004,1285,115,137,59
410670315161005,58,3,4,12
410670315161006,32,3,0,7
410670315161007,30,1,6,1
410670315161008,67,22,6,1
410670315161009,96,13,9,10
410670315161010,61,13,11,4
410670315161011,0,0,0,0
410670315162000,63,5,10,3
410670315162001,55,4,4,9
410670315162002,51,3,2,0
410670315162003,58,2,1,5
410670315162004,353,20,19,4
410670315162005,120,4,5,5
410670315162006,48,4,7,4
410670315162007,0,0,0,0
410670315162008,360,9,16,6
410670315162009,0,0,0,0
410670315171000,349,12,39,21
410670315171001,159,21,23,1
410670315171002,66,14,2,2
410670315171003,166,7,10,11
410670315171004,62,14,5,2
410670315171005,201,11,13,0
410670315171006,26,3,5,0
410670315171007,265,15,9,9
410670315171008,0,0,0,0
410670315171009,294,21,16,4
410670315171010,238,17,22,12
410670315171011,159,10,6,4
410670315172000,189,39,3,8
410670315172001,90,9,7,3
410670315172002,114,1,14,6
410670315172003,49,5,2,0
410670315172004,78,0,7,12
410670315172005,146,4,3,15
410670315172006,104,7,5,12
410670315172007,104,9,9,5
410670315172008,137,19,16,2
410670315172009,59,8,6,0
410670315172010,263,8,13,6
410670315173000,138,10,0,14
410670315173001,37,3,1,0
410670315173002,96,3,12,2
410670315173003,103,10,9,0
410670315173004,265,31,27,9
410670315173005,37,0,1,1
410670315173006,45,1,1,3
410670315173007,54,10,4,5
410670315173008,103,5,11,6
410670315173009,179,13,10,8
410670315173010,86,2,13,1
410670315173011,105,1,12,7
410670315173012,60,10,6,1
410670315173013,47,3,3,4
410670315173014,64,1,10,4
410670315173015,0,0,0,0
410670315173016,16,3,4,0
410670315173017,0,0,0,0
410670315181000,124,22,1,5
410670315181001,50,4,5,0
410670315181002,63,4,4,4
410670315181003,58,11,8,0
410670315181004,90,3,5,3
410670315181005,69,9,5,5
410670315181006,82,5,1,13
410670315181007,50,4,8,0
410670315181008,51,7,5,8
410670315181009,174,17,25,9
410670315181010,15,5,1,0
410670315181011,40,3,2,3
410670315181012,196,9,17,8
410670315181013,100,1,13,5
410670315181014,100,4,4,1
410670315181015,54,5,3,4
410670315181016,156,14,23,2
410670315181017,85,14,9,5
410670315181018,92,5,12,7
410670315181019,18,0,0,2
410670315181020,72,4,3,3
410670315182000,77,11,8,5
410670315182001,180,11,12,32
410670315182002,95,12,32,1
410670315182003,89,14,5,5
410670315182004,38,2,1,7
410670315182005,111,16,11,2
410670315182006,24,1,5,2
410670315182007,67,7,3,2
410670315182008,147,6,4,9
410670315182009,55,6,7,6
410670315182010,57,3,5,5
410670315182011,41,5,4,0
410670315182012,162,7,8,3
410670315182013,0,0,0,0
410670315182014,277,21,14,8
410670315182015,90,2,2,13
410670315182016,136,1,14,3
410670315182017,71,0,1,1
410670315191000,57,1,12,1
410670315191001,29,4,0,5
410670315191002,40,2,7,2
410670315191003,55,6,15,5
410670315191004,368,12,44,27
410670315191005,59,6,8,5
410670315191006,52,0,2,5
410670315191007,55,1,6,6
410670315191008,46,7,5,7
410670315191009,36,1,2,6
410670315191010,51,4,6,6
410670315191011,58,4,3,4
410670315191012,36,7,5,0
410670315191013,29,1,7,1
410670315191014,15,1,0,4
410670315191015,35,0,0,4
410670315191016,42,4,13,1
410670315191017,49,3,7,5
410670315191018,181,7,26,10
410670315191019,40,5,1,1
410670315191020,46,4,6,1
410670315192000,23,6,2,1
410670315192001,14,1,0,0
410670315192002,0,0,0,0
410670315192003,324,31,20,24
410670315192004,201,36,19,0
410670315192005,0,0,0,0
410670315192006,75,15,0,1
410670315192007,22,1,5,2
410670315192008,24,5,6,1
410670315192009,68,3,10,0
410670315192010,49,1,8,0
410670315192011,51,3,10,1
410670315192012,24,9,2,0
410670315192013,60,6,8,8
410670315192014,10,1,0,1
410670315192015,666,41,92,54
410670315192016,46,0,0,15
410670315192017,78,6,17,0
410670315192018,89,13,9,15
410670315192019,109,20,8,8
410670315192020,52,4,5,0
410670315192021,16,3,3,0
410670315192022,33,0,2,0
410670315192023,36,1,9,0
410670315192024,25,0,5,0
410670315192025,70,6,0,3
410670315192026,66,12,6,1
410670315192027,128,11,8,0
410670315192028,159,10,9,8
410670315192029,23,2,3,1
410670315192030,32,5,0,0
410670315192031,56,9,5,5
410670315192032,69,3,12,1
410670315192033,14,3,2,1
410670315192034,37,1,0,11
410670315192035,28,2,1,0
410670315192036,77,1,11,0
410670315192037,72,7,15,8
410670315192038,65,2,17,5
410670315192039,66,5,6,1
410670315192040,104,1,18,11
410670315192041,76,10,5,2
410670315192042,51,10,5,5
410670315192043,71,5,13,0
410670315192044,38,2,16,0
410670315193000,76,0,5,3
410670315193001,0,0,0,0
410670315193002,21,1,2,1
410670315193003,29,1,0,0
410670315193004,126,1,1,0
410670315193005,65,8,5,5
410670315193006,52,3,5,0
410670315193007,244,20,6,5
410670315193008,40,3,4,0
410670315193009,31,1,0,2
410670315193010,37,4,0,1
410670315193011,22,1,0,0
410670315193012,229,52,27,0
410670315193013,229,43,22,6
410670315193014,37,1,7,0
410670315193015,50,4,0,6
410670315193016,235,14,6,13
410670315193017,59,5,4,0
410670315193018,98,2,2,0
410670315193019,22,1,0,0
410670315193020,84,3,0,0
410670315193021,34,1,2,1
410670315193022,14,0,1,0
410670315193023,100,2,5,5
410670315193024,50,5,3,8
410670315193025,36,1,3,2
410670315193026,211,16,13,14
410670315193027,36,3,7,0
410670315193028,40,1,2,2
410670315193029,46,9,4,4
410670315193030,26,3,0,0
410670315193031,87,7,8,0
410670315201000,71,14,2,2
410670315201001,88,2,2,11
410670315201002,67,5,0,2
410670315201003,55,6,5,8
410670315201004,38,2,1,5
410670315201005,41,2,8,0
410670315201006,64,4,5,11
410670315201007,63,0,7,3
410670315201008,60,10,5,3
410670315201009,28,0,2,2
410670315201010,361,32,49,29
410670315201011,112,8,15,11
410670315201012,110,14,17,2
410670315201013,90,9,14,0
410670315201014,220,9,28,10
410670315201015,85,11,12,5
410670315201016,114,19,5,6
410670315201017,66,5,0,5
410670315201018,45,3,3,9
410670315201019,38,3,0,1
410670315201020,81,2,7,13
410670315202000,93,5,5,8
410670315202001,516,58,79,31
410670315202002,59,0,16,2
410670315202003,54,1,23,0
410670315202004,54,8,1,15
410670315202005,36,5,6,4
410670315202006,63,8,21,4
410670315202007,59,12,0,4
410670315202008,196,24,22,6
410670315202009,33,5,2,4
410670315202010,158,16,16,27
410670315202011,34,0,0,5
410670315202012,75,7,12,1
410670315202013,35,4,0,3
410670315202014,185,8,40,10
410670315202015,36,2,2,7
410670315202016,65,6,18,0
410670315202017,103,20,2,14
410670315202018,65,8,5,14
410670315202019,29,1,0,5
410670315202020,289,16,10,53
410670315202021,77,13,18,3
410670315202022,115,11,10,5
410670315202023,65,6,3,1
410670315202024,21,1,8,0
410670315202025,59,2,6,6
410670315202026,46,3,8,0
410670315202027,64,3,0,18
410670315202028,65,5,16,6
410670315202029,24,1,1,2
410670315202030,39,0,4,5
410670315202031,92,10,20,1
410670315202032,0,0,0,0
410670315202033,58,7,11,5
410670315202034,42,1,1,4
410670315202035,55,4,14,0
410670315202036,56,16,5,0
410670315202037,68,14,6,7
410670315202038,69,9,7,11
410670315203000,51,0,10,1
410670315203001,47,2,5,3
410670315203002,26,0,9,0
410670315203003,84,4,7,0
410670315203004,406,41,52,12
410670315203005,111,13,5,13
410670315203006,115,10,11,14
410670315203007,179,7,22,2
410670315203008,64,4,8,4
410670315203009,16,0,2,0
410670315203010,68,0,8,8
410670315203011,83,22,1,4
410670315203012,54,0,5,3
410670315203013,50,10,4,1
410670315203014,32,2,1,2
410670316061000,627,29,66,17
410670316061001,16,0,2,3
410670316061002,75,6,7,4
410670316061003,163,6,8,3
410670316061004,162,7,11,9
410670316061005,96,4,3,3
410670316061006,132,10,9,4
410670316061007,214,16,24,13
410670316061008,48,2,6,2
410670316061009,124,5,10,9
410670316061010,123,5,10,5
410670316061011,45,2,4,1
410670316061012,44,1,0,10
410670316061013,94,0,4,0
410670316062000,232,8,6,7
410670316062001,32,1,2,0
410670316062002,911,60,78,34
410670316062003,66,4,5,0
410670316062004,50,1,0,0
410670316062005,115,4,4,10
410670316062006,119,1,9,6
410670316062007,30,0,2,0
410670316062008,0,0,0,0
410670316062009,140,4,11,6
410670316062010,131,7,5,5
410670316062011,29,2,3,4
410670316062012,51,9,4,0
410670316062013,115,18,7,11
410670316062014,61,4,2,7
410670316062015,0,0,0,0
410670316062016,0,0,0,0
410670316062017,0,0,0,0
410670316062018,192,13,13,4
410670316062019,98,7,8,5
410670316062020,53,6,3,0
410670316062021,0,0,0,0
410670316062022,0,0,0,0
410670316063000,0,0,0,0
410670316063001,247,16,15,23
410670316063002,236,29,15,2
410670316063003,22,2,1,0
410670316063004,76,4,4,5
410670316063005,178,22,15,6
410670316063006,230,22,10,4
410670316063007,70,8,5,3
410670316063008,62,8,1,0
410670316063009,94,8,6,6
410670316063010,180,11,15,11
410670316063011,42,1,6,4
410670316063012,29,6,0,2
410670316063013,98,5,3,1
410670316063014,256,19,24,16
410670316063015,107,3,2,5
410670316063016,272,20,37,5
410670316121000,0,0,0,0
410670316121001,239,1,6,0
410670316121002,0,0,0,0
410670316121003,92,6,2,0
410670316121004,94,6,7,0
410670316121005,109,11,4,0
410670316121006,95,9,6,0
410670316121007,130,6,6,4
410670316121008,0,0,0,0
410670316121009,246,17,18,7
410670316121010,96,11,1,12
410670316121011,329,17,8,22
410670316121012,0,0,0,0
410670316121013,78,9,3,0
410670316122000,15,0,0,1
410670316122001,0,0,0,0
410670316122002,243,10,0,3
410670316122003,217,1,4,0
410670316122004,69,0,4,1
410670316122005,216,14,20,15
410670316122006,239,11,14,13
410670316122007,153,11,17,1
410670316122008,0,0,0,0
410670316122009,5,0,0,0
410670316122010,134,9,3,1
410670316122011,583,34,16,14
410670316122012,53,3,0,3
410670316122013,32,4,0,1
410670316122014,41,1,3,5
410670316122015,51,1,0,0
410670316122016,113,7,6,4
410670316122017,52,3,0,2
410670316122018,48,8,3,0
410670316122019,88,5,9,1
410670316122020,163,7,21,9
410670316122021,258,4,11,2
410670316141000,365,31,20,16
410670316141001,0,0,0,0
410670316141002,91,11,9,1
410670316141003,46,3,0,5
410670316141004,42,5,1,6
410670316141005,10,0,0,0
410670316141006,190,7,20,5
410670316141007,111,6,6,2
410670316141008,337,20,22,26
410670316141009,0,0,0,0
410670316141010,0,0,0,0
410670316141011,56,1,0,9
410670316141012,220,22,15,1
410670316141013,72,7,8,0
410670316141014,140,10,16,8
410670316141015,126,14,5,3
410670316141016,0,0,0,0
410670316141017,140,8,18,12
410670316141018,56,7,2,7
410670316142000,279,27,10,14
410670316142001,277,30,34,10
410670316142002,86,4,7,2
410670316142003,370,21,40,9
410670316142004,75,2,6,4
410670316142005,65,1,5,4
410670316142006,176,8,16,10
410670316142007,92,8,7,5
410670316142008,44,2,3,1
410670316142009,118,4,13,6
410670316142010,219,16,7,10
410670316142011,55,2,4,4
410670316142012,214,7,28,2
410670316142013,92,4,3,2
410670316142014,66,3,4,2
410670316142015,40,2,2,2
410670316143000,201,12,25,12
410670316143001,237,20,9,10
410670316143002,62,7,8,0
410670316143003,231,18,8,4
410670316143004,113,9,3,2
410670316143005,139,7,8,4
410670316143006,128,13,8,0
410670316143007,138,13,5,2
410670316143008,32,4,3,1
410670316151000,157,7,16,2
410670316151001,264,28,11,4
410670316151002,321,23,51,21
410670316151003,315,26,22,16
410670316151004,0,0,0,0
410670316151005,0,0,0,0
410670316151006,0,0,0,0
410670316151007,0,0,0,0
410670316151008,0,0,0,0
410670316151009,0,0,0,0
410670316151010,0,0,0,0
410670316151011,112,8,13,12
410670316151012,0,0,0,0
410670316151013,0,0,0,0
410670316151014,18,0,6,2
410670316151015,69,1,4,11
410670316151016,0,0,0,0
410670316151017,0,0,0,0
410670316151018,0,0,0,0
410670316151019,112,1,5,2
410670316151020,220,10,20,6
410670316152000,270,14,9,7
410670316152001,116,12,6,8
410670316152002,38,1,6,0
410670316152003,0,0,0,0
410670316152004,165,8,25,12
410670316152005,115,4,12,7
410670316152006,132,10,10,6
410670316152007,0,0,0,0
410670316152008,254,17,31,6
410670316152009,144,11,8,4
410670316152010,102,14,4,0
410670316152011,0,0,0,0
410670316153000,171,5,6,19
410670316153001,74,2,5,3
410670316153002,188,8,9,5
410670316153003,59,8,10,2
410670316153004,121,9,11,1
410670316153005,637,26,35,20
410670316153006,59,6,2,4
410670316153007,75,5,4,1
410670316154000,51,0,3,1
410670316154001,193,20,12,4
410670316154002,41,1,2,1
410670316154003,121,1,1,2
410670316154004,223,15,14,13
410670316154005,234,14,19,11
410670316154006,51,2,4,3
410670316161000,0,0,0,0
410670316161001,0,0,0,0
410670316161002,463,6,7,11
410670316161003,66,12,11,5
410670316161004,132,5,8,7
410670316161005,196,7,10,4
410670316161006,274,13,16,16
410670316161007,120,7,3,5
410670316162000,28,1,2,2
410670316162001,662,19,18,6
410670316163000,1529,38,44,29
410670316163001,26,1,2,3
410670316163002,0,0,0,0
410670316171000,339,2,3,3
410670316171001,0,0,0,0
410670316171002,525,22,7,6
410670316171003,258,8,4,6
410670316171004,52,1,2,1
410670316171005,75,5,3,4
410670316171006,48,3,5,1
410670316171007,40,3,2,2
410670316171008,73,2,6,1
410670316171009,66,1,2,0
410670316171010,75,4,3,3
410670316171011,37,2,1,0
410670316172000,0,0,0,0
410670316172001,274,27,8,5
410670316172002,157,6,8,1
410670316172003,283,6,23,9
410670316172004,41,3,5,0
410670316172005,406,10,11,12
410670316172006,108,8,7,2
410670316172007,94,6,4,1
410670316172008,599,44,32,7
410670316172009,0,0,0,0
410670316172010,0,0,0,0
410670316172011,50,1,0,0
410670316173000,0,0,0,0
410670316173001,0,0,0,0
410670316173002,0,0,0,0
410670316173003,0,0,0,0
410670316173004,0,0,0,0
410670316173005,0,0,0,0
410670316173006,1332,72,37,25
410670316173007,46,6,1,1
410670316173008,17,2,1,0
410670316173009,0,0,0,0
410670316173010,41,0,0,0
410670316173011,247,20,2,0
410670316173012,0,0,0,0
410670316173013,46,0,0,0
410670316173014,54,0,4,4
410670316173015,63,3,4,1
410670316173016,29,1,0,2
410670316173017,41,1,3,0
410670316173018,0,0,0,0
410670316173019,0,0,0,0
410670316173020,0,0,0,0
410670316173021,0,0,0,0
410670316173022,0,0,0,0
410670316173023,0,0,0,0
410670316173024,0,0,0,0
410670316173025,0,0,0,0
410670316181000,208,16,14,2
410670316181001,25,2,0,0
410670316181002,74,5,2,1
410670316181003,21,2,1,0
410670316181004,46,4,0,0
410670316181005,0,0,0,0
410670316181006,0,0,0,0
410670316181007,58,5,1,0
410670316181008,60,8,3,0
410670316181009,253,4,14,4
410670316181010,48,0,1,0
410670316181011,82,9,9,2
410670316181012,72,8,3,3
410670316181013,29,2,3,0
410670316181014,76,8,6,1
410670316181015,37,0,3,0
410670316181016,28,0,4,2
410670316181017,83,2,8,2
410670316181018,149,3,3,1
410670316181019,85,8,3,0
410670316181020,46,3,1,0
410670316181021,48,4,1,3
410670316181022,31,0,4,0
410670316181023,27,0,0,2
410670316181024,551,33,19,25
410670316181025,43,1,9,2
410670316181026,19,5,0,0
410670316181027,123,5,2,9
410670316181028,87,5,9,1
410670316181029,31,1,1,2
410670316181030,101,9,7,2
410670316181031,97,8,6,1
410670316181032,42,1,2,4
410670316181033,107,8,7,0
410670316181034,110,7,1,1
410670316181035,106,3,2,2
410670316182000,132,11,6,0
410670316182001,52,6,0,1
410670316182002,84,3,1,0
410670316182003,50,0,1,2
410670316182004,78,9,4,0
410670316182005,66,8,3,7
410670316182006,74,8,2,2
410670316182007,42,3,4,0
410670316182008,86,11,8,1
410670316182009,80,6,6,1
410670316182010,77,4,0,2
410670316182011,174,12,21,5
410670316182012,160,1,10,5
410670316182013,167,11,6,8
410670316182014,0,0,0,0
410670316183000,158,5,4,3
410670316183001,48,1,2,0
410670316183002,23,3,0,0
410670316183003,81,4,2,0
410670316183004,179,23,3,4
410670316183005,43,0,1,1
410670316183006,40,1,0,0
410670316183007,57,0,0,1
410670316183008,50,2,0,3
410670316183009,180,1,3,1
410670316183010,66,0,1,1
410670316183011,22,1,0,2
410670316183012,251,7,11,6
410670316183013,21,1,2,1
410670316183014,94,1,4,11
410670316183015,35,5,2,0
410670316183016,15,0,4,0
410670316183017,31,0,1,0
410670316191000,116,2,7,7
410670316191001,776,48,65,46
410670316191002,99,3,12,9
410670316191003,121,17,9,10
410670316191004,48,0,3,1
410670316191005,45,9,1,0
410670316191006,27,3,0,1
410670316191007,47,6,1,0
410670316191008,133,11,17,5
410670316191009,31,2,1,5
410670316191010,0,0,0,0
410670316191011,7,0,2,3
410670316191012,110,1,5,4
410670316191013,54,4,1,2
410670316191014,34,1,0,1
410670316191015,47,3,3,5
410670316191016,36,0,2,6
410670316191017,32,8,2,1
410670316191018,255,15,18,19
410670316191019,45,3,6,3
410670316191020,152,4,25,6
410670316191021,34,6,2,1
410670316191022,43,8,2,0
410670316191023,47,4,8,4
410670316191024,67,9,5,5
410670316191025,36,3,1,0
410670316191026,0,0,0,0
410670316191027,3,0,0,0
410670316191028,0,0,0,0
410670316191029,19,0,1,1
410670316192000,98,4,6,1
410670316192001,0,0,0,0
410670316192002,0,0,0,0
410670316192003,703,29,33,25
410670316192004,50,2,2,3
410670316192005,0,0,0,0
410670316192006,122,17,9,4
410670316192007,62,3,6,1
410670316192008,41,1,0,2
410670316192009,76,3,7,7
410670316192010,43,1,3,2
410670316192011,153,7,11,5
410670316192012,0,0,0,0
410670316192013,96,12,5,2
410670316192014,119,11,4,7
410670316192015,0,0,0,0
410670316192016,192,8,19,3
410670316192017,65,0,1,0
410670316192018,0,0,0,0
410670316192019,0,0,0,0
410670316192020,0,0,0,0
410670316201000,65,0,1,5
410670316201001,57,7,6,1
410670316201002,0,0,0,0
410670316201003,0,0,0,0
410670316201004,164,6,12,7
410670316201005,96,1,7,1
410670316201006,218,8,2,12
410670316201007,77,3,1,9
410670316201008,123,5,9,3
410670316201009,44,1,5,1
410670316201010,225,22,20,7
410670316201011,129,8,7,2
410670316201012,132,3,14,5
410670316201013,109,6,7,5
410670316202000,572,19,9,9
410670316202001,128,6,6,2
410670316202002,54,4,3,2
410670316202003,36,2,0,0
410670316202004,22,3,4,2
410670316202005,32,0,1,0
410670316202006,59,1,1,0
410670316202007,35,3,1,1
410670316202008,286,6,5,6
410670316202009,0,0,0,0
410670316203000,0,0,0,0
410670316203001,0,0,0,0
410670316203002,6,0,0,0
410670316203003,0,0,0,0
410670316203004,216,9,9,9
410670316203005,543,41,24,11
410670316203006,0,0,0,0
410670316203007,0,0,0,0
410670316203008,0,0,0,0
410670316203009,490,16,11,8
410670316203010,0,0,0,0
410670316203011,0,0,0,0
410670316203012,0,0,0,0
410670316211000,12,2,1,0
410670316211001,983,43,35,15
410670316211002,51,1,5,2
410670316211003,135,10,3,0
410670316211004,108,2,2,0
410670316211005,19,1,3,0
410670316212000,0,0,0,0
410670316212001,0,0,0,0
410670316212002,0,0,0,0
410670316212003,0,0,0,0
410670316212004,16,2,4,1
410670316212005,273,18,10,5
410670316212006,212,9,18,13
410670316212007,308,4,10,5
410670316212008,250,21,14,12
410670316212009,0,0,0,0
410670316212010,41,1,1,0
410670316212011,53,8,10,1
410670316212012,101,5,9,6
410670316212013,0,0,0,0
410670316213000,0,0,0,0
410670316213001,0,0,0,0
410670316213002,0,0,0,0
410670316213003,0,0,0,0
410670316213004,0,0,0,0
410670316213005,70,6,3,0
410670316213006,0,0,0,0
410670316213007,53,4,3,3
410670316213008,164,6,20,2
410670316213009,124,8,10,7
410670316213010,0,0,0,0
410670316213011,410,20,18,4
410670316213012,29,0,4,2
410670316213013,16,0,1,3
410670316213014,89,2,1,1
410670316213015,91,4,1,5
410670316213016,170,6,2,8
410670316213017,95,1,4,3
410670316213018,75,3,6,2
410670316221000,165,3,5,2
410670316221001,31,3,3,5
410670316221002,47,6,4,4
410670316221003,16,1,1,0
410670316221004,47,3,1,3
410670316221005,68,1,10,7
410670316221006,125,12,8,9
410670316221007,62,1,8,3
410670316221008,185,20,5,4
410670316221009,46,3,3,0
410670316221010,33,1,0,0
410670316221011,204,10,29,10
410670316221012,50,2,9,0
410670316221013,140,1,2,4
410670316221014,111,3,1,2
410670316221015,126,15,9,3
410670316222000,522,45,16,17
410670316222001,355,25,32,10
410670316222002,92,12,3,3
410670316222003,112,9,0,0
410670316222004,0,0,0,0
410670316222005,149,14,0,5
410670316222006,903,61,34,16
410670316231000,0,0,0,0
410670316231001,0,0,0,0
410670316231002,0,0,0,0
410670316231003,0,0,0,0
410670316231004,0,0,0,0
410670316231005,338,11,6,1
410670316231006,76,7,3,1
410670316231007,93,9,4,1
410670316231008,886,75,49,28
410670316231009,223,9,9,9
410670316231010,36,1,4,2
410670316231011,49,0,2,0
410670316231012,75,6,4,1
410670316231013,71,5,2,0
410670316231014,47,2,2,1
410670316231015,105,12,3,4
410670316231016,0,0,0,0
410670316231017,0,0,0,0
410670316231018,0,0,0,0
410670316231019,17,1,2,0
410670316231020,21,0,2,1
410670316232000,0,0,0,0
410670316232001,0,0,0,0
410670316232002,0,0,0,0
410670316232003,23,2,3,4
410670316232004,402,44,59,30
410670316232005,0,0,0,0
410670316232006,1066,31,49,56
410670316232007,70,0,0,5
410670316232008,125,0,3,2
410670316232009,0,0,0,0
410670316232010,0,0,0,0
410670316232011,0,0,0,0
410670316232012,0,0,0,0
410670316241000,0,0,0,0
410670316241001,93,4,5,10
410670316241002,288,25,12,7
410670316241003,277,6,10,9
410670316241004,82,6,8,5
410670316241005,173,2,13,5
410670316241006,375,34,24,20
410670316241007,64,4,4,2
410670316241008,65,5,5,1
410670316241009,0,0,0,0
410670316242000,0,0,0,0
410670316242001,657,42,41,20
410670316242002,110,4,11,6
410670316242003,75,6,6,3
410670316242004,101,9,13,2
410670316242005,72,5,8,11
410670316242006,177,12,17,15
410670316242007,0,0,0,0
410670316242008,0,0,0,0
410670316242009,0,0,0,0
410670316242010,0,0,0,0
410670316242011,22,1,1,0
410670316243000,342,22,24,13
410670316243001,79,5,16,8
410670316243002,476,31,17,10
410670316243003,273,10,34,3
410670316243004,118,12,10,9
410670316243005,0,0,0,0
410670316243006,417,12,23,14
410670316243007,69,9,8,3
410670316243008,247,9,5,23
410670316243009,0,0,0,0
410670316243010,0,0,0,0
410670316251000,712,56,66,13
410670316251001,1008,95,40,51
410670316251002,461,45,35,6
410670316251003,165,13,8,0
410670316251004,358,22,17,10
410670316251005,199,8,11,2
410670316251006,59,1,5,1
410670316251007,46,3,3,0
410670316251008,299,15,15,16
410670316252000,0,0,0,0
410670316252001,0,0,0,0
410670316252002,0,0,0,0
410670316252003,0,0,0,0
410670316252004,37,2,4,2
410670316252005,445,15,13,6
410670316252006,38,4,2,2
410670316252007,119,12,3,2
410670316252008,24,1,1,2
410670316252009,265,10,9,3
410670316252010,66,3,2,3
410670316252011,56,3,1,1
410670316253000,0,0,0,0
410670316253001,568,13,6,2
410670316253002,727,51,55,3
410670316253003,129,18,4,1
410670316253004,37,0,1,3
410670316253005,52,3,4,10
410670316253006,66,6,6,1
410670316253007,52,0,7,6
410670316253008,22,0,2,3
410670316253009,61,6,7,15
410670316253010,33,1,0,0
410670316253011,96,10,2,4
410670316253012,59,4,6,1
410670316253013,51,0,1,0
410670316253014,76,6,1,1
410670316253015,73,4,4,12
410670316253016,68,5,6,1
410670316253017,32,1,0,2
410670316261000,0,0,0,0
410670316261001,0,0,0,0
410670316261002,0,0,0,0
410670316261003,0,0,0,0
410670316261004,0,0,0,0
410670316261005,430,8,0,7
410670316261006,82,0,0,0
410670316261007,20,3,2,1
410670316261008,59,3,5,0
410670316261009,186,1,8,4
410670316261010,387,8,9,5
410670316262000,0,0,0,0
410670316262001,22,0,1,2
410670316262002,15,1,2,0
410670316262003,373,8,15,4
410670316262004,89,6,5,3
410670316262005,0,0,0,0
410670316262006,0,0,0,0
410670316262007,83,5,4,1
410670316262008,128,8,7,0
410670316262009,192,13,5,0
410670316262010,339,14,9,0
410670316262011,28,0,0,0
410670316262012,222,8,6,12
410670316262013,595,57,63,26
410670317031000,0,0,0,0
410670317031001,0,0,0,0
410670317031002,73,4,2,3
410670317031003,57,1,2,2
410670317031004,122,13,10,6
410670317031005,217,7,16,16
410670317031006,267,13,14,14
410670317031007,78,6,8,1
410670317031008,48,1,2,1
410670317031009,87,6,3,6
410670317031010,183,19,13,13
410670317031011,89,10,9,4
410670317031012,121,12,7,1
410670317031013,194,13,18,1
410670317031014,47,1,1,3
410670317031015,154,17,6,5
410670317032000,151,6,5,1
410670317032001,44,5,1,1
410670317032002,157,10,8,2
410670317032003,237,17,15,14
410670317032004,45,3,4,1
410670317032005,67,7,3,7
410670317032006,59,0,2,1
410670317032007,58,2,3,3
410670317032008,33,5,3,3
410670317032009,20,1,1,0
410670317032010,39,5,3,2
410670317032011,87,14,11,4
410670317033000,0,0,0,0
410670317033001,101,4,4,4
410670317033002,95,2,2,3
410670317033003,89,8,4,3
410670317033004,155,9,8,14
410670317033005,99,6,11,5
410670317033006,38,3,2,6
410670317033007,498,19,43,11
410670317033008,59,0,2,6
410670317033009,482,26,31,14
410670317033010,146,4,4,9
410670317033011,223,25,29,0
410670317033012,253,14,32,5
410670317033013,52,2,6,1
410670317033014,53,12,2,6
410670317033015,0,0,0,0
410670317033016,45,1,3,4
410670317051000,0,0,0,0
410670317051001,313,33,40,15
410670317051002,228,19,28,6
410670317051003,94,6,5,15
410670317051004,172,10,18,1
410670317051005,95,10,7,1
410670317051006,331,22,22,38
410670317051007,47,4,1,1
410670317051008,121,14,11,4
410670317051009,124,4,2,5
410670317051010,59,8,2,0
410670317052000,0,0,0,0
410670317052001,373,23,30,16
410670317052002,737,57,54,32
410670317052003,151,9,2,15
410670317052004,281,20,10,5
410670317052005,75,6,7,1
410670317052006,52,4,3,2
410670317052007,128,5,4,6
410670317052008,483,61,33,11
410670317052009,73,3,5,0
410670317052010,66,0,8,1
410670317053000,148,5,11,6
410670317053001,44,4,1,0
410670317053002,105,9,19,9
410670317053003,32,4,1,0
410670317053004,49,3,2,0
410670317053005,110,3,4,0
410670317053006,153,16,15,7
410670317053007,73,6,5,6
410670317053008,130,12,5,7
410670317053009,36,3,3,0
410670317053010,296,15,25,4
410670317053011,293,20,34,9
410670317053012,70,4,3,1
410670317061000,270,13,16,9
410670317061001,145,5,5,4
410670317061002,492,31,37,23
410670317062000,0,0,0,0
410670317062001,0,0,0,0
410670317062002,72,1,6,9
410670317062003,51,4,8,1
410670317062004,86,7,7,6
410670317062005,440,17,34,14
410670317062006,247,27,25,15
410670317062007,103,3,4,9
410670317062008,168,21,11,0
410670317062009,68,6,5,10
410670317062010,93,9,3,4
410670317062011,283,32,32,6
410670317062012,148,9,9,5
410670317063000,124,5,2,10
410670317063001,622,44,32,8
410670317063002,95,4,7,5
410670317063003,75,6,4,6
410670317063004,64,3,3,1
410670317063005,160,12,23,3
410670317063006,90,4,6,6
410670317064000,126,6,9,3
410670317064001,23,3,0,0
410670317064002,22,1,4,2
410670317064003,664,33,26,17
410670317064004,62,6,7,0
410670317064005,155,2,8,15
410670317064006,124,2,7,1
410670317064007,45,5,5,4
410670317064008,476,45,32,4
410670317064009,37,8,4,2
410670317071000,442,37,37,23
410670317071001,136,5,21,4
410670317071002,0,0,0,0
410670317071003,0,0,0,0
410670317071004,0,0,0,0
410670317071005,410,7,27,19
410670317071006,97,1,7,1
410670317071007,197,6,6,0
410670317071008,111,17,7,2
410670317071009,0,0,0,0
410670317071010,48,3,0,6
410670317071011,285,21,17,7
410670317072000,109,2,8,1
410670317072001,391,24,15,17
410670317072002,242,10,12,14
410670317072003,27,2,1,0
410670317072004,67,0,4,3
410670317072005,158,5,9,4
410670317073000,88,12,2,3
410670317073001,61,11,8,3
410670317073002,93,8,0,0
410670317073003,149,9,7,9
410670317073004,88,9,7,6
410670317073005,0,0,0,0
410670317073006,107,8,7,2
410670317073007,115,12,10,2
410670317073008,127,12,4,1
410670317073009,371,31,31,11
410670317073010,37,1,1,2
410670317073011,32,7,2,4
410670317073012,79,4,6,5
410670317073013,112,3,9,5
410670317073014,108,4,9,6
410670317073015,151,11,13,8
410670317073016,136,10,17,8
410670317073017,78,3,7,0
410670317073018,117,12,16,0
410670317073019,312,22,19,10
410670317073020,52,1,5,2
410670317073021,66,3,5,1
410670317073022,221,13,4,8
410670317081000,131,11,19,2
410670317081001,46,2,2,11
410670317081002,38,2,1,2
410670317081003,25,0,0,1
410670317081004,101,4,5,6
410670317081005,44,1,2,2
410670317081006,203,8,9,2
410670317081007,70,1,9,3
410670317081008,61,9,2,0
410670317081009,68,2,8,1
410670317081010,45,3,3,2
410670317081011,46,5,4,0
410670317081012,129,11,3,2
410670317081013,16,0,3,0
410670317081014,48,0,3,1
410670317081015,94,1,4,2
410670317081016,29,2,1,2
410670317082000,697,50,52,36
410670317082001,24,2,3,2
410670317082002,8,0,2,0
410670317082003,40,3,3,0
410670317082004,28,3,2,2
410670317082005,140,12,14,6
410670317082006,31,0,3,0
410670317082007,102,2,12,5
410670317083000,59,7,3,5
410670317083001,347,24,22,14
410670317083002,116,13,9,0
410670317083003,39,2,3,1
410670317083004,101,0,5,12
410670317083005,69,11,6,3
410670317083006,146,12,8,1
410670317083007,58,2,3,3
410670317083008,73,9,7,2
410670318041000,43,5,3,3
410670318041001,59,10,5,0
410670318041002,48,6,2,10
410670318041003,934,100,86,22
410670318041004,74,4,4,8
410670318041005,70,4,18,2
410670318041006,54,2,0,10
410670318041007,45,0,1,1
410670318041008,47,1,3,0
410670318041009,28,2,1,0
410670318041010,20,2,2,3
410670318041011,56,3,5,2
410670318041012,44,1,11,0
410670318041013,333,27,18,17
410670318041014,76,2,4,8
410670318041015,77,3,11,5
410670318041016,247,3,7,11
410670318041017,164,8,9,4
410670318041018,46,0,2,5
410670318041019,19,0,1,4
410670318041020,46,2,2,4
410670318041021,168,12,3,7
410670318041022,0,0,0,0
410670318041023,35,0,4,10
410670318041024,34,2,1,4
410670318041025,28,2,1,2
410670318041026,0,0,0,0
410670318041027,19,2,0,1
410670318041028,0,0,0,0
410670318042000,781,65,80,38
410670318042001,45,2,13,2
410670318042002,188,5,9,10
410670318042003,107,4,4,3
410670318042004,249,25,9,6
410670318042005,70,4,6,7
410670318042006,84,5,9,4
410670318043000,1013,66,84,30
410670318043001,47,8,8,2
410670318043002,113,1,12,9
410670318043003,114,15,8,5
410670318043004,80,0,0,2
410670318043005,78,4,11,7
410670318043006,76,8,6,10
410670318043007,95,8,16,5
410670318043008,77,2,2,6
410670318043009,541,28,43,35
410670318043010,59,0,4,3
410670318043011,80,0,9,0
410670318061000,263,21,45,43
410670318061001,158,4,1,0
410670318061002,172,17,11,2
410670318061003,345,21,19,13
410670318061004,0,0,0,0
410670318061005,15,2,0,1
410670318061006,219,30,19,12
410670318061007,402,33,27,6
410670318061008,124,2,5,4
410670318062000,76,0,3,2
410670318062001,47,1,0,2
410670318062002,221,9,9,10
410670318062003,59,3,1,3
410670318062004,88,6,12,5
410670318062005,90,4,9,6
410670318062006,103,2,5,1
410670318062007,72,6,6,3
410670318062008,27,3,3,1
410670318062009,94,12,8,2
410670318062010,0,0,0,0
410670318062011,196,14,10,3
410670318062012,90,11,5,1
410670318062013,19,0,0,1
410670318062014,34,2,1,1
410670318063000,284,25,16,3
410670318063001,163,10,13,12
410670318063002,95,9,14,3
410670318063003,15,0,0,0
410670318063004,93,7,3,4
410670318064000,214,4,3,15
410670318064001,70,5,5,5
410670318064002,95,10,8,1
410670318064003,97,2,3,5
410670318064004,39,0,6,0
410670318064005,96,4,3,11
410670318064006,157,6,18,1
410670318064007,38,5,8,0
410670318064008,636,32,32,25
410670318064009,37,3,5,0
410670318064010,30,4,5,3
410670318064011,74,5,10,2
410670318064012,29,0,1,0
410670318064013,193,9,11,17
410670318064014,42,2,2,5
410670318064015,0,0,0,0
410670318064016,38,1,6,1
410670318064017,59,4,5,4
410670318064018,35,6,4,1
410670318064019,115,5,6,6
410670318064020,20,3,4,1
410670318064021,70,4,3,3
410670318071000,12,1,1,1
410670318071001,6,2,1,0
410670318071002,111,2,4,8
410670318071003,368,19,20,8
410670318071004,76,4,3,2
410670318071005,39,4,6,0
410670318071006,105,7,12,6
410670318071007,242,14,13,6
410670318071008,137,1,0,1
410670318071009,15,1,1,0
410670318071010,51,2,5,2
410670318071011,94,3,2,0
410670318071012,30,3,3,1
410670318071013,138,10,4,10
410670318071014,0,0,0,0
410670318071015,127,8,2,2
410670318071016,45,1,0,2
410670318071017,83,4,7,0
410670318071018,101,0,2,5
410670318072000,94,5,0,2
410670318072001,91,2,0,2
410670318072002,26,0,0,4
410670318072003,23,2,3,0
410670318072004,26,2,0,0
410670318072005,70,5,1,7
410670318072006,102,3,3,8
410670318072007,151,13,7,5
410670318072008,104,10,0,7
410670318072009,436,17,27,13
410670318072010,35,1,1,0
410670318072011,104,5,12,0
410670318072012,42,2,2,1
410670318072013,34,2,1,2
410670318072014,137,5,7,1
410670318072015,12,0,0,2
410670318072016,149,7,3,4
410670318072017,63,3,7,6
410670318072018,142,10,20,4
410670318072019,127,1,8,9
410670318131000,87,0,4,4
410670318131001,174,3,22,1
410670318131002,32,5,0,0
410670318131003,160,17,17,5
410670318131004,301,8,39,12
410670318131005,39,8,3,2
410670318131006,400,21,3,7
410670318131007,68,10,4,7
410670318131008,179,24,12,3
410670318131009,72,3,5,8
410670318131010,127,12,5,3
410670318131011,556,11,25,24
410670318131012,102,5,13,3
410670318131013,24,0,1,3
410670318131014,0,0,0,0
410670318132000,111,11,7,3
410670318132001,47,8,0,3
410670318132002,0,0,0,0
410670318132003,128,2,9,8
410670318132004,0,0,0,0
410670318132005,101,4,14,0
410670318132006,21,3,3,4
410670318132007,404,23,67,33
410670318132008,95,7,2,9
410670318132009,65,4,5,3
410670318132010,70,12,4,1
410670318132011,64,9,4,1
410670318132012,61,4,8,0
410670318132013,75,4,11,4
410670318132014,0,0,0,0
410670318132015,82,4,8,5
410670318132016,32,2,0,0
410670318132017,24,5,1,2
410670318132018,29,3,5,0
410670318132019,101,7,2,6
410670318132020,30,1,0,3
410670318132021,47,0,2,0
410670318132022,96,6,11,15
410670318132023,99,7,12,1
410670318132024,94,12,11,3
410670318132025,35,1,6,0
410670318132026,0,0,0,0
410670318132027,17,0,1,3
410670318132028,0,0,0,0
410670318132029,94,5,8,6
410670318132030,22,2,0,2
410670318132031,13,0,1,0
410670318132032,14,2,3,0
410670318133000,185,7,24,14
410670318133001,84,7,4,20
410670318133002,1129,55,67,35
410670318133003,141,7,19,11
410670318133004,11,0,0,3
410670318133005,72,8,5,0
410670318133006,32,0,1,0
410670318133007,26,4,0,5
410670318133008,55,4,11,3
410670318133009,73,4,15,5
410670318133010,65,0,5,2
410670318133011,84,16,0,0
410670318133012,12,3,2,2
410670318133013,44,1,0,5
410670318133014,81,2,1,15
410670318141000,0,0,0,0
410670318141001,42,4,1,2
410670318141002,0,0,0,0
410670318141003,0,0,0,0
410670318141004,252,15,25,10
410670318141005,167,13,6,12
410670318141006,96,6,12,3
410670318141007,94,7,5,1
410670318141008,77,5,9,6
410670318141009,149,14,14,2
410670318141010,75,8,1,5
410670318142000,346,19,35,20
410670318142001,84,10,4,2
410670318142002,115,12,5,6
410670318142003,67,3,7,3
410670318142004,40,1,2,2
410670318142005,39,2,6,0
410670318142006,0,0,0,0
410670318142007,0,0,0,0
410670318142008,128,5,12,6
410670318142009,58,3,2,1
410670318142010,165,15,13,4
410670318142011,70,1,5,1
410670318142012,36,5,4,4
410670318142013,22,3,2,1
410670318143000,82,1,3,9
410670318143001,80,2,2,16
410670318143002,100,13,2,8
410670318143003,235,12,23,16
410670318143004,320,17,33,22
410670318143005,82,10,9,6
410670318143006,62,6,2,5
410670318143007,91,8,0,2
410670318143008,100,7,8,0
410670318143009,25,4,8,4
410670318143010,311,20,33,15
410670318143011,26,2,3,0
410670318143012,62,1,3,14
410670318143013,30,1,0,2
410670318143014,35,4,1,1
410670318143015,57,5,4,0
410670318143016,15,1,0,1
410670318143017,28,4,5,1
410670318143018,45,2,6,5
410670318143019,142,3,6,14
410670318143020,85,2,12,2
410670318161000,405,30,27,5
410670318161001,77,4,2,0
410670318161002,50,0,1,1
410670318161003,223,11,3,6
410670318161004,105,3,5,1
410670318161005,153,14,11,5
410670318161006,275,5,24,14
410670318161007,98,4,13,2
410670318162000,444,21,19,28
410670318162001,45,2,2,4
410670318162002,82,12,8,3
410670318162003,65,3,17,5
410670318162004,65,2,3,2
410670318162005,45,3,3,1
410670318162006,35,6,2,1
410670318162007,0,0,0,0
410670318162008,117,5,6,1
410670318162009,27,3,5,1
410670318162010,106,4,2,9
410670318162011,79,9,8,0
410670318163000,0,0,0,0
410670318163001,66,5,9,0
410670318163002,17,1,0,4
410670318163003,28,4,0,1
410670318163004,311,11,22,7
410670318163005,59,8,1,0
410670318163006,71,3,0,2
410670318163007,58,1,3,1
410670318163008,47,3,0,1
410670318163009,78,6,9,0
410670318163010,0,0,0,0
410670318163011,0,0,0,0
410670318163012,50,0,9,1
410670318163013,57,2,1,1
410670318163014,22,2,1,2
410670318163015,88,4,2,6
410670318163016,98,7,2,5
410670318163017,116,9,8,0
410670318163018,181,14,4,10
410670318163019,58,1,3,0
410670318163020,20,0,0,0
410670318163021,45,2,6,2
410670318171000,534,27,35,27
410670318171001,0,0,0,0
410670318171002,51,0,4,8
410670318171003,39,7,3,3
410670318171004,215,13,8,9
410670318171005,370,26,41,11
410670318171006,83,8,5,2
410670318171007,81,5,2,10
410670318171008,237,12,21,9
410670318171009,153,6,15,10
410670318172000,718,62,57,40
410670318172001,59,8,10,0
410670318172002,83,1,10,0
410670318172003,74,8,18,0
410670318172004,32,5,3,0
410670318172005,94,5,23,9
410670318172006,52,8,7,6
410670318172007,337,11,12,39
410670318172008,31,6,7,0
410670318172009,95,8,10,0
410670318172010,45,0,0,11
410670318172011,53,2,8,1
410670318172012,110,13,21,0
410670318181000,177,11,6,0
410670318181001,19,2,3,0
410670318181002,210,13,4,0
410670318181003,523,19,17,21
410670318181004,66,8,0,7
410670318181005,57,7,8,3
410670318181006,56,9,2,1
410670318181007,58,8,4,0
410670318181008,38,2,0,0
410670318182000,784,30,43,7
410670318182001,51,2,2,2
410670318182002,319,16,20,13
410670318182003,0,0,0,0
410670318182004,0,0,0,0
410670318183000,687,30,15,12
410670318183001,45,7,3,0
410670318183002,71,0,0,0
410670318191000,275,21,17,17
410670318191001,27,7,2,1
410670318191002,63,1,3,1
410670318191003,50,2,5,0
410670318191004,397,24,53,18
410670318191005,121,9,14,14
410670318191006,302,28,11,18
410670318191007,67,2,4,9
410670318192000,241,6,21,10
410670318192001,31,2,1,4
410670318192002,143,16,5,2
410670318192003,470,32,15,27
410670318192004,119,2,2,1
410670318192005,62,1,2,7
410670318192006,31,3,4,0
410670318192007,47,3,1,0
410670318192008,63,2,2,2
410670318192009,78,7,5,0
410670318192010,16,3,3,1
410670318192011,105,5,3,6
410670318201000,270,36,13,5
410670318201001,65,3,8,0
410670318201002,43,1,3,4
410670318201003,49,5,6,3
410670318201004,345,17,17,21
410670318201005,46,0,1,10
410670318201006,36,3,6,1
410670318201007,2,0,0,0
410670318201008,67,2,0,4
410670318201009,200,24,23,3
410670318201010,20,1,8,1
410670318201011,33,3,2,3
410670318201012,3,0,0,0
410670318201013,25,0,1,3
410670318201014,135,4,7,22
410670318201015,186,12,29,12
410670318201016,104,6,13,2
410670318201017,27,1,2,3
410670318202000,198,4,12,12
410670318202001,153,4,11,10
410670318202002,222,12,11,6
410670318202003,54,8,2,1
410670318202004,117,14,2,7
410670318202005,50,2,0,7
410670318202006,237,10,22,17
410670318202007,33,1,1,0
410670318202008,33,0,4,0
410670318202009,151,22,7,3
410670318202010,62,4,5,3
410670318202011,87,10,11,7
410670318202012,57,0,1,3
410670318202013,50,4,8,0
410670318202014,100,7,6,4
410670318211000,138,8,3,0
410670318211001,27,0,2,0
410670318211002,63,11,3,4
410670318211003,0,0,0,0
410670318211004,61,6,10,1
410670318211005,217,10,9,19
410670318211006,127,13,10,6
410670318211007,56,8,2,2
410670318211008,44,3,2,4
410670318211009,12,2,3,1
410670318211010,11,0,2,0
410670318212000,278,21,2,4
410670318212001,286,13,34,22
410670318212002,161,1,5,5
410670318212003,27,3,4,1
410670318212004,30,3,4,0
410670318212005,47,2,1,4
410670318212006,101,3,14,3
410670318212007,162,8,16,10
410670318212008,172,10,12,15
410670318212009,42,6,9,1
410670318212010,52,6,3,2
410670318213000,103,1,8,1
410670318213001,68,14,8,1
410670318213002,108,7,5,11
410670318213003,125,8,5,12
410670318213004,105,6,5,12
410670318213005,338,26,22,15
410670318213006,37,2,2,0
410670318213007,137,4,4,11
410670318213008,94,6,2,2
410670318213009,142,7,22,2
410670318213010,34,8,3,2
410670319041000,87,7,7,0
410670319041001,41,3,0,3
410670319041002,352,22,16,4
410670319041003,54,6,1,4
410670319041004,92,0,12,6
410670319041005,482,36,37,24
410670319041006,33,3,0,2
410670319041007,84,3,10,2
410670319041008,66,4,4,8
410670319041009,36,7,0,5
410670319042000,788,29,64,32
410670319042001,121,9,2,3
410670319042002,54,2,0,3
410670319042003,145,7,10,6
410670319042004,46,5,1,0
410670319042005,52,7,4,4
410670319042006,341,35,23,7
410670319042007,32,0,0,1
410670319042008,35,3,0,1
410670319042009,0,0,0,0
410670319091000,0,0,0,0
410670319091001,0,0,0,0
410670319091002,0,0,0,0
410670319091003,221,21,18,6
410670319091004,69,14,4,2
410670319091005,82,7,4,6
410670319091006,60,4,6,0
410670319091007,88,20,4,0
410670319091008,203,2,10,0
410670319091009,0,0,0,0
410670319091010,173,12,15,15
410670319091011,56,4,5,5
410670319091012,237,16,36,4
410670319091013,42,11,9,0
410670319091014,17,5,1,0
410670319091015,15,0,5,0
410670319091016,206,10,19,3
410670319091017,48,5,5,2
410670319091018,185,8,10,23
410670319091019,30,0,0,1
410670319091020,33,2,4,0
410670319091021,39,4,4,7
410670319091022,29,7,4,2
410670319091023,33,2,0,6
410670319091024,78,8,9,5
410670319091025,50,5,2,5
410670319091026,52,3,3,0
410670319091027,51,9,0,0
410670319091028,38,2,3,0
410670319091029,65,9,5,1
410670319091030,26,1,2,0
410670319091031,41,0,0,1
410670319091032,71,1,4,3
410670319091033,113,12,11,3
410670319091034,135,9,13,16
410670319091035,35,5,7,1
410670319091036,71,8,1,1
410670319092000,0,0,0,0
410670319092001,0,0,0,0
410670319092002,0,0,0,0
410670319092003,67,6,6,3
410670319092004,26,9,2,0
410670319092005,58,1,7,3
410670319092006,351,13,35,19
410670319092007,209,29,16,2
410670319092008,33,6,3,3
410670319092009,67,0,7,7
410670319092010,62,7,8,0
410670319092011,57,10,1,1
410670319092012,31,1,5,2
410670319092013,138,11,12,10
410670319092014,51,1,2,8
410670319092015,13,1,0,0
410670319093000,0,0,0,0
410670319093001,28,0,2,0
410670319093002,0,0,0,0
410670319093003,181,10,10,2
410670319093004,109,24,7,2
410670319093005,25,2,3,2
410670319093006,26,0,2,0
410670319093007,30,2,7,0
410670319093008,0,0,0,0
410670319093009,61,5,5,3
410670319093010,39,1,3,0
410670319093011,37,1,7,6
410670319093012,26,0,1,0
410670319093013,76,8,14,6
410670319093014,58,1,6,2
410670319093015,49,4,5,8
410670319093016,36,1,1,4
410670319093017,42,5,2,8
410670319093018,67,5,7,12
410670319093019,125,8,10,5
410670319093020,52,6,9,2
410670319093021,52,1,10,2
410670319093022,42,2,3,0
410670319093023,60,6,8,8
410670319093024,35,4,0,2
410670319093025,59,7,9,3
410670319093026,140,6,7,8
410670319093027,12,0,2,0
410670319093028,94,8,5,5
410670319093029,33,0,4,0
410670319093030,38,3,1,1
410670319093031,23,1,8,0
410670319093032,7,1,1,0
410670319093033,9,3,2,1
410670319093034,53,6,4,1
410670319093035,26,11,0,0
410670319093036,10,1,0,0
410670319093037,95,4,5,17
410670319093038,181,10,9,4
410670319093039,67,6,9,4
410670319093040,47,2,3,3
410670319111000,0,0,0,0
410670319111001,28,0,1,2
410670319111002,658,20,22,23
410670319111003,105,2,8,5
410670319111004,71,0,1,3
410670319111005,16,0,0,2
410670319111006,0,0,0,0
410670319111007,471,19,12,4
410670319111008,58,0,4,2
410670319111009,295,8,11,3
410670319111010,33,5,0,0
410670319111011,143,4,6,0
410670319111012,151,10,20,1
410670319111013,196,2,13,2
410670319111014,52,3,3,1
410670319111015,81,9,3,0
410670319111016,46,4,6,3
410670319111017,165,2,2,10
410670319111018,194,18,9,7
410670319111019,63,7,1,0
410670319112000,30,4,3,1
410670319112001,292,26,14,7
410670319112002,71,11,5,0
410670319112003,105,8,8,1
410670319112004,24,2,0,0
410670319112005,265,18,17,10
410670319112006,27,1,1,1
410670319112007,92,10,11,4
410670319112008,91,1,6,4
410670319112009,127,9,9,2
410670319112010,102,9,3,1
410670319112011,41,0,0,0
410670319112012,273,26,15,3
410670319112013,39,1,1,1
410670319112014,227,12,12,13
410670319112015,55,2,4,3
410670319112016,89,10,13,0
410670319112017,108,10,2,9
410670319112018,62,2,5,1
410670319112019,152,16,9,4
410670319112020,59,4,8,1
410670319112021,39,1,2,5
410670319112022,69,4,8,0
410670319112023,82,7,1,9
410670319112024,26,1,0,0
410670319112025,45,3,0,3
410670319121000,26,6,1,0
410670319121001,203,10,14,4
410670319121002,115,10,11,1
410670319121003,38,2,0,1
410670319121004,77,0,0,7
410670319121005,161,10,2,8
410670319121006,208,6,12,8
410670319121007,144,5,6,10
410670319121008,62,2,6,3
410670319121009,223,18,17,9
410670319121010,121,10,15,6
410670319121011,242,14,12,10
410670319121012,90,3,4,7
410670319121013,82,4,11,0
410670319121014,139,18,5,3
410670319122000,0,0,0,0
410670319122001,498,26,31,13
410670319122002,34,5,9,0
410670319122003,86,10,3,8
410670319122004,102,5,6,3
410670319122005,178,2,18,4
410670319122006,92,4,5,1
410670319122007,32,0,0,0
410670319122008,58,0,3,0
410670319122009,38,5,1,0
410670319122010,111,7,4,6
410670319122011,154,23,0,12
410670319122012,60,5,6,2
410670319122013,47,2,0,1
410670319122014,34,0,0,0
410670319122015,35,1,0,0
410670319122016,61,3,9,1
410670319123000,0,0,0,0
410670319123001,94,4,5,1
410670319123002,56,4,2,1
410670319123003,15,0,1,1
410670319123004,128,11,12,6
410670319123005,68,4,4,1
410670319123006,156,5,11,9
410670319123007,26,1,2,0
410670319123008,30,0,0,1
410670319123009,123,6,1,6
410670319123010,10,1,0,0
410670319123011,88,14,7,1
410670319131000,698,57,27,30
410670319131001,90,12,4,5
410670319131002,78,3,6,0
410670319131003,54,13,0,1
410670319131004,56,2,3,9
410670319131005,22,4,2,1
410670319131006,31,3,1,5
410670319131007,75,5,11,0
410670319131008,88,10,5,6
410670319131009,59,1,7,0
410670319131010,253,20,30,10
410670319131011,90,5,5,6
410670319131012,170,17,16,9
410670319131013,71,7,6,1
410670319131014,96,14,11,3
410670319131015,82,2,5,8
410670319131016,40,1,0,6
410670319131017,169,8,1,8
410670319131018,20,0,0,0
410670319131019,14,2,3,0
410670319131020,41,1,3,4
410670319131021,15,1,2,2
410670319131022,55,6,5,3
410670319131023,78,4,6,5
410670319131024,51,3,2,3
410670319131025,48,6,3,3
410670319131026,16,2,0,1
410670319131027,26,0,0,0
410670319141000,200,1,0,0
410670319141001,76,0,0,0
410670319141002,41,0,0,0
410670319141003,38,0,0,0
410670319141004,36,0,0,0
410670319141005,97,0,1,0
410670319141006,27,0,0,0
410670319141007,195,10,6,3
410670319141008,40,0,2,0
410670319141009,22,0,1,0
410670319141010,21,0,0,0
410670319141011,26,0,0,0
410670319142000,0,0,0,0
410670319142001,29,0,0,5
410670319142002,64,0,1,0
410670319142003,35,0,0,0
410670319142004,45,0,0,0
410670319142005,136,0,1,0
410670319142006,93,0,0,1
410670319142007,0,0,0,0
410670319142008,27,0,0,0
410670319142009,215,0,0,0
410670319142010,87,0,0,0
410670319142011,113,0,0,1
410670319142012,32,0,0,1
410670319142013,88,0,0,0
410670319142014,111,0,0,0
410670319142015,12,0,0,1
410670319142016,25,0,0,0
410670319142017,16,0,0,0
410670319142018,12,0,1,0
410670319142019,0,0,0,0
410670319142020,0,0,0,0
410670319143000,0,0,0,0
410670319143001,153,1,0,2
410670319143002,131,1,0,0
410670319143003,105,0,0,0
410670319143004,19,0,0,0
410670319143005,50,0,0,0
410670319143006,38,0,0,0
410670319143007,40,0,0,0
410670319143008,42,0,0,1
410670319143009,14,0,0,0
410670319143010,32,0,0,0
410670319143011,24,2,0,0
410670319143012,20,0,0,0
410670319143013,9,0,0,0
410670319143014,30,0,0,0
410670319144000,0,0,0,0
410670319144001,0,0,0,0
410670319144002,567,57,45,26
410670319144003,0,0,0,0
410670319144004,0,0,0,0
410670319144005,44,5,3,0
410670319144006,551,33,21,14
410670319144007,34,0,1,0
410670319144008,65,1,7,5
410670319144009,177,9,10,8
410670319144010,72,3,9,6
410670319144011,152,12,10,2
410670319144012,45,3,2,0
410670319144013,76,8,5,2
410670319144014,104,0,5,3
410670319144015,79,4,7,7
410670319144016,25,1,6,0
410670319144017,12,2,1,2
410670319144018,62,0,1,1
410670319144019,0,0,0,0
410670319151000,120,9,6,9
410670319151001,471,39,45,15
410670319151002,45,1,3,3
410670319151003,86,5,7,15
410670319151004,56,4,2,13
410670319151005,120,4,7,3
410670319151006,56,3,1,7
410670319151007,153,31,15,4
410670319151008,66,4,5,9
410670319151009,73,4,2,0
410670319151010,70,6,8,0
410670319151011,75,4,17,0
410670319151012,350,24,24,12
410670319151013,310,10,11,6
410670319151014,71,0,0,3
410670319151015,136,10,14,14
410670319151016,127,8,9,5
410670319151017,67,3,0,0
410670319151018,0,0,0,0
410670319152000,296,18,16,11
410670319152001,44,1,1,6
410670319152002,27,6,1,2
410670319152003,37,2,1,2
410670319152004,31,2,0,0
410670319152005,42,6,2,0
410670319152006,58,9,8,3
410670319152007,10,0,4,1
410670319152008,55,6,6,0
410670319152009,49,0,2,3
410670319152010,0,0,0,0
410670319152011,62,6,9,2
410670319152012,67,7,6,0
410670319152013,17,1,0,0
410670319152014,26,1,2,0
410670319152015,0,0,0,0
410670319152016,28,7,7,2
410670319152017,34,6,1,0
410670319152018,65,5,0,1
410670319152019,0,0,0,0
410670319152020,11,1,0,2
410670319152021,26,0,3,1
410670319152022,24,0,3,1
410670319152023,4,0,0,2
410670319152024,11,3,2,1
410670319152025,280,13,29,21
410670319152026,44,1,7,0
410670319152027,34,0,4,2
410670319152028,63,3,2,0
410670319152029,69,6,8,3
410670319152030,78,5,4,5
410670319152031,64,2,9,3
410670319152032,64,0,3,0
410670319152033,141,10,9,0
410670319152034,33,2,2,0
410670319152035,36,0,1,5
410670319152036,124,8,8,5
410670319152037,13,0,3,2
410670319152038,52,7,4,1
410670319152039,16,0,0,3
410670319152040,0,0,0,0
410670319152041,18,0,0,2
410670319152042,113,10,9,1
410670319152043,42,2,3,0
410670319152044,27,4,1,0
410670319152045,81,5,14,5
410670319152046,37,5,1,1
410670319152047,84,0,11,7
410670319152048,11,0,4,0
410670319161000,0,0,0,0
410670319161001,537,20,27,8
410670319161002,114,4,16,2
410670319161003,29,0,0,0
410670319161004,19,0,3,3
410670319161005,251,30,20,17
410670319161006,15,0,2,3
410670319161007,39,8,1,0
410670319161008,16,1,2,1
410670319161009,0,0,0,0
410670319161010,30,1,4,2
410670319161011,22,0,2,2
410670319161012,219,34,8,20
410670319161013,52,5,0,5
410670319161014,0,0,0,0
410670319161015,34,2,2,0
410670319161016,21,1,0,1
410670319161017,9,2,2,0
410670319161018,180,15,29,2
410670319161019,86,7,8,10
410670319161020,51,2,7,5
410670319161021,54,2,6,5
410670319161022,57,7,9,12
410670319161023,97,4,9,5
410670319161024,64,2,7,8
410670319161025,51,4,7,2
410670319161026,17,3,0,0
410670319161027,23,1,1,2
410670319161028,37,2,2,0
410670319161029,15,1,1,0
410670319162000,47,4,1,3
410670319162001,315,17,21,7
410670319162002,50,5,2,5
410670319162003,32,0,5,5
410670319162004,22,3,2,1
410670319162005,11,0,1,0
410670319162006,644,41,35,34
410670319162007,0,0,0,0
410670319162008,63,7,6,0
410670319162009,21,4,0,1
410670319162010,17,5,0,3
410670319162011,71,9,7,0
410670319162012,60,4,3,3
410670319162013,80,1,4,1
410670319162014,137,9,10,1
410670319162015,27,3,0,2
410670319162016,87,13,7,5
410670319162017,27,3,4,3
410670319162018,21,4,2,0
410670319162019,134,7,15,9
410670319162020,71,3,8,0
410670319162021,105,7,10,8
410670319162022,7,0,0,0
410670319162023,50,3,2,1
410670319162024,64,7,4,8
410670319171000,641,48,30,24
410670319171001,91,3,11,1
410670319171002,50,5,3,4
410670319171003,72,9,4,13
410670319171004,68,1,5,7
410670319171005,49,5,4,1
410670319171006,60,0,9,1
410670319171007,41,0,4,1
410670319171008,77,4,3,2
410670319171009,33,0,0,2
410670319171010,35,4,6,3
410670319171011,0,0,0,0
410670319171012,18,0,0,1
410670319171013,107,5,8,1
410670319171014,165,14,9,0
410670319171015,36,3,2,2
410670319171016,45,1,4,1
410670319171017,51,1,4,2
410670319172000,428,36,54,7
410670319172001,635,36,56,27
410670319172002,26,2,3,0
410670319172003,63,2,8,2
410670319172004,39,6,11,0
410670319172005,322,25,17,13
410670319172006,56,0,6,0
410670319172007,199,11,13,11
410670319172008,209,6,13,12
410670319172009,30,1,5,2
410670319172010,45,2,1,3
410670319172011,59,3,3,0
410670319172012,1,0,0,0
410670319172013,123,0,3,12
410670319172014,0,0,0,0
410670319172015,35,2,6,4
410670319172016,71,3,2,12
410670319172017,86,1,7,5
410670319172018,14,1,0,0
410670319172019,1,0,0,0
410670319181000,76,1,4,3
410670319181001,18,1,3,2
410670319181002,47,2,2,0
410670319181003,63,0,15,0
410670319181004,804,45,54,30
410670319181005,183,14,16,4
410670319181006,22,1,2,0
410670319181007,108,7,1,4
410670319181008,47,3,0,5
410670319181009,35,1,6,0
410670319181010,264,23,25,14
410670319181011,41,0,3,0
410670319181012,254,6,0,4
410670319182000,320,27,32,14
410670319182001,56,5,4,11
410670319182002,33,2,8,3
410670319182003,267,33,13,4
410670319182004,0,0,0,0
410670319182005,18,2,5,0
410670319182006,7,0,0,0
410670319182007,95,5,8,4
410670319182008,3,0,0,1
410670319182009,26,2,2,1
410670319182010,107,4,2,7
410670319182011,52,5,4,0
410670319182012,73,0,4,0
410670319182013,75,11,2,4
410670319182014,108,1,4,11
410670319182015,21,3,4,0
410670319182016,41,5,0,2
410670319182017,106,6,1,7
410670319182018,68,4,4,6
410670319182019,52,1,2,2
410670319182020,116,3,23,9
410670319182021,46,2,1,13
410670319182022,21,2,3,0
410670319182023,44,4,0,1
410670319182024,76,1,8,4
410670319182025,6,2,0,1
410670319182026,28,4,2,1
410670319183000,211,10,30,12
410670319183001,22,1,1,3
410670319183002,93,4,3,1
410670319183003,47,1,7,3
410670319183004,96,11,10,0
410670319183005,93,0,1,9
410670319183006,181,17,8,10
410670319183007,72,10,2,4
410670319183008,6,0,0,0
410670320011000,280,8,20,11
410670320011001,73,3,0,2
410670320011002,56,3,2,3
410670320011003,0,0,0,0
410670320011004,111,7,5,3
410670320011005,12,0,0,1
410670320011006,105,13,6,14
410670320011007,26,3,6,1
410670320011008,1,0,0,0
410670320011009,6,0,0,2
410670320011010,44,1,3,2
410670320011011,10,4,1,0
410670320011012,0,0,0,0
410670320011013,0,0,0,0
410670320011014,151,4,10,6
410670320011015,203,11,14,13
410670320011016,22,5,1,2
410670320011017,0,0,0,0
410670320011018,0,0,0,0
410670320012000,180,11,4,1
410670320012001,81,7,3,0
410670320012002,62,1,1,5
410670320012003,303,13,21,10
410670320012004,117,9,2,4
410670320012005,1,1,0,0
410670320012006,69,10,3,9
410670320012007,0,0,0,0
410670320012008,36,4,2,1
410670320013000,62,3,17,0
410670320013001,45,0,6,1
410670320013002,107,1,3,5
410670320013003,273,17,9,8
410670320013004,62,2,2,9
410670320013005,1614,145,147,71
410670320013006,34,1,0,2
410670320013007,122,7,11,1
410670320013008,32,0,1,1
410670320013009,0,0,0,0
410670320013010,0,0,0,0
410670320013011,63,8,1,0
410670320013012,123,9,2,10
410670320013013,150,4,30,7
410670320013014,128,6,13,7
410670320013015,46,1,6,1
410670320013016,11,0,2,0
410670320013017,0,0,0,0
410670320013018,0,0,0,0
410670320013019,0,0,0,0
410670320013020,0,0,0,0
410670320013021,0,0,0,0
410670320013022,0,0,0,0
410670320013023,0,0,0,0
410670320013024,2,0,0,0
410670320013025,0,0,0,0
410670320013026,30,0,1,0
410670320014000,0,0,0,0
410670320014001,391,23,17,5
410670320014002,0,0,0,0
410670320014003,435,4,7,1
410670320014004,98,4,6,10
410670320014005,0,0,0,0
410670320014006,0,0,0,0
410670320014007,60,3,3,1
410670320014008,14,0,0,0
410670320014009,0,0,0,0
410670320014010,0,0,0,0
410670320014011,0,0,0,0
410670320014012,0,0,0,0
410670320014013,29,0,1,2
410670320014014,0,0,0,0
410670320014015,0,0,0,0
410670320014016,32,3,1,2
410670320014017,8,1,0,1
410670320014018,0,0,0,0
410670320014019,0,0,0,0
410670320014020,0,0,0,0
410670320014021,0,0,0,0
410670320014022,0,0,0,0
410670320014023,0,0,0,0
410670320031000,0,0,0,0
410670320031001,21,3,2,1
410670320031002,10,3,0,0
410670320031003,285,8,6,0
410670320031004,573,54,21,18
410670320031005,66,4,1,6
410670320031006,91,13,1,7
410670320031007,95,8,7,12
410670320031008,48,1,1,3
410670320031009,532,20,22,14
410670320031010,0,0,0,0
410670320031011,0,0,0,0
410670320031012,0,0,0,0
410670320031013,0,0,0,0
410670320031014,33,3,4,2
410670320031015,28,2,6,4
410670320031016,0,0,0,0
410670320031017,23,2,3,3
410670320031018,0,0,0,0
410670320031019,0,0,0,0
410670320031020,0,0,0,0
410670320031021,8,0,3,1
410670320031022,0,0,0,0
410670320031023,0,0,0,0
410670320032000,1116,86,53,43
410670320032001,202,3,1,0
410670320032002,0,0,0,0
410670320032003,0,0,0,0
410670320032004,289,11,23,10
410670320032005,46,3,6,0
410670320033000,0,0,0,0
410670320033001,170,13,6,7
410670320033002,0,0,0,0
410670320033003,0,0,0,0
410670320033004,0,0,0,0
410670320033005,0,0,0,0
410670320033006,370,27,25,5
410670320033007,91,3,9,8
410670320033008,142,13,10,8
410670320041000,52,5,10,1
410670320041001,219,14,5,6
410670320041002,51,3,3,6
410670320041003,100,5,15,1
410670320041004,107,9,11,2
410670320041005,107,8,2,4
410670320041006,46,4,0,3
410670320041007,162,17,9,3
410670320041008,125,14,6,8
410670320041009,124,3,10,14
410670320042000,228,14,13,1
410670320042001,41,3,4,0
410670320042002,46,2,2,4
410670320042003,0,0,0,0
410670320042004,61,0,6,7
410670320042005,51,8,1,1
410670320042006,90,1,3,5
410670320042007,34,3,1,2
410670320042008,0,0,0,0
410670320042009,274,21,23,0
410670320042010,91,2,12,3
410670320042011,55,2,2,5
410670320042012,0,0,0,0
410670320042013,47,3,0,9
410670320051000,0,0,0,0
410670320051001,0,0,0,0
410670320051002,0,0,0,0
410670320051003,0,0,0,0
410670320051004,0,0,0,0
410670320051005,0,0,0,0
410670320051006,0,0,0,0
410670320051007,41,3,6,5
410670320051008,321,3,9,8
410670320051009,218,5,3,3
410670320051010,0,0,0,0
410670320051011,0,0,0,0
410670320051012,0,0,0,0
410670320051013,0,0,0,0
410670320051014,0,0,0,0
410670320051015,34,4,4,2
410670320051016,0,0,0,0
410670320051017,0,0,0,0
410670320051018,0,0,0,0
410670320051019,0,0,0,0
410670320051020,16,1,1,2
410670320051021,0,0,0,0
410670320051022,3,0,0,0
410670320051023,0,0,0,0
410670320051024,0,0,0,0
410670320052000,9,0,0,1
410670320052001,185,4,7,3
410670320052002,141,10,5,4
410670320052003,0,0,0,0
410670320052004,0,0,0,0
410670320052005,519,9,14,11
410670320052006,50,5,4,1
410670320052007,0,0,0,0
410670320053000,1985,149,144,74
410670320053001,261,17,13,29
410670320053002,229,13,26,16
410670320053003,0,0,0,0
410670320054000,193,19,20,10
410670320054001,770,73,90,32
410670320054002,0,0,0,0
410670320054003,0,0,0,0
410670320054004,0,0,0,0
410670321041000,81,7,8,9
410670321041001,154,3,14,2
410670321041002,64,6,3,4
410670321041003,150,5,4,6
410670321041004,294,13,39,26
410670321041005,133,15,7,12
410670321041006,138,5,6,3
410670321041007,347,43,22,18
410670321042000,14,1,0,1
410670321042001,16,4,3,0
410670321042002,0,0,0,0
410670321042003,73,2,3,12
410670321042004,59,6,7,3
410670321042005,273,24,5,15
410670321042006,124,4,2,14
410670321042007,149,14,0,0
410670321042008,224,27,28,0
410670321042009,3,0,1,0
410670321042010,2,0,0,0
410670321042011,97,5,5,13
410670321042012,0,0,0,0
410670321042013,0,0,0,0
410670321042014,3,0,0,1
410670321042015,5,1,1,0
410670321042016,304,14,28,24
410670321042017,77,3,3,1
410670321042018,72,4,10,2
410670321042019,52,3,3,1
410670321042020,55,2,5,0
410670321042021,24,4,2,0
410670321042022,96,11,3,10
410670321042023,39,0,1,1
410670321042024,65,5,9,0
410670321042025,84,9,3,6
410670321042026,287,44,24,16
410670321042027,28,1,0,0
410670321042028,27,0,4,6
410670321042029,44,4,6,0
410670321042030,19,1,2,1
410670321042031,150,6,34,0
410670321043000,129,6,16,8
410670321043001,148,1,11,22
410670321043002,366,11,39,23
410670321043003,92,2,28,0
410670321043004,322,50,17,15
410670321043005,37,3,5,6
410670321043006,123,1,12,7
410670321043007,68,19,8,0
410670321043008,88,16,3,1
410670321071000,116,4,5,8
410670321071001,125,2,11,2
410670321071002,200,15,4,7
410670321071003,80,5,4,0
410670321071004,36,1,0,1
410670321071005,0,0,0,0
410670321071006,4,1,2,1
410670321071007,0,0,0,0
410670321071008,0,0,0,0
410670321071009,0,0,0,0
410670321071010,0,0,0,0
410670321071011,0,0,0,0
410670321071012,0,0,0,0
410670321071013,0,0,0,0
410670321071014,0,0,0,0
410670321071015,0,0,0,0
410670321071016,0,0,0,0
410670321071017,18,1,2,1
410670321071018,0,0,0,0
410670321071019,7,0,0,1
410670321071020,0,0,0,0
410670321071021,10,0,0,0
410670321071022,0,0,0,0
410670321071023,0,0,0,0
410670321071024,44,6,3,2
410670321071025,252,21,15,15
410670321071026,49,1,16,3
410670321071027,78,5,1,4
410670321071028,44,9,0,0
410670321071029,64,2,0,0
410670321071030,176,6,13,2
410670321071031,176,8,15,7
410670321071032,151,1,2,8
410670321071033,73,1,2,4
410670321071034,80,6,1,1
410670321071035,94,10,5,4
410670321071036,46,3,6,1
410670321071037,29,0,1,3
410670321081000,108,8,5,0
410670321081001,118,7,3,1
410670321081002,89,4,4,6
410670321081003,233,6,19,12
410670321081004,87,0,2,3
410670321081005,194,23,14,6
410670321081006,103,17,8,5
410670321081007,105,11,0,11
410670321081008,166,22,7,7
410670321081009,60,6,1,2
410670321081010,61,4,8,2
410670321082000,15,2,0,2
410670321082001,57,2,9,1
410670321082002,0,0,0,0
410670321082003,0,0,0,0
410670321082004,0,0,0,0
410670321082005,648,34,37,25
410670321082006,64,3,4,2
410670321082007,6,0,0,0
410670321082008,32,0,0,4
410670321082009,118,5,5,10
410670321082010,135,6,10,7
410670321082011,46,2,12,0
410670321082012,176,21,8,8
410670321082013,15,2,0,0
410670321082014,60,5,6,6
410670321082015,28,0,0,0
410670321082016,36,3,4,4
410670321082017,47,3,3,3
410670321082018,5,0,1,0
410670321082019,6,0,0,0
410670321082020,22,0,2,1
410670321082021,13,1,0,1
410670321082022,0,0,0,0
410670321083000,465,29,29,23
410670321083001,58,3,4,3
410670321083002,53,3,3,3
410670321083003,35,2,11,2
410670321083004,157,8,10,9
410670321083005,89,7,9,1
410670321083006,0,0,0,0
410670321083007,0,0,0,0
410670321083008,0,0,0,0
410670321083009,60,9,3,1
410670321083010,162,0,2,16
410670321083011,49,0,1,0
410670321083012,9,2,1,0
410670321083013,60,3,6,7
410670321083014,39,3,6,1
410670321083015,52,5,1,2
410670321083016,35,1,3,1
410670321083017,0,0,0,0
410670321083018,0,0,0,0
410670321091000,72,0,2,6
410670321091001,35,1,6,5
410670321091002,1,0,0,0
410670321091003,38,0,3,0
410670321091004,85,6,8,2
410670321091005,167,10,12,8
410670321091006,65,2,5,4
410670321091007,0,0,0,0
410670321091008,9,0,1,1
410670321091009,74,2,5,4
410670321091010,47,7,1,4
410670321091011,51,4,5,8
410670321091012,36,0,2,4
410670321091013,85,1,11,0
410670321091014,7,0,3,0
410670321091015,76,7,6,8
410670321091016,18,2,3,1
410670321092000,25,2,7,2
410670321092001,7,0,0,0
410670321092002,27,0,3,3
410670321092003,31,0,1,1
410670321092004,101,7,17,2
410670321092005,73,9,8,8
410670321092006,120,0,5,5
410670321092007,18,1,1,1
410670321092008,12,2,4,0
410670321092009,93,6,9,4
410670321092010,150,1,25,15
410670321092011,80,4,13,5
410670321092012,3,0,0,0
410670321092013,0,0,0,0
410670321092014,74,9,10,3
410670321092015,197,1,26,17
410670321092016,63,10,2,10
410670321092017,55,11,2,1
410670321092018,69,0,1,13
410670321092019,16,5,1,0
410670321092020,143,19,12,20
410670321092021,16,1,2,0
410670321092022,145,14,8,5
410670321092023,61,6,2,4
410670321092024,48,2,2,9
410670321092025,94,11,8,4
410670321092026,94,7,16,0
410670321092027,58,5,5,6
410670321092028,52,7,4,1
410670321092029,30,3,2,0
410670321092030,32,3,2,1
410670321092031,5,0,1,0
410670321092032,91,7,2,16
410670321092033,88,6,15,6
410670321092034,10,0,0,0
410670321092035,3,0,0,0
410670321092036,0,0,0,0
410670321101000,118,3,11,13
410670321101001,47,0,2,1
410670321101002,0,0,0,0
410670321101003,0,0,0,0
410670321101004,21,4,1,0
410670321101005,15,2,3,4
410670321101006,0,0,0,0
410670321101007,0,0,0,0
410670321101008,36,4,3,0
410670321101009,0,0,0,0
410670321101010,31,0,1,1
410670321101011,0,0,0,0
410670321101012,0,0,0,0
410670321101013,1530,0,0,1
410670321101014,25,0,3,0
410670321101015,12,1,1,0
410670321101016,27,3,2,2
410670321101017,0,0,0,0
410670321101018,0,0,0,0
410670321101019,12,0,0,1
410670321101020,7,1,1,0
410670321101021,0,0,0,0
410670321101022,4,0,0,0
410670321101023,0,0,0,0
410670321101024,0,0,0,0
410670321101025,2,0,0,0
410670321101026,12,0,0,3
410670321101027,0,0,0,0
410670321101028,20,0,4,0
410670321101029,0,0,0,0
410670321101030,7,0,0,0
410670321101031,0,0,0,0
410670321101032,0,0,0,0
410670321101033,0,0,0,0
410670321101034,9,1,0,0
410670321101035,89,5,5,7
410670321101036,0,0,0,0
410670321101037,0,0,0,0
410670321101038,0,0,0,0
410670321101039,0,0,0,0
410670321101040,0,0,0,0
410670321101041,0,0,0,0
410670321101042,0,0,0,0
410670321101043,0,0,0,0
410670321101044,0,0,0,0
410670321101045,0,0,0,0
410670321101046,0,0,0,0
410670321101047,0,0,0,0
410670321101048,9,0,1,0
410670321101049,6,0,0,0
410670321101050,9,0,0,0
410670321101051,576,14,23,6
410670321101052,4,0,1,0
410670321101053,8,1,0,0
410670321101054,3,1,0,1
410670321102000,64,0,4,3
410670321102001,20,0,1,0
410670321102002,220,12,27,11
410670321102003,340,20,31,12
410670321102004,90,4,3,13
410670321102005,38,0,8,1
410670321102006,34,3,3,1
410670321102007,13,2,0,4
410670321102008,6,1,2,0
410670321102009,44,5,5,0
410670321102010,67,0,4,0
410670321102011,0,0,0,0
410670321111000,273,16,18,27
410670321111001,120,4,30,5
410670321111002,52,6,3,6
410670321111003,135,0,17,12
410670321111004,212,19,10,27
410670321111005,68,3,22,0
410670321111006,84,15,4,9
410670321111007,65,6,5,1
410670321111008,98,5,8,8
410670321111009,19,1,1,0
410670321111010,74,21,9,1
410670321111011,101,0,16,9
410670321111012,53,3,2,14
410670321111013,74,14,8,10
410670321111014,106,7,22,6
410670321111015,83,12,15,7
410670321111016,21,0,0,0
410670321111017,13,1,0,0
410670321111018,9,2,1,2
410670321111019,26,3,6,0
410670321111020,29,2,4,2
410670321112000,119,15,12,10
410670321112001,112,8,13,3
410670321112002,222,31,19,12
410670321112003,10,2,1,0
410670321112004,90,8,9,7
410670321112005,65,1,11,0
410670321112006,100,20,18,1
410670321112007,286,22,23,30
410670321112008,64,5,7,0
410670321112009,21,3,0,4
410670321112010,17,0,2,0
410670321112011,8,0,1,0
410670321112012,33,1,6,0
410670321112013,17,1,0,1
410670321112014,20,1,0,3
410670321112015,81,3,10,0
410670321112016,75,3,5,1
410670321112017,8,2,1,1
410670321112018,45,1,5,1
410670321112019,97,3,14,9
410670321112020,0,0,0,0
410670321112021,40,3,0,0
410670321112022,135,3,11,6
410670321112023,14,0,1,4
410670321112024,67,0,5,5
410670321112025,33,2,1,0
410670321112026,4,1,1,2
410670321112027,17,1,3,0
410670321112028,27,1,1,1
410670321112029,35,0,1,3
410670321112030,0,0,0,0
410670321121000,0,0,0,0
410670321121001,365,20,18,12
410670321121002,47,3,1,2
410670321121003,142,32,11,1
410670321121004,49,0,2,0
410670321121005,27,4,1,0
410670321121006,205,18,13,16
410670321121007,39,4,1,0
410670321121008,69,1,1,19
410670321121009,292,14,36,6
410670321121010,37,1,1,0
410670321121011,104,8,16,0
410670321121012,28,3,5,0
410670321121013,78,4,15,7
410670321121014,43,3,3,2
410670321121015,105,8,2,5
410670321121016,41,4,9,8
410670321121017,17,0,1,0
410670321121018,30,1,0,1
410670321121019,27,3,7,5
410670321121020,16,3,3,1
410670321121021,18,0,0,1
410670321121022,15,1,1,0
410670321121023,19,1,1,1
410670321121024,0,0,0,0
410670321121025,0,0,0,0
410670321121026,263,31,34,21
410670321122000,0,0,0,0
410670321122001,6,1,0,0
410670321122002,0,0,0,0
410670321122003,6,0,0,1
410670321122004,5,0,1,0
410670321122005,11,1,0,2
410670321122006,0,0,0,0
410670321122007,8,2,0,0
410670321122008,0,0,0,0
410670321122009,0,0,0,0
410670321122010,0,0,0,0
410670321122011,0,0,0,0
410670321122012,0,0,0,0
410670321122013,0,0,0,0
410670321122014,14,2,0,2
410670321122015,0,0,0,0
410670321122016,0,0,0,0
410670321122017,0,0,0,0
410670321122018,57,8,0,0
410670321122019,124,8,17,5
410670321122020,0,0,0,0
410670321122021,0,0,0,0
410670321122022,782,41,72,42
410670321122023,47,3,6,3
410670321122024,38,6,3,3
410670321122025,34,4,3,1
410670321122026,74,7,0,0
410670321122027,501,28,31,23
410670321122028,62,1,2,5
410670321122029,40,7,3,0
410670321122030,73,2,6,2
410670321122031,59,5,9,3
410670321122032,12,1,1,1
410670321122033,16,3,0,0
410670321122034,0,0,0,0
410670321122035,0,0,0,0
410670321123000,221,22,31,16
410670321123001,47,1,6,5
410670321123002,272,9,20,14
410670321123003,95,8,2,8
410670321123004,44,1,14,0
410670321123005,70,7,3,2
410670321123006,44,2,4,3
410670321123007,90,9,10,3
410670321123008,116,25,3,1
410670321123009,96,7,14,2
410670321123010,114,2,1,11
410670321123011,223,6,23,11
410670321123012,57,3,11,7
410670321123013,74,7,7,17
410670321124000,55,1,4,6
410670321124001,202,17,25,13
410670321124002,306,23,16,19
410670321124003,168,9,27,10
410670321124004,253,14,30,7
410670321124005,47,9,1,6
410670321124006,81,0,4,12
410670321124007,68,7,12,8
410670321124008,72,6,14,2
410670321124009,142,16,19,3
410670321124010,62,5,11,1
410670321124011,54,14,2,0
410670321124012,65,5,5,1
410670321124013,58,5,6,5
410670321124014,74,13,1,11
410670321124015,56,6,4,1
410670322011000,271,16,20,6
410670322011001,81,3,0,2
410670322011002,300,16,36,31
410670322011003,85,11,12,8
410670322011004,55,0,4,9
410670322011005,87,10,6,10
410670322011006,479,38,63,15
410670322011007,36,4,2,1
410670322011008,286,35,39,8
410670322011009,74,16,3,8
410670322011010,43,0,4,2
410670322011011,54,1,17,3
410670322011012,385,68,59,6
410670322011013,56,6,12,5
410670322011014,64,7,7,8
410670322011015,0,0,0,0
410670322011016,0,0,0,0
410670322011017,0,0,0,0
410670322011018,211,8,34,12
410670322011019,119,11,19,14
410670322011020,111,17,10,9
410670322011021,48,6,3,0
410670322011022,67,9,2,4
410670322011023,46,8,0,0
410670322011024,96,16,10,4
410670322011025,0,0,0,0
410670322011026,0,0,0,0
410670322011027,0,0,0,0
410670322011028,34,2,3,4
410670322012000,4,0,0,0
410670322012001,4,0,1,0
410670322012002,1,0,0,0
410670322012003,5,0,1,1
410670322012004,198,22,22,23
410670322012005,94,4,13,7
410670322012006,124,6,15,15
410670322012007,169,1,4,16
410670322012008,79,2,8,4
410670322012009,113,17,8,7
410670322012010,0,0,0,0
410670322012011,0,0,0,0
410670322012012,0,0,0,0
410670322012013,227,15,22,14
410670322012014,34,2,12,0
410670322012015,2,0,0,0
410670322012016,188,26,12,15
410670322012017,32,4,0,1
410670322012018,40,7,4,0
410670322012019,49,4,7,0
410670322012020,35,7,4,3
410670322012021,42,7,6,1
410670322012022,38,5,1,2
410670322012023,13,1,2,0
410670322012024,31,0,0,2
410670322012025,44,3,10,0
410670322012026,0,0,0,0
410670322012027,47,0,1,3
410670322012028,78,11,10,1
410670322012029,110,5,8,8
410670322012030,227,11,21,2
410670322012031,138,12,18,6
410670322021000,91,10,9,2
410670322021001,11,1,0,0
410670322021002,23,3,1,11
410670322021003,67,2,5,0
410670322021004,44,4,1,0
410670322021005,121,11,4,3
410670322021006,29,0,5,2
410670322021007,111,8,15,3
410670322021008,206,5,35,14
410670322021009,139,14,14,1
410670322021010,29,0,3,5
410670322021011,5,0,1,1
410670322021012,69,4,1,7
410670322021013,41,2,2,1
410670322021014,148,7,14,1
410670322021015,10,0,0,3
410670322021016,58,8,2,0
410670322021017,26,1,2,4
410670322021018,24,1,0,0
410670322021019,80,7,1,15
410670322021020,0,0,0,0
410670322021021,0,0,0,0
410670322021022,16,3,0,0
410670322021023,23,0,1,0
410670322021024,75,0,3,0
410670322021025,3,1,0,0
410670322021026,21,5,7,0
410670322021027,44,0,3,1
410670322021028,57,7,2,0
410670322021029,34,3,4,7
410670322021030,19,4,1,3
410670322021031,27,0,0,0
410670322021032,6,0,0,0
410670322021033,13,0,1,1
410670322021034,16,2,0,0
410670322021035,0,0,0,0
410670322021036,0,0,0,0
410670322021037,0,0,0,0
410670322021038,0,0,0,0
410670322021039,12,3,0,3
410670322021040,8,1,2,1
410670322021041,2,0,0,0
410670322021042,8,0,0,0
410670322021043,19,1,0,3
410670322021044,73,0,2,4
410670322021045,16,3,2,0
410670322021046,5,0,2,0
410670322021047,18,1,0,2
410670322021048,11,0,0,0
410670322022000,30,0,3,1
410670322022001,86,5,6,2
410670322022002,12,0,0,0
410670322022003,74,1,4,4
410670322022004,24,2,4,1
410670322022005,16,2,1,0
410670322022006,56,4,7,1
410670322022007,16,1,5,1
410670322022008,31,0,6,0
410670322022009,49,2,7,1
410670322022010,18,0,0,0
410670322022011,23,0,2,0
410670322022012,17,0,0,0
410670322022013,26,2,1,0
410670322022014,29,1,0,0
410670322022015,99,5,1,1
410670322022016,17,1,3,4
410670322022017,29,3,0,2
410670322022018,0,0,0,0
410670322022019,0,0,0,0
410670322022020,0,0,0,0
410670322022021,41,1,7,0
410670322022022,34,1,3,6
410670322022023,21,0,2,4
410670322022024,146,3,15,1
410670322022025,17,2,1,1
410670322022026,18,0,0,1
410670322022027,73,10,3,1
410670322022028,6,0,0,0
410670322022029,10,0,1,5
410670322022030,6,0,0,3
410670322022031,21,0,0,0
410670322022032,0,0,0,0
410670322023000,19,2,4,0
410670322023001,13,1,2,1
410670322023002,13,0,4,3
410670322023003,14,1,1,3
410670322023004,16,0,1,0
410670322023005,47,1,2,3
410670322023006,11,0,0,0
410670322023007,6,0,0,2
410670322023008,159,7,9,1
410670322023009,4,0,0,0
410670322023010,11,0,1,0
410670322023011,0,0,0,0
410670322023012,0,0,0,0
410670322023013,8,1,0,0
410670322023014,121,5,0,0
410670322023015,72,3,4,8
410670322023016,56,5,2,0
410670322023017,34,1,0,3
410670322023018,34,1,0,1
410670322023019,0,0,0,0
410670322023020,0,0,0,0
410670322023021,21,0,0,0
410670322023022,30,0,2,0
410670322023023,42,2,2,0
410670322023024,33,0,0,0
410670322023025,46,1,3,5
410670322023026,0,0,0,0
410670322023027,0,0,0,0
410670322023028,1,0,0,0
410670322023029,1,0,0,0
410670322023030,65,2,0,1
410670322023031,0,0,0,0
410670322023032,4,0,0,0
410670322023033,13,0,0,3
410670322023034,0,0,0,0
410670323011000,17,0,2,1
410670323011001,63,0,1,0
410670323011002,60,5,6,3
410670323011003,12,0,0,0
410670323011004,122,9,1,7
410670323011005,44,1,2,2
410670323011006,49,5,4,2
410670323011007,14,0,0,0
410670323011008,27,0,0,0
410670323011009,36,2,1,11
410670323011010,39,0,2,1
410670323011011,19,0,0,0
410670323011012,35,1,1,2
410670323011013,14,0,6,0
410670323011014,28,5,6,1
410670323011015,0,0,0,0
410670323011016,30,1,0,0
410670323011017,30,0,0,0
410670323011018,33,2,1,3
410670323011019,0,0,0,0
410670323011020,39,4,4,4
410670323011021,31,1,0,0
410670323011022,126,9,9,6
410670323011023,67,1,8,0
410670323011024,76,4,1,0
410670323011025,5,0,1,0
410670323011026,24,4,3,0
410670323011027,0,0,0,0
410670323011028,132,4,8,1
410670323011029,16,0,2,0
410670323011030,166,7,9,7
410670323021000,220,2,8,5
410670323021001,281,16,12,11
410670323021002,4,0,0,0
410670323021003,0,0,0,0
410670323021004,50,3,1,5
410670323021005,10,0,0,0
410670323021006,70,2,3,6
410670323021007,31,1,6,1
410670323021008,37,4,0,1
410670323022000,35,1,3,1
410670323022001,43,3,5,1
410670323022002,460,52,37,16
410670323022003,31,0,4,0
410670323022004,49,7,4,0
410670323022005,23,1,1,1
410670323022006,50,5,1,3
410670323022007,11,0,0,2
410670323022008,43,2,14,1
410670323022009,77,3,3,4
410670323022010,55,2,2,4
410670323022011,23,2,3,1
410670323022012,39,0,1,0
410670323022013,47,3,3,0
410670323022014,36,3,4,1
410670323022015,56,3,2,0
410670323022016,45,5,0,2
410670323022017,27,1,4,7
410670323022018,19,3,1,1
410670323023000,45,1,6,2
410670323023001,144,16,4,2
410670323023002,0,0,0,0
410670323023003,41,2,6,1
410670323023004,675,31,33,18
410670323023005,0,0,0,0
410670323023006,43,5,0,0
410670323023007,33,9,5,0
410670323023008,51,2,3,4
410670323023009,51,4,2,2
410670323023010,0,0,0,0
410670323023011,44,3,3,1
410670323023012,38,2,2,1
410670323023013,289,33,23,25
410670323023014,121,11,18,0
410670323023015,46,5,1,0
410670323023016,49,5,7,3
410670323023017,169,18,17,8
410670323023018,46,3,6,1
410670323023019,113,5,7,1
410670323023020,35,4,1,0
410670323023021,33,0,3,0
410670323023022,14,5,1,2
410670323023023,55,11,4,3
410670323023024,0,0,0,0
410670323023025,66,2,6,0
410670323023026,39,1,4,0
410670323023027,42,6,3,3
410670323023028,37,3,7,2
410670323024000,0,0,0,0
410670323024001,277,20,15,1
410670323024002,17,0,0,3
410670323024003,44,3,4,12
410670323024004,13,0,0,1
410670323024005,2,0,0,0
410670323024006,10,0,0,1
410670323024007,2,0,0,0
410670323024008,2,0,1,0
410670323024009,6,1,0,0
410670323024010,15,1,1,2
410670323024011,21,6,0,3
410670323024012,10,0,0,0
410670323024013,17,2,1,1
410670323024014,20,0,3,2
410670323024015,240,26,23,10
410670323024016,49,3,1,0
410670323024017,41,2,6,0
410670323024018,69,1,6,4
410670323024019,97,8,17,7
410670323024020,74,5,4,1
410670323024021,112,2,1,8
410670323024022,84,6,1,0
410670323024023,5,1,0,0
410670323024024,0,0,0,0
410670323024025,0,0,0,0
410670323024026,16,0,0,0
410670323024027,63,4,5,5
410670323024028,84,7,4,0
410670323024029,9,0,2,0
410670323024030,23,0,4,0
410670323024031,0,0,0,0
410670323024032,34,0,4,0
410670323024033,0,0,0,0
410670323024034,88,8,7,1
410670323024035,0,0,0,0
410670323024036,51,1,2,1
410670323024037,49,2,0,2
410670323024038,0,0,0,0
410670323024039,29,1,1,4
410670324041000,500,15,35,24
410670324041001,28,0,2,0
410670324041002,551,46,31,21
410670324041003,52,2,4,3
410670324041004,35,4,6,3
410670324041005,50,1,0,1
410670324041006,62,6,2,0
410670324041007,59,1,1,4
410670324042000,325,11,11,19
410670324042001,97,11,3,0
410670324042002,157,16,6,11
410670324042003,194,14,21,7
410670324042004,107,4,10,7
410670324042005,144,0,1,11
410670324042006,70,3,2,0
410670324042007,107,3,10,9
410670324042008,75,2,6,1
410670324042009,37,1,0,5
410670324042010,42,9,4,0
410670324043000,642,41,42,21
410670324043001,98,11,7,4
410670324043002,40,1,1,5
410670324043003,60,5,3,2
410670324043004,99,9,7,9
410670324043005,166,3,12,7
410670324043006,21,1,1,0
410670324044000,515,32,52,11
410670324044001,132,4,18,10
410670324044002,53,1,1,0
410670324044003,193,9,17,4
410670324044004,159,15,15,4
410670324044005,118,2,12,0
410670324044006,43,2,3,1
410670324044007,36,0,1,5
410670324044008,46,0,0,10
410670324044009,512,34,21,18
410670324044010,55,3,1,2
410670324044011,80,2,11,1
410670324044012,180,14,8,11
410670324044013,34,5,1,1
410670324044014,58,3,3,1
410670324044015,44,4,7,0
410670324045000,32,1,3,3
410670324045001,547,27,38,18
410670324045002,29,1,0,0
410670324045003,53,1,2,6
410670324045004,118,4,6,8
410670324045005,85,1,0,3
410670324045006,44,1,2,2
410670324045007,107,10,10,3
410670324045008,43,4,2,2
410670324045009,78,1,0,7
410670324045010,70,7,5,0
410670324045011,43,4,3,3
410670324045012,236,14,31,7
410670324071000,350,20,16,21
410670324071001,68,2,0,8
410670324071002,183,9,12,17
410670324071003,112,4,4,2
410670324071004,330,14,36,6
410670324071005,80,9,7,0
410670324071006,102,1,4,3
410670324071007,73,3,6,2
410670324071008,218,27,16,3
410670324071009,186,21,19,15
410670324071010,104,6,6,3
410670324071011,202,14,12,24
410670324071012,142,11,15,8
410670324071013,112,4,5,11
410670324071014,136,7,7,4
410670324071015,67,11,10,1
410670324071016,0,0,0,0
410670324072000,50,10,2,0
410670324072001,714,73,62,20
410670324072002,357,8,20,24
410670324072003,58,6,14,1
410670324072004,23,3,0,2
410670324072005,314,12,29,14
410670324072006,125,15,7,3
410670324072007,115,10,6,12
410670324072008,34,0,3,0
410670324072009,100,2,11,3
410670324072010,483,31,32,24
410670324072011,128,8,12,8
410670324072012,236,24,25,2
410670324091000,0,0,0,0
410670324091001,138,13,6,5
410670324091002,105,7,12,4
410670324091003,46,6,6,1
410670324091004,59,4,2,7
410670324091005,230,12,34,14
410670324091006,70,5,4,7
410670324091007,77,8,3,0
410670324091008,1103,88,112,58
410670324091009,86,7,8,8
410670324091010,114,13,6,1
410670324091011,93,5,6,2
410670324091012,101,9,13,2
410670324091013,83,17,7,3
410670324091014,60,5,8,9
410670324092000,280,25,34,6
410670324092001,250,3,25,9
410670324092002,1545,164,171,86
410670324092003,62,7,3,5
410670324092004,53,5,5,6
410670324092005,132,11,8,3
410670324092006,180,5,6,11
410670324092007,264,31,40,25
410670324101000,293,22,21,10
410670324101001,89,6,5,0
410670324101002,170,12,10,3
410670324101003,55,5,6,0
410670324101004,47,3,3,3
410670324101005,200,13,16,8
410670324101006,62,4,7,6
410670324101007,61,10,5,4
410670324101008,305,19,18,11
410670324101009,85,14,0,4
410670324101010,147,3,12,1
410670324101011,224,25,10,10
410670324101012,83,4,11,13
410670324101013,0,0,0,0
410670324101014,0,0,0,0
410670324101015,104,2,1,0
410670324102000,97,6,15,5
410670324102001,97,4,8,7
410670324102002,53,5,4,4
410670324102003,94,4,7,15
410670324102004,138,6,4,1
410670324102005,145,9,24,8
410670324102006,78,7,6,6
410670324102007,70,5,8,9
410670324102008,242,18,15,6
410670324102009,47,4,5,2
410670324102010,58,2,3,2
410670324102011,0,0,0,0
410670324103000,173,4,6,8
410670324103001,846,82,114,47
410670324103002,0,0,0,0
410670324111000,224,17,18,13
410670324111001,149,11,11,3
410670324111002,167,9,10,17
410670324111003,48,4,2,8
410670324111004,37,1,0,6
410670324111005,16,0,0,2
410670324111006,62,1,4,0
410670324111007,140,11,10,6
410670324111008,71,1,2,1
410670324111009,53,3,6,3
410670324111010,95,12,8,6
410670324112000,401,31,29,25
410670324112001,410,40,29,19
410670324112002,39,2,2,4
410670324112003,70,5,10,3
410670324112004,126,13,13,7
410670324112005,469,24,30,31
410670324112006,213,10,27,12
410670324112007,91,4,14,4
410670324112008,22,1,3,1
410670324112009,23,5,3,3
410670324112010,0,0,0,0
410670324112011,55,2,9,1
410670324112012,122,14,12,2
410670324113000,196,16,12,10
410670324113001,36,3,1,3
410670324113002,92,4,6,11
410670324113003,69,4,13,0
410670324113004,192,15,20,4
410670324113005,93,9,3,7
410670324113006,211,23,13,4
410670324113007,100,7,2,10
410670324113008,60,8,6,1
410670324113009,141,4,10,10
410670324113010,187,12,10,13
410670324113011,54,3,3,7
410670324121000,191,18,12,6
410670324121001,68,5,2,13
410670324121002,53,2,8,1
410670324121003,572,37,41,13
410670324121004,108,3,4,4
410670324121005,0,0,0,0
410670324121006,134,15,7,2
410670324121007,59,5,6,4
410670324122000,181,10,5,8
410670324122001,212,22,9,12
410670324122002,164,5,9,6
410670324122003,56,0,1,5
410670324122004,49,5,8,5
410670324122005,51,2,6,4
410670324122006,302,9,12,10
410670324123000,55,0,8,4
410670324123001,3,1,0,0
410670324123002,86,3,3,3
410670324123003,152,6,13,7
410670324123004,56,4,4,5
410670324123005,192,14,9,8
410670324123006,0,0,0,0
410670324123007,214,18,7,13
410670324123008,418,15,36,5
410670324123009,43,0,2,0
410670324123010,83,8,7,3
410670324123011,138,5,6,5
410670324123012,331,33,38,8
410670324123013,153,6,23,8
410670324123014,0,0,0,0
410670324123015,0,0,0,0
410670324123016,0,0,0,0
410670324123017,0,0,0,0
410670324123018,0,0,0,0
410670324131000,83,7,5,0
410670324131001,38,12,2,0
410670324131002,26,1,0,0
410670324131003,25,1,0,1
410670324131004,37,1,1,2
410670324131005,15,0,2,3
410670324131006,0,0,0,0
410670324131007,32,7,3,0
410670324131008,15,3,1,1
410670324131009,25,0,0,0
410670324131010,18,1,0,0
410670324131011,24,0,1,1
410670324131012,36,6,2,0
410670324131013,46,8,5,1
410670324131014,456,24,22,16
410670324131015,16,2,0,0
410670324131016,21,8,1,2
410670324131017,11,1,1,0
410670324131018,8,1,1,0
410670324131019,41,2,3,4
410670324131020,40,4,1,6
410670324132000,215,38,22,4
410670324132001,65,4,5,0
410670324132002,52,4,6,2
410670324132003,519,36,30,18
410670324132004,42,1,5,0
410670324132005,83,8,4,5
410670324132006,85,9,10,6
410670324132007,103,0,11,0
410670324132008,36,5,3,1
410670324132009,202,15,5,8
410670324132010,229,7,18,1
410670324132011,137,4,16,10
410670324132012,174,20,6,15
410670324132013,3,1,0,0
410670324141000,0,0,0,0
410670324141001,262,18,5,20
410670324141002,305,15,24,15
410670324141003,41,2,4,0
410670324141004,87,11,7,2
410670324141005,68,2,1,6
410670324141006,121,5,11,4
410670324141007,97,2,9,0
410670324141008,295,26,32,9
410670324141009,145,1,6,10
410670324141010,153,8,7,7
410670324141011,86,7,7,2
410670324141012,30,3,3,0
410670324141013,29,1,3,2
410670324142000,227,1,14,0
410670324142001,147,4,5,10
410670324142002,76,3,0,0
410670324142003,190,9,2,0
410670324142004,225,9,13,2
410670324142005,24,1,0,0
410670324142006,85,11,6,3
410670324142007,56,9,2,0
410670324142008,70,1,5,6
410670324142009,52,6,0,0
410670324142010,21,1,0,1
410670324142011,64,8,1,1
410670324142012,36,3,11,1
410670324142013,50,4,1,0
410670324143000,353,37,14,10
410670324143001,86,1,1,0
410670324143002,29,5,2,0
410670324143003,311,28,20,24
410670324143004,58,9,1,0
410670324143005,35,10,1,1
410670324143006,48,4,6,2
410670324143007,51,4,2,0
410670324143008,77,4,15,1
410670324143009,113,7,10,3
410670324143010,56,4,4,4
410670324143011,203,31,8,9
410670324143012,46,7,11,4
410670324143013,51,0,9,0
410670324143014,39,0,0,0
410670324143015,51,16,1,0
410670324143016,0,0,0,0
410670324143017,217,24,29,13
410670324143018,40,3,3,0
410670324143019,49,9,1,7
410670324143020,16,2,2,2
410670325011000,0,0,0,0
410670325011001,0,0,0,0
410670325011002,0,0,0,0
410670325011003,0,0,0,0
410670325011004,0,0,0,0
410670325011005,16,1,0,0
410670325011006,0,0,0,0
410670325011007,0,0,0,0
410670325011008,11,0,0,1
410670325011009,17,1,1,1
410670325011010,0,0,0,0
410670325011011,0,0,0,0
410670325011012,0,0,0,0
410670325011013,0,0,0,0
410670325011014,0,0,0,0
410670325011015,21,2,3,1
410670325011016,0,0,0,0
410670325011017,0,0,0,0
410670325011018,18,0,0,0
410670325011019,16,3,0,0
410670325011020,108,4,5,2
410670325011021,0,0,0,0
410670325011022,31,2,5,3
410670325011023,77,14,11,0
410670325011024,100,9,4,10
410670325011025,51,3,1,0
410670325011026,79,1,7,1
410670325011027,45,1,3,6
410670325011028,179,5,22,5
410670325011029,130,18,5,6
410670325011030,34,0,1,1
410670325011031,59,7,5,0
410670325011032,0,0,0,0
410670325011033,0,0,0,0
410670325011034,37,3,0,3
410670325011035,29,3,3,0
410670325011036,0,0,0,0
410670325011037,15,1,1,2
410670325011038,48,4,10,0
410670325011039,71,2,2,0
410670325011040,0,0,0,0
410670325012000,0,0,0,0
410670325012001,4,0,0,0
410670325012002,0,0,0,0
410670325013000,0,0,0,0
410670325013001,0,0,0,0
410670325013002,33,0,3,4
410670325013003,10,0,0,2
410670325013004,109,7,7,1
410670325013005,0,0,0,0
410670325013006,321,0,0,0
410670325013007,54,1,0,0
410670325013008,14,2,1,0
410670325013009,0,0,0,0
410670325013010,0,0,0,0
410670325013011,0,0,0,0
410670325013012,25,1,1,0
410670325013013,19,2,3,0
410670325013014,100,2,1,2
410670325013015,67,1,8,4
410670325013016,0,0,0,0
410670325013017,12,0,1,0
410670325013018,24,2,3,3
410670325013019,9,2,0,1
410670325013020,4,3,0,0
410670325013021,18,2,0,0
410670325013022,64,3,10,2
410670325013023,10,0,2,0
410670325013024,0,0,0,0
410670325013025,0,0,0,0
410670325013026,11,1,2,0
410670325013027,5,1,1,0
410670325013028,0,0,0,0
410670325013029,65,2,4,4
410670325013030,16,1,1,1
410670325013031,39,4,5,0
410670325013032,13,0,0,1
410670325013033,12,4,1,0
410670325013034,15,4,0,0
410670325013035,67,4,4,4
410670325013036,0,0,0,0
410670325013037,0,0,0,0
410670325013038,0,0,0,0
410670325013039,14,3,2,0
410670325013040,0,0,0,0
410670325013041,16,1,1,0
410670325013042,10,3,0,0
410670325013043,26,0,3,3
410670325013044,14,0,2,0
410670325013045,20,1,1,1
410670325013046,21,0,1,0
410670325013047,4,1,1,0
410670325013048,31,2,1,1
410670325013049,26,2,1,0
410670325013050,62,1,5,11
410670325013051,480,54,29,27
410670325013052,11,2,1,1
410670325013053,44,2,0,0
410670325013054,29,2,3,1
410670325013055,27,6,2,1
410670325013056,21,3,1,1
410670325013057,7,0,0,2
410670325013058,24,0,0,2
410670325013059,0,0,0,0
410670325013060,14,3,0,2
410670325013061,16,0,0,0
410670325013062,13,0,0,0
410670325013063,107,7,13,4
410670325021000,0,0,0,0
410670325022000,293,19,8,4
410670325022001,795,56,47,25
410670325022002,76,2,11,5
410670325022003,76,12,8,4
410670325022004,0,0,0,0
410670325022005,77,8,6,2
410670325022006,52,2,0,4
410670325022007,79,3,9,5
410670325022008,118,2,13,8
410670325022009,32,1,1,0
410670325022010,62,1,7,6
410670325022011,93,8,4,1
410670325022012,59,5,0,0
410670325022013,93,3,6,3
410670325022014,60,5,14,0
410670325022015,98,12,5,8
410670325022016,0,0,0,0
410670325022017,240,20,13,3
410670325022018,126,13,5,3
410670325022019,0,0,0,0
410670325022020,75,9,13,1
410670325022021,46,0,6,1
410670325022022,91,3,1,0
410670325022023,47,3,7,0
410670325022024,30,2,4,3
410670325022025,0,0,0,0
410670325022026,133,12,6,8
410670325031000,136,6,4,8
410670325031001,57,3,3,1
410670325031002,24,0,1,1
410670325031003,636,50,25,10
410670325031004,40,1,1,4
410670325031005,191,9,13,16
410670325031006,92,5,3,2
410670325031007,35,1,0,7
410670325031008,85,5,5,8
410670325031009,76,7,6,1
410670325031010,154,8,24,0
410670325031011,252,23,35,7
410670325031012,0,0,0,0
410670325031013,124,9,6,4
410670325031014,139,7,1,4
410670325031015,42,1,5,5
410670325031016,118,6,5,11
410670325031017,55,1,7,0
410670325031018,0,0,0,0
410670325032000,392,28,36,14
410670325032001,43,0,3,3
410670325032002,38,1,2,3
410670325032003,105,17,2,13
410670325032004,34,1,0,1
410670325032005,31,0,3,0
410670325032006,67,7,4,6
410670325032007,271,14,30,11
410670325032008,119,14,18,1
410670325032009,52,4,2,1
410670325032010,83,2,9,0
410670325032011,219,10,5,12
410670326031000,145,19,29,3
410670326031001,438,45,48,18
410670326031002,32,2,0,2
410670326031003,0,0,0,0
410670326031004,0,0,0,0
410670326031005,37,4,4,0
410670326031006,0,0,0,0
410670326031007,56,8,5,6
410670326031008,191,5,17,6
410670326032000,881,60,76,35
410670326032001,61,10,4,2
410670326032002,99,4,9,4
410670326032003,31,3,1,3
410670326032004,10,4,2,1
410670326032005,81,10,4,5
410670326032006,32,1,2,0
410670326032007,109,4,10,2
410670326032008,24,1,3,4
410670326032009,69,5,5,2
410670326032010,122,7,9,13
410670326032011,177,6,7,6
410670326033000,195,12,25,2
410670326033001,74,18,1,0
410670326033002,327,17,21,29
410670326033003,132,6,6,8
410670326033004,1077,101,62,38
410670326033005,54,9,4,0
410670326033006,179,14,0,14
410670326033007,71,2,9,0
410670326033008,61,4,8,1
410670326033009,67,4,12,0
410670326033010,53,6,4,1
410670326033011,75,1,5,2
410670326033012,202,13,26,13
410670326033013,231,4,43,5
410670326033014,83,20,2,2
410670326034000,92,7,7,5
410670326034001,60,4,4,2
410670326034002,83,10,5,4
410670326034003,67,0,5,4
410670326034004,142,22,18,7
410670326034005,395,30,20,21
410670326034006,56,9,2,4
410670326035000,0,0,0,0
410670326035001,0,0,0,0
410670326035002,0,0,0,0
410670326035003,0,0,0,0
410670326035004,25,0,0,0
410670326035005,0,0,0,0
410670326035006,16,2,2,2
410670326035007,16,5,4,0
410670326035008,25,2,4,0
410670326035009,14,2,0,1
410670326035010,32,0,0,0
410670326035011,62,2,5,0
410670326035012,14,0,1,3
410670326035013,0,0,0,0
410670326035014,0,0,0,0
410670326035015,7,0,0,0
410670326035016,14,0,1,0
410670326035017,10,0,2,1
410670326035018,22,2,0,0
410670326035019,0,0,0,0
410670326035020,32,0,2,1
410670326035021,21,2,2,1
410670326035022,73,3,4,1
410670326035023,0,0,0,0
410670326035024,0,0,0,0
410670326035025,52,1,2,3
410670326035026,0,0,0,0
410670326035027,12,0,0,1
410670326035028,0,0,0,0
410670326035029,0,0,0,0
410670326035030,0,0,0,0
410670326035031,0,0,0,0
410670326035032,42,3,0,3
410670326035033,13,0,2,0
410670326035034,14,1,4,1
410670326035035,46,3,3,3
410670326035036,84,8,3,7
410670326035037,37,3,3,5
410670326035038,81,10,8,5
410670326035039,65,4,3,10
410670326035040,75,4,2,16
410670326035041,0,0,0,0
410670326035042,48,0,1,3
410670326041000,159,16,23,9
410670326041001,95,5,3,3
410670326041002,47,3,5,3
410670326041003,78,3,11,1
410670326041004,25,3,0,0
410670326041005,122,7,5,2
410670326041006,82,1,1,1
410670326041007,103,11,3,7
410670326041008,0,0,0,0
410670326041009,25,1,0,2
410670326042000,20,1,1,1
410670326042001,23,0,2,0
410670326042002,52,3,8,2
410670326042003,51,3,3,0
410670326042004,71,2,6,4
410670326042005,70,5,8,1
410670326042006,56,2,3,3
410670326042007,26,1,2,0
410670326042008,73,3,0,4
410670326042009,0,0,0,0
410670326042010,48,1,0,1
410670326042011,69,6,11,3
410670326042012,32,3,1,7
410670326042013,32,1,0,1
410670326042014,32,4,0,0
410670326042015,69,5,1,1
410670326042016,29,2,5,0
410670326042017,37,0,1,0
410670326042018,24,1,0,3
410670326042019,40,1,1,6
410670326042020,79,4,6,10
410670326042021,32,0,2,0
410670326042022,19,1,3,1
410670326042023,36,4,3,0
410670326042024,61,0,1,1
410670326042025,15,2,0,2
410670326043000,38,11,0,0
410670326043001,27,3,0,2
410670326043002,37,6,1,1
410670326043003,27,1,1,0
410670326043004,18,1,0,0
410670326043005,18,1,1,0
410670326043006,128,4,6,3
410670326043007,32,2,0,2
410670326043008,42,5,0,2
410670326043009,29,0,0,0
410670326043010,30,2,0,0
410670326043011,25,2,0,0
410670326043012,23,0,1,0
410670326043013,0,0,0,0
410670326043014,0,0,0,0
410670326043015,8,1,1,0
410670326043016,3,0,0,1
410670326043017,39,0,0,0
410670326043018,85,6,2,0
410670326043019,39,4,3,1
410670326043020,14,1,1,0
410670326043021,12,1,0,0
410670326043022,0,0,0,0
410670326043023,6,2,2,0
410670326043024,0,0,0,0
410670326043025,0,0,0,0
410670326043026,0,0,0,0
410670326043027,130,0,1,3
410670326043028,0,0,0,0
410670326044000,30,0,2,0
410670326044001,67,1,7,1
410670326044002,107,1,5,4
410670326044003,57,4,0,0
410670326044004,89,12,2,6
410670326044005,294,10,17,17
410670326044006,40,1,2,2
410670326044007,336,41,28,11
410670326044008,26,3,3,0
410670326044009,28,5,0,2
410670326044010,28,1,2,2
410670326044011,29,1,1,1
410670326044012,14,0,2,2
410670326044013,28,2,5,0
410670326044014,30,2,6,0
410670326044015,35,0,4,2
410670326044016,50,2,0,2
410670326044017,75,8,4,4
410670326044018,25,4,2,0
410670326044019,14,0,3,4
410670326044020,49,11,9,2
410670326044021,0,0,0,0
410670326044022,0,0,0,0
410670326044023,17,3,3,0
410670326044024,42,2,0,2
410670326044025,45,1,3,1
410670326044026,52,4,4,7
410670326044027,32,2,0,3
410670326044028,29,4,3,0
410670326044029,21,1,1,4
410670326044030,17,1,2,1
410670326044031,50,14,7,1
410670326044032,36,0,1,4
410670326044033,13,1,1,4
410670326044034,29,6,4,6
410670326044035,0,0,0,0
410670326044036,13,0,2,8
410670326044037,0,0,0,0
410670326045000,0,0,0,0
410670326045001,49,3,8,3
410670326045002,4,0,0,0
410670326045003,0,0,0,0
410670326045004,47,4,0,2
410670326045005,548,25,38,8
410670326045006,0,0,0,0
410670326045007,75,13,4,4
410670326045008,31,1,2,0
410670326045009,68,1,0,1
410670326045010,4,0,0,1
410670326045011,92,9,14,0
410670326045012,44,2,1,3
410670326045013,0,0,0,0
410670326045014,8,0,0,0
410670326045015,85,11,10,1
410670326045016,2,1,0,0
410670326045017,3,0,0,0
410670326045018,38,0,0,4
410670326045019,79,6,0,7
410670326045020,90,4,5,11
410670326045021,224,18,24,8
410670326045022,93,1,10,3
410670326045023,53,1,4,5
410670326045024,55,0,1,3
410670326045025,82,5,0,2
410670326045026,22,0,0,1
410670326045027,11,0,1,1
410670326045028,59,3,11,4
410670326061000,316,8,14,17
410670326061001,29,8,2,0
410670326061002,168,9,9,4
410670326061003,175,4,11,10
410670326061004,63,9,9,1
410670326061005,65,3,1,3
410670326061006,84,6,4,2
410670326061007,134,2,2,1
410670326061008,102,12,4,2
410670326061009,57,0,0,0
410670326061010,62,4,4,0
410670326061011,59,3,5,0
410670326062000,463,53,51,13
410670326062001,27,6,2,0
410670326062002,214,24,17,8
410670326062003,527,51,48,56
410670326062004,165,10,27,1
410670326062005,175,15,25,5
410670326063000,57,1,1,4
410670326063001,31,2,0,4
410670326063002,24,1,2,1
410670326063003,23,0,1,2
410670326063004,79,2,6,2
410670326063005,37,0,1,2
410670326063006,33,2,2,1
410670326063007,55,2,0,2
410670326063008,44,2,1,4
410670326063009,52,0,0,0
410670326063010,62,7,0,1
410670326063011,35,1,4,5
410670326063012,159,4,14,12
410670326063013,67,3,3,6
410670326063014,68,6,2,3
410670326063015,33,1,2,2
410670326063016,38,2,1,3
410670326064000,212,16,12,5
410670326064001,53,1,4,0
410670326064002,205,6,11,3
410670326064003,28,0,0,0
410670326064004,149,8,5,3
410670326064005,81,5,4,13
410670326064006,183,13,7,19
410670326064007,55,7,4,0
410670326064008,126,10,8,0
410670326064009,149,14,30,0
410670326064010,28,3,6,0
410670326064011,46,2,2,2
410670326064012,65,1,14,5
410670326065000,135,10,8,7
410670326065001,100,20,8,0
410670326065002,37,4,0,3
410670326065003,131,12,5,11
410670326065004,358,23,40,10
410670326065005,54,0,5,3
410670326065006,143,2,5,10
410670326065007,70,0,0,6
410670326065008,38,1,1,4
410670326065009,99,4,4,4
410670326081000,10,1,0,0
410670326081001,0,0,0,0
410670326081002,11,1,2,0
410670326081003,0,0,0,0
410670326081004,0,0,0,0
410670326081005,0,0,0,0
410670326081006,0,0,0,0
410670326081007,0,0,0,0
410670326082000,0,0,0,0
410670326082001,0,0,0,0
410670326082002,20,3,6,1
410670326082003,0,0,0,0
410670326082004,664,29,31,16
410670326082005,74,4,7,3
410670326082006,27,2,0,0
410670326082007,60,4,2,2
410670326082008,82,4,8,9
410670326082009,13,1,2,0
410670326082010,351,5,8,12
410670326082011,43,10,0,0
410670326082012,20,0,0,0
410670326082013,93,7,14,2
410670326082014,78,6,4,3
410670326082015,53,3,1,0
410670326082016,66,1,2,2
410670326082017,75,5,0,0
410670326082018,49,2,4,0
410670326082019,44,4,4,1
410670326082020,79,3,4,8
410670326082021,204,10,9,0
410670326082022,52,2,3,0
410670326082023,56,0,3,1
410670326082024,43,4,3,2
410670326082025,0,0,0,0
410670326082026,0,0,0,0
410670326082027,0,0,0,0
410670326082028,0,0,0,0
410670326082029,0,0,0,0
410670326091000,27,1,8,0
410670326092000,79,7,10,8
410670326092001,128,1,8,17
410670326092002,758,83,49,19
410670326092003,52,8,0,0
410670326092004,63,1,7,3
410670326092005,45,6,2,4
410670326092006,67,0,9,1
410670326092007,58,9,3,0
410670326092008,101,3,5,0
410670326092009,26,0,1,0
410670326092010,22,1,4,0
410670326092011,40,2,4,2
410670326092012,58,2,2,0
410670326092013,0,0,0,0
410670326092014,310,6,24,9
410670326092015,82,4,8,4
410670326092016,55,8,1,0
410670326092017,43,1,2,5
410670326092018,95,8,5,6
410670326092019,63,8,5,2
410670326092020,0,0,0,0
410670326092021,58,0,2,1
410670326092022,90,2,1,6
410670326092023,37,1,1,1
410670326101000,175,3,8,11
410670326101001,91,13,5,5
410670326101002,75,8,4,4
410670326101003,44,4,2,4
410670326101004,119,15,9,0
410670326101005,37,4,3,5
410670326101006,204,18,9,8
410670326101007,52,15,3,3
410670326101008,67,5,11,0
410670326101009,85,8,14,1
410670326101010,34,1,7,1
410670326101011,47,5,4,1
410670326101012,102,1,14,1
410670326101013,126,14,8,10
410670326101014,420,35,25,10
410670326101015,17,2,0,1
410670326101016,81,2,5,4
410670326101017,84,4,5,3
410670326101018,51,2,4,0
410670326101019,140,1,10,8
410670326102000,81,2,2,7
410670326102001,62,11,5,2
410670326102002,39,0,6,0
410670326102003,319,26,21,17
410670326102004,98,3,4,6
410670326102005,86,6,5,0
410670326102006,110,9,3,7
410670326102007,33,0,1,0
410670326111000,449,11,8,2
410670326111001,191,14,2,3
410670326111002,642,3,3,1
410670326111003,156,1,2,0
410670326112000,0,0,0,0
410670326112001,149,4,5,3
410670326112002,75,4,1,1
410670326112003,696,7,9,9
410670326112004,0,0,0,0
410670326112005,61,8,0,1
410670326112006,119,3,4,3
410670326112007,268,3,1,2
410670326121000,164,2,6,0
410670326121001,201,2,2,1
410670326121002,224,4,5,1
410670326121003,113,0,3,6
410670326121004,92,0,1,0
410670326121005,221,2,0,0
410670326122000,0,0,0,0
410670326122001,0,0,0,0
410670326122002,0,0,0,0
410670326122003,0,0,0,0
410670326122004,16,1,1,0
410670326122005,0,0,0,0
410670326123000,0,0,0,0
410670326123001,0,0,0,0
410670326123002,0,0,0,0
410670326123003,25,2,1,0
410670326123004,0,0,0,0
410670326123005,34,1,3,0
410670326123006,57,5,5,1
410670326123007,0,0,0,0
410670326123008,0,0,0,0
410670326123009,119,6,1,0
410670326123010,45,0,1,0
410670326123011,128,1,4,0
410670326123012,72,0,1,0
410670326123013,56,0,0,0
410670326123014,76,3,2,1
410670326123015,423,21,17,3
410670326124000,98,2,2,4
410670326124001,11,1,1,0
410670326124002,41,0,1,0
410670326124003,20,1,1,1
410670326124004,59,0,1,4
410670326124005,44,0,0,1
410670326124006,40,2,0,0
410670326124007,17,1,0,0
410670326124008,18,2,3,1
410670326124009,31,0,0,0
410670326124010,13,0,0,0
410670326124011,0,0,0,0
410670326124012,29,0,0,0
410670326124013,42,4,0,0
410670326124014,18,0,0,0
410670326124015,56,0,6,0
410670326124016,17,1,1,0
410670326124017,29,0,1,0
410670326124018,61,1,0,1
410670326124019,0,0,0,0
410670326124020,37,0,0,1
410670326124021,32,0,0,0
410670326124022,32,0,0,0
410670326125000,0,0,0,0
410670326125001,0,0,0,0
410670326125002,0,0,0,0
410670326125003,0,0,0,0
410670327001000,0,0,0,0
410670327001001,0,0,0,0
410670327001002,0,0,0,0
410670327001003,15,4,3,1
410670327001004,0,0,0,0
410670327001005,0,0,0,0
410670327001006,0,0,0,0
410670327001007,8,0,0,1
410670327001008,0,0,0,0
410670327001009,0,0,0,0
410670327001010,0,0,0,0
410670327001011,0,0,0,0
410670327001012,0,0,0,0
410670327001013,0,0,0,0
410670327001014,183,3,7,0
410670327001015,1,0,0,0
410670327001016,0,0,0,0
410670327001017,8,0,0,1
410670327001018,27,5,2,0
410670327001019,0,0,0,0
410670327001020,10,2,0,5
410670327001021,60,1,3,1
410670327001022,55,1,3,1
410670327001023,0,0,0,0
410670327001024,0,0,0,0
410670327001025,28,0,2,4
410670327001026,10,1,5,1
410670327001027,7,3,0,1
410670327001028,12,0,1,4
410670327001029,189,3,24,5
410670327001030,6,0,3,2
410670327001031,221,12,7,13
410670327001032,25,0,0,5
410670327001033,13,1,1,0
410670327001034,70,1,1,3
410670327001035,94,1,13,0
410670327001036,37,1,3,2
410670327001037,8,0,0,2
410670327001038,46,2,0,1
410670327001039,13,0,3,1
410670327001040,23,5,2,2
410670327001041,12,0,3,0
410670327001042,6,0,0,0
410670327001043,4,0,0,0
410670327001044,4,0,0,0
410670327001045,14,1,0,2
410670327001046,12,0,1,0
410670327001047,56,1,2,2
410670327001048,73,4,1,3
410670327001049,0,0,0,0
410670327001050,15,0,1,0
410670327002000,13,0,1,0
410670327002001,0,0,0,0
410670327002002,16,2,1,0
410670327002003,28,0,0,0
410670327002004,89,0,2,0
410670327002005,0,0,0,0
410670327002006,79,5,3,0
410670327002007,94,14,4,3
410670327002008,131,3,7,26
410670327002009,196,4,28,5
410670327002010,31,2,1,0
410670327002011,19,1,4,5
410670327002012,202,15,9,5
410670327002013,37,0,0,0
410670327002014,21,0,0,0
410670327002015,30,5,1,0
410670327002016,0,0,0,0
410670327002017,114,11,5,0
410670327002018,50,2,2,2
410670327002019,0,0,0,0
410670327002020,84,3,16,0
410670327002021,32,5,1,0
410670327002022,30,2,2,0
410670327002023,77,7,4,4
410670327002024,44,4,2,1
410670327002025,14,2,1,1
410670327002026,44,1,1,0
410670327002027,54,1,1,1
410670327002028,38,4,5,0
410670327002029,28,2,3,2
410670327002030,12,0,2,2
410670327002031,28,0,0,0
410670327002032,34,2,1,0
410670327002033,25,0,2,0
410670327002034,35,4,3,3
410670327002035,35,0,1,1
410670327002036,88,8,7,2
410670327002037,93,11,6,1
410670327002038,21,2,5,3
410670327002039,0,0,0,0
410670327002040,28,1,3,0
410670327002041,77,9,4,1
410670327002042,62,0,5,0
410670327002043,62,2,5,6
410670327002044,38,0,2,1
410670327002045,0,0,0,0
410670327002046,32,0,8,0
410670327002047,28,1,2,1
410670327002048,30,0,0,2
410670327002049,45,4,0,3
410670327002050,45,5,0,0
410670327002051,35,2,4,0
410670327002052,27,5,3,1
410670327002053,43,8,0,1
410670327002054,187,18,13,8
410670327002055,52,9,3,5
410670327002056,0,0,0,0
410670327002057,0,0,0,0
410670327002058,30,3,0,1
410670327002059,220,20,10,2
410670327002060,52,2,1,4
410670327002061,61,6,12,1
410670327002062,0,0,0,0
410670327002063,0,0,0,0
410670327002064,64,0,4,0
410670327002065,46,3,0,6
410670327002066,21,1,4,0
410670327002067,39,2,1,0
410670327002068,32,4,0,0
410670327002069,0,0,0,0
410670327002070,0,0,0,0
410670327002071,0,0,0,0
410670327002072,17,2,2,2
410670327003000,0,0,0,0
410670327003001,2,0,0,0
410670327003002,7,0,0,0
410670327003003,3,0,0,0
410670327003004,0,0,0,0
410670327003005,7,0,0,0
410670327003006,0,0,0,0
410670327003007,0,0,0,0
410670327003008,7,0,1,0
410670327003009,0,0,0,0
410670327003010,23,2,2,1
410670327003011,0,0,0,0
410670327003012,158,15,5,5
410670327003013,2,0,0,0
410670327003014,0,0,0,0
410670327003015,0,0,0,0
410670327003016,7,0,0,0
410670327003017,0,0,0,0
410670327003018,0,0,0,0
410670327003019,0,0,0,0
410670327004000,16,2,1,0
410670327004001,0,0,0,0
410670327004002,0,0,0,0
410670327004003,3,0,2,0
410670327004004,17,0,0,0
410670327004005,35,0,0,0
410670327004006,0,0,0,0
410670327004007,0,0,0,0
410670327004008,7,1,0,0
410670327004009,79,6,4,1
410670327004010,3,2,0,0
410670327004011,124,2,6,8
410670327004012,27,1,2,0
410670327004013,18,2,0,0
410670327004014,181,16,7,1
410670327004015,44,1,0,2
410670327004016,12,0,0,0
410670327004017,110,2,6,6
410670327004018,17,1,3,8
410670327004019,113,5,4,0
410670327004020,26,1,4,1
410670327004021,109,5,1,1
410670327004022,214,8,4,6
410670327004023,0,0,0,0
410670327004024,20,0,2,2
410670327004025,6,0,0,0
410670327004026,0,0,0,0
410670327004027,12,0,0,1
410670327004028,4,0,0,0
410670327004029,19,2,1,0
410670327004030,0,0,0,0
410670327004031,30,3,1,2
410670327004032,78,0,5,3
410670327004033,34,1,1,0
410670327004034,6,0,1,0
410670327004035,22,1,0,0
410670327004036,0,0,0,0
410670327004037,30,0,0,1
410670327004038,12,2,2,1
410670327004039,11,0,0,0
410670327004040,15,0,0,0
410670327004041,0,0,0,0
410670328001000,0,0,0,0
410670328001001,0,0,0,0
410670328001002,0,0,0,0
410670328001003,0,0,0,0
410670328001004,0,0,0,0
410670328001005,0,0,0,0
410670328001006,0,0,0,0
410670328001007,0,0,0,0
410670328001008,0,0,0,0
410670328001009,11,2,2,1
410670328001010,52,7,6,0
410670328001011,37,2,5,0
410670328001012,39,4,0,0
410670328001013,13,0,0,0
410670328001014,0,0,0,0
410670328001015,4,0,0,0
410670328001016,23,0,3,0
410670328001017,14,1,3,0
410670328001018,52,1,6,0
410670328001019,21,0,0,1
410670328001020,8,3,0,0
410670328001021,6,0,0,0
410670328001022,0,0,0,0
410670328001023,0,0,0,0
410670328001024,23,0,1,2
410670328001025,35,1,0,0
410670328001026,21,7,1,0
410670328001027,7,1,2,0
410670328001028,19,0,0,0
410670328001029,29,1,0,0
410670328001030,25,0,2,3
410670328001031,17,0,0,7
410670328001032,16,0,1,3
410670328001033,6,0,1,0
410670328001034,34,2,1,3
410670328001035,6,0,0,0
410670328001036,15,0,0,0
410670328001037,33,1,4,0
410670328001038,10,0,2,0
410670328001039,5,1,0,3
410670328001040,100,1,4,0
410670328001041,14,0,0,0
410670328001042,15,0,0,1
410670328001043,3,0,0,0
410670328001044,30,0,5,0
410670328001045,3,1,1,1
410670328001046,12,0,3,1
410670328001047,18,2,0,2
410670328001048,15,1,2,0
410670328001049,28,1,0,1
410670328001050,39,4,2,0
410670328001051,0,0,0,0
410670328001052,47,3,0,0
410670328001053,0,0,0,0
410670328001054,16,1,0,0
410670328001055,26,4,0,0
410670328001056,10,0,2,0
410670328001057,14,0,1,0
410670328001058,0,0,0,0
410670328001059,0,0,0,0
410670328001060,6,1,1,0
410670328001061,27,1,4,0
410670328001062,23,0,0,0
410670328001063,25,4,3,1
410670328001064,29,4,1,1
410670328001065,4,1,1,0
410670328001066,69,3,6,0
410670328001067,8,0,0,2
410670328001068,52,0,0,0
410670328001069,11,0,0,0
410670328001070,7,1,0,2
410670328001071,51,0,0,3
410670328001072,26,3,0,6
410670328001073,0,0,0,0
410670329011000,40,0,1,1
410670329011001,44,3,7,0
410670329011002,22,0,4,5
410670329011003,65,3,2,0
410670329011004,12,0,2,1
410670329011005,2,0,0,0
410670329011006,0,0,0,0
410670329011007,13,2,1,0
410670329011008,5,0,0,0
410670329011009,386,14,43,14
410670329011010,28,1,2,1
410670329011011,24,3,1,0
410670329011012,15,3,5,3
410670329011013,15,1,0,0
410670329011014,16,3,1,2
410670329011015,73,3,1,2
410670329011016,18,2,0,1
410670329011017,24,0,2,5
410670329011018,49,3,4,0
410670329011019,12,0,1,0
410670329011020,8,2,0,1
410670329011021,13,0,2,3
410670329011022,11,2,4,1
410670329011023,1039,94,94,63
410670329011024,109,15,14,7
410670329011025,174,19,18,8
410670329011026,29,2,1,0
410670329011027,23,4,0,0
410670329011028,49,4,8,0
410670329011029,75,4,5,6
410670329011030,0,0,0,0
410670329011031,34,1,5,5
410670329011032,29,1,4,1
410670329011033,102,15,4,6
410670329011034,0,0,0,0
410670329011035,25,0,1,1
410670329011036,21,0,2,4
410670329011037,9,0,0,0
410670329011038,11,0,0,1
410670329011039,7,0,0,0
410670329011040,12,1,0,0
410670329011041,7,2,1,0
410670329011042,26,1,2,0
410670329011043,9,0,1,0
410670329011044,14,3,0,0
410670329011045,9,1,0,0
410670329011046,14,0,0,0
410670329011047,3,0,0,0
410670329011048,14,0,0,0
410670329011049,10,0,1,3
410670329011050,13,0,1,0
410670329011051,4,1,1,0
410670329011052,0,0,0,0
410670329011053,0,0,0,0
410670329011054,9,2,0,1
410670329011055,0,0,0,0
410670329011056,4,0,0,2
410670329011057,0,0,0,0
410670329011058,7,0,1,0
410670329011059,6,0,0,0
410670329011060,47,0,0,0
410670329011061,24,1,0,1
410670329011062,0,0,0,0
410670329011063,0,0,0,0
410670329011064,0,0,0,0
410670329011065,0,0,0,0
410670329011066,52,1,6,4
410670329011067,27,0,0,3
410670329012000,1,0,0,1
410670329012001,30,5,3,1
410670329012002,86,6,3,5
410670329012003,133,5,13,5
410670329012004,0,0,0,0
410670329012005,50,3,1,1
410670329012006,94,4,2,1
410670329012007,21,0,1,0
410670329012008,96,7,7,5
410670329012009,51,1,5,3
410670329012010,385,38,52,30
410670329012011,0,0,0,0
410670329012012,0,0,0,0
410670329012013,0,0,0,0
410670329012014,96,1,9,6
410670329012015,33,0,0,1
410670329012016,181,4,48,105
410670329012017,16,1,3,4
410670329012018,87,4,3,15
410670329012019,19,0,4,0
410670329012020,0,0,0,0
410670329012021,0,0,0,0
410670329012022,0,0,0,0
410670329013000,43,2,2,0
410670329013001,24,0,0,1
410670329013002,0,0,0,0
410670329013003,92,4,2,5
410670329013004,33,3,0,1
410670329013005,25,0,0,0
410670329013006,15,1,0,0
410670329013007,15,2,2,0
410670329013008,14,5,2,1
410670329013009,159,12,20,3
410670329013010,144,13,7,2
410670329013011,124,20,7,2
410670329013012,79,0,13,1
410670329013013,79,3,6,8
410670329013014,28,3,4,1
410670329013015,78,6,1,4
410670329013016,25,1,0,5
410670329013017,194,12,31,17
410670329013018,122,9,14,3
410670329013019,0,0,0,0
410670329013020,35,3,8,1
410670329013021,56,6,7,2
410670329013022,57,7,4,8
410670329013023,132,18,7,7
410670329013024,87,3,17,5
410670329013025,73,8,5,8
410670329013026,35,1,3,0
410670329013027,60,5,11,5
410670329013028,59,0,3,5
410670329013029,177,15,23,18
410670329031000,0,0,0,0
410670329031001,13,0,0,0
410670329031002,114,7,8,15
410670329031003,76,13,6,3
410670329031004,98,2,6,2
410670329031005,30,2,1,3
410670329031006,59,1,1,1
410670329031007,63,0,1,0
410670329031008,37,0,0,0
410670329031009,56,1,1,3
410670329031010,0,0,0,0
410670329031011,10,0,1,0
410670329031012,58,1,1,0
410670329031013,140,8,17,1
410670329031014,100,7,15,3
410670329031015,54,5,4,3
410670329031016,22,3,5,2
410670329031017,157,22,11,5
410670329031018,31,2,1,5
410670329031019,57,2,0,11
410670329031020,43,4,1,1
410670329031021,46,1,6,4
410670329031022,0,0,0,0
410670329031023,26,3,2,2
410670329031024,0,0,0,0
410670329031025,0,0,0,0
410670329031026,54,3,1,3
410670329031027,19,0,1,1
410670329032000,0,0,0,0
410670329032001,22,1,0,0
410670329032002,230,11,23,4
410670329032003,159,2,13,13
410670329032004,148,11,9,13
410670329032005,85,4,3,5
410670329032006,93,6,10,0
410670329032007,132,5,10,13
410670329032008,32,4,7,5
410670329032009,16,1,4,0
410670329032010,32,1,4,4
410670329032011,19,0,6,0
410670329032012,15,0,1,1
410670329032013,9,1,0,0
410670329032014,29,1,2,4
410670329032015,6,0,0,0
410670329032016,15,2,0,6
410670329032017,3,0,0,0
410670329032018,21,3,6,0
410670329032019,14,4,0,0
410670329032020,47,2,0,1
410670329032021,52,6,2,4
410670329032022,38,2,0,0
410670329032023,113,7,5,7
410670329032024,0,0,0,0
410670329032025,54,1,3,2
410670329032026,41,10,1,1
410670329032027,125,5,13,3
410670329032028,30,0,6,2
410670329032029,19,2,5,1
410670329032030,52,7,0,7
410670329032031,62,9,11,1
410670329032032,82,8,4,10
410670329032033,21,3,0,1
410670329032034,78,2,8,3
410670329041000,9,0,0,1
410670329041001,0,0,0,0
410670329041002,1,0,0,0
410670329041003,36,1,0,0
410670329041004,7,0,0,1
410670329041005,0,0,0,0
410670329041006,108,5,11,1
410670329041007,0,0,0,0
410670329041008,46,1,2,3
410670329041009,13,0,0,0
410670329041010,20,1,0,0
410670329041011,0,0,0,0
410670329041012,184,8,14,9
410670329041013,8,0,0,0
410670329041014,74,9,7,1
410670329041015,77,3,5,4
410670329041016,6,2,0,0
410670329041017,70,6,7,4
410670329041018,8,0,1,0
410670329041019,35,6,10,1
410670329041020,160,5,7,8
410670329041021,149,9,11,17
410670329041022,50,4,3,1
410670329041023,23,0,1,2
410670329041024,0,0,0,0
410670329041025,0,0,0,0
410670329041026,58,1,0,0
410670329041027,17,0,0,0
410670329041028,33,5,3,1
410670329041029,0,0,0,0
410670329042000,0,0,0,0
410670329042001,14,1,1,0
410670329042002,23,1,0,0
410670329042003,0,0,0,0
410670329042004,0,0,0,0
410670329042005,28,3,9,3
410670329042006,15,0,0,0
410670329042007,16,0,1,0
410670329042008,21,4,3,0
410670329042009,47,5,4,1
410670329042010,236,18,18,16
410670329042011,40,1,2,3
410670329042012,51,5,1,2
410670329042013,95,14,6,2
410670329042014,20,2,1,1
410670329042015,59,1,12,1
410670329042016,38,2,2,2
410670329042017,34,3,6,4
410670329042018,49,3,8,0
410670329042019,61,1,5,2
410670329042020,33,0,8,3
410670329042021,10,2,1,2
410670329042022,28,5,0,1
410670329042023,13,1,3,0
410670329042024,28,1,3,1
410670329042025,27,2,5,1
410670329042026,26,1,0,0
410670329042027,17,0,1,2
410670329042028,61,3,3,1
410670329042029,15,2,1,1
410670329042030,8,0,0,0
410670329042031,29,1,2,1
410670329042032,19,3,1,1
410670329042033,8,0,0,2
410670329042034,18,0,0,0
410670329042035,35,2,2,2
410670329042036,33,2,3,3
410670329042037,19,0,1,9
410670329042038,14,0,1,2
410670329042039,15,0,0,2
410670329042040,19,1,5,2
410670329043000,12,0,1,0
410670329043001,336,14,20,21
410670329043002,171,12,17,4
410670329043003,52,6,10,1
410670329043004,77,1,4,0
410670329043005,121,10,5,3
410670329043006,31,0,6,1
410670329043007,17,3,0,0
410670329043008,14,0,0,0
410670329043009,147,26,4,1
410670329043010,15,0,4,0
410670329043011,23,2,1,1
410670329043012,14,0,4,0
410670329043013,29,2,1,0
410670329043014,72,9,1,0
410670329043015,245,19,20,15
410670329043016,29,1,1,5
410670329043017,332,42,23,19
410670329043018,24,0,1,4
410670329043019,43,4,7,4
410670329043020,15,1,1,0
410670329043021,49,2,1,1
410670330001000,38,1,4,0
410670330001001,29,0,0,2
410670330001002,14,3,0,0
410670330001003,9,1,0,3
410670330001004,53,7,4,2
410670330001005,0,0,0,0
410670330001006,23,1,0,2
410670330001007,15,0,0,0
410670330001008,21,3,5,1
410670330001009,19,1,0,0
410670330001010,14,1,0,0
410670330001011,11,2,0,1
410670330001012,75,3,1,7
410670330001013,10,0,1,0
410670330001014,234,26,14,6
410670330001015,10,1,0,0
410670330001016,0,0,0,0
410670330001017,5,1,0,0
410670330001018,93,5,4,2
410670330001019,338,16,17,12
410670330001020,53,3,4,0
410670330001021,12,1,1,2
410670330001022,12,0,1,1
410670330001023,60,3,4,0
410670330001024,28,1,1,0
410670330001025,3,0,0,0
410670330001026,6,0,1,0
410670330001027,56,8,10,4
410670330001028,19,2,1,0
410670330001029,7,0,0,0
410670330002000,88,5,9,3
410670330002001,66,0,6,2
410670330002002,18,0,0,1
410670330002003,202,7,15,0
410670330002004,0,0,0,0
410670330002005,5,0,2,0
410670330002006,0,0,0,0
410670330002007,9,1,0,1
410670330002008,10,1,0,1
410670330002009,0,0,0,0
410670330002010,27,2,2,0
410670330002011,16,2,1,0
410670330002012,48,8,6,0
410670330002013,113,4,8,0
410670330002014,12,1,1,1
410670330002015,18,0,3,1
410670330002016,6,1,0,0
410670330002017,8,0,0,0
410670330002018,0,0,0,0
410670330002019,41,1,1,1
410670330002020,0,0,0,0
410670330002021,2,0,1,0
410670330002022,23,0,1,1
410670330002023,11,3,1,0
410670330002024,0,0,0,0
410670330002025,6,0,1,3
410670330002026,18,2,0,1
410670330002027,29,3,8,3
410670330002028,28,2,0,4
410670330002029,0,0,0,0
410670330002030,0,0,0,0
410670330002031,15,2,0,0
410670330002032,4,0,0,0
410670330002033,11,0,0,0
410670330002034,0,0,0,0
410670330002035,0,0,0,0
410670330002036,0,0,0,0
410670330002037,0,0,0,0
410670330002038,0,0,0,0
410670330002039,3,1,0,0
410670330002040,6,1,0,1
410670330002041,12,2,0,0
410670330002042,0,0,0,0
410670330002043,11,0,0,0
410670330002044,0,0,0,0
410670330002045,147,11,11,12
410670330002046,15,2,4,1
410670330002047,30,3,4,0
410670330002048,0,0,0,0
410670330002049,19,0,2,1
410670330002050,12,4,1,0
410670330002051,57,10,1,0
410670330002052,256,11,28,13
410670330002053,71,0,0,3
410670330002054,26,1,1,3
410670330002055,7,1,0,1
410670330002056,40,6,0,2
410670330002057,10,0,1,0
410670330002058,26,3,2,3
410670330002059,11,0,1,0
410670330002060,3,0,0,0
410670330002061,4,0,0,0
410670330002062,0,0,0,0
410670330003000,99,6,2,8
410670330003001,94,5,4,13
410670330003002,35,6,0,1
410670330003003,3,0,0,0
410670330003004,33,0,0,0
410670330003005,50,2,1,3
410670330003006,0,0,0,0
410670330003007,76,0,10,0
410670330003008,44,4,2,2
410670330003009,21,1,0,1
410670330003010,2,0,0,0
410670330003011,33,0,4,0
410670330003012,86,4,7,2
410670330003013,39,5,7,0
410670330003014,113,2,5,3
410670330003015,16,0,0,0
410670330003016,22,1,0,0
410670330003017,0,0,0,0
410670330003018,11,5,0,0
410670330003019,66,5,0,6
410670330003020,8,2,0,1
410670330003021,174,3,12,6
410670330003022,10,0,2,0
410670330003023,14,1,2,0
410670330003024,110,9,0,0
410670330003025,102,2,11,2
410670330003026,12,0,0,0
410670330003027,13,1,1,0
410670330003028,0,0,0,0
410670330003029,0,0,0,0
410670330003030,0,0,0,0
410670330003031,16,0,0,0
410670330003032,0,0,0,0
410670330003033,2,0,0,0
410670330003034,22,0,1,1
410670330003035,0,0,0,0
410670330004000,78,9,3,6
410670330004001,45,0,1,2
410670330004002,21,0,4,0
410670330004003,7,0,1,1
410670330004004,22,1,5,0
410670330004005,45,1,1,1
410670330004006,16,0,0,0
410670330004007,219,4,2,0
410670330004008,19,2,3,3
410670330004009,8,2,0,2
410670330004010,11,1,1,0
410670330004011,22,1,1,3
410670330004012,105,2,6,0
410670330004013,218,6,11,11
410670330004014,37,7,2,2
410670330004015,24,0,3,3
410670330004016,33,1,5,0
410670330004017,78,6,0,4
410670330004018,0,0,0,0
410670330004019,0,0,0,0
410670330004020,0,0,0,0
410670330004021,11,0,0,0
410670330004022,17,0,2,2
410670330004023,25,2,3,6
410670330004024,143,7,7,5
410670330004025,11,3,0,0
410670330004026,22,0,1,0
410670330004027,220,16,13,2
410670330004028,0,0,0,0
410670330004029,56,1,1,0
410670330004030,10,0,0,0
410670330004031,8,0,0,0
410670330004032,35,1,3,2
410670331011000,55,11,0,2
410670331011001,51,2,3,0
410670331011002,42,0,0,2
410670331011003,59,1,0,0
410670331011004,43,0,1,3
410670331011005,39,2,0,0
410670331011006,67,5,7,2
410670331011007,51,4,5,0
410670331011008,61,7,6,3
410670331011009,41,1,4,0
410670331011010,23,0,5,0
410670331011011,0,0,0,0
410670331011012,27,0,1,2
410670331011013,43,10,0,0
410670331011014,42,2,1,6
410670331011015,25,1,0,0
410670331011016,101,6,9,2
410670331011017,55,1,3,3
410670331011018,40,2,3,0
410670331011019,33,0,1,2
410670331011020,15,1,2,0
410670331011021,18,1,0,4
410670331011022,20,1,1,1
410670331011023,6,0,0,0
410670331011024,23,0,1,0
410670331011025,26,1,0,0
410670331011026,33,5,6,0
410670331011027,19,7,0,0
410670331011028,24,0,0,0
410670331011029,25,1,1,1
410670331011030,23,2,0,0
410670331011031,21,1,1,0
410670331011032,43,0,8,2
410670331011033,35,3,9,0
410670331011034,18,0,0,0
410670331011035,21,0,1,0
410670331011036,29,3,5,0
410670331011037,20,5,0,0
410670331011038,20,0,0,0
410670331011039,86,5,13,11
410670331011040,21,1,2,2
410670331012000,24,2,8,2
410670331012001,0,0,0,0
410670331012002,7,0,2,0
410670331012003,0,0,0,0
410670331012004,29,0,0,2
410670331012005,16,1,0,1
410670331012006,30,0,3,0
410670331012007,37,10,3,0
410670331012008,35,1,0,4
410670331012009,83,0,4,4
410670331012010,26,1,0,0
410670331012011,30,2,1,13
410670331012012,0,0,0,0
410670331012013,0,0,0,0
410670331012014,0,0,0,0
410670331012015,0,0,0,0
410670331012016,90,6,2,3
410670331012017,39,4,3,0
410670331012018,0,0,0,0
410670331012019,2,0,2,0
410670331012020,15,0,0,1
410670331012021,0,0,0,0
410670331012022,30,2,3,2
410670331012023,77,5,7,1
410670331012024,17,0,1,0
410670331012025,25,2,0,2
410670331012026,37,0,3,5
410670331012027,7,0,0,0
410670331012028,101,9,7,1
410670331012029,11,0,0,0
410670331012030,85,3,4,2
410670331012031,26,0,2,0
410670331012032,31,0,4,1
410670331012033,103,4,7,5
410670331012034,11,1,1,0
410670331012035,30,0,3,0
410670331012036,16,2,0,0
410670331012037,16,0,1,0
410670331012038,24,3,3,2
410670331012039,16,2,7,1
410670331012040,29,1,1,0
410670331012041,19,5,1,0
410670331012042,47,1,3,6
410670331012043,36,1,0,7
410670331012044,15,0,2,1
410670331012045,18,1,2,0
410670331012046,25,0,0,0
410670331012047,12,1,1,1
410670331012048,4,1,0,0
410670331012049,10,0,0,0
410670331012050,0,0,0,0
410670331012051,48,1,1,4
410670331012052,29,2,0,3
410670331012053,15,3,3,1
410670331012054,101,5,6,2
410670331012055,0,0,0,0
410670331012056,48,0,3,0
410670331012057,18,4,6,0
410670331021000,56,1,3,3
410670331021001,200,16,13,12
410670331021002,385,18,13,18
410670331021003,0,0,0,0
410670331021004,81,9,1,0
410670331021005,61,0,1,3
410670331021006,57,3,5,0
410670331021007,52,3,3,4
410670331021008,65,9,7,0
410670331021009,90,4,4,2
410670331021010,27,7,3,0
410670331021011,34,3,3,0
410670331021012,45,4,4,0
410670331021013,213,18,21,0
410670331021014,39,1,4,0
410670331021015,59,6,3,3
410670331021016,129,20,7,4
410670331021017,36,3,6,0
410670331021018,62,8,2,3
410670331021019,15,1,0,1
410670331021020,20,0,3,2
410670331021021,39,3,3,0
410670331021022,0,0,0,0
410670331021023,0,0,0,0
410670331021024,0,0,0,0
410670331021025,0,0,0,0
410670331021026,0,0,0,0
410670331021027,37,3,0,0
410670331021028,9,0,0,0
410670331021029,0,0,0,0
410670331021030,43,1,1,2
410670331021031,34,2,1,3
410670331021032,16,0,0,0
410670331021033,0,0,0,0
410670331021034,0,0,0,0
410670331021035,13,2,3,1
410670331021036,0,0,0,0
410670331021037,0,0,0,0
410670331021038,0,0,0,0
410670331021039,0,0,0,0
410670331021040,12,2,1,0
410670331021041,16,1,0,0
410670331021042,10,0,1,0
410670331021043,0,0,0,0
410670331022000,241,12,16,19
410670331022001,559,32,34,14
410670331022002,0,0,0,0
410670331022003,135,7,15,0
410670331022004,45,2,6,1
410670331022005,344,21,16,17
410670331022006,69,3,6,1
410670331022007,97,2,9,3
410670331022008,145,15,11,4
410670331022009,176,2,9,9
410670331022010,15,1,4,0
410670331022011,37,4,0,3
410670332011000,4,0,0,1
410670332011001,0,0,0,0
410670332011002,0,0,0,0
410670332011003,11,0,0,0
410670332011004,33,1,0,2
410670332011005,1118,57,83,65
410670332011006,54,2,6,3
410670332011007,98,3,13,11
410670332011008,148,21,16,19
410670332011009,0,0,0,0
410670332011010,28,6,0,1
410670332011011,167,18,26,5
410670332011012,0,0,0,0
410670332011013,0,0,0,0
410670332012000,243,19,42,13
410670332012001,133,11,9,10
410670332012002,284,28,19,17
410670332012003,307,11,9,12
410670332012004,29,8,2,2
410670332012005,95,7,3,1
410670332012006,123,4,2,0
410670332012007,0,0,0,0
410670332012008,0,0,0,0
410670332012009,76,0,3,1
410670332012010,39,6,3,0
410670332013000,231,3,0,2
410670332013001,281,9,9,15
410670332013002,302,33,17,9
410670332013003,242,19,32,14
410670332013004,67,10,3,6
410670332013005,0,0,0,0
410670332021000,124,11,2,2
410670332021001,481,0,0,3
410670332021002,33,0,1,0
410670332021003,297,28,16,18
410670332021004,0,0,0,0
410670332021005,591,2,4,1
410670332021006,31,1,1,2
410670332021007,15,4,1,1
410670332022000,24,3,3,1
410670332022001,22,0,0,1
410670332022002,13,3,0,1
410670332022003,19,3,3,0
410670332022004,13,1,0,0
410670332022005,29,0,0,0
410670332022006,19,1,1,0
410670332022007,0,0,0,0
410670332022008,0,0,0,0
410670332022009,0,0,0,0
410670332022010,408,39,30,14
410670332022011,111,2,8,4
410670332022012,0,0,0,0
410670332022013,4,2,0,0
410670332022014,19,1,4,2
410670332022015,0,0,0,0
410670332022016,0,0,0,0
410670332022017,285,11,15,25
410670332022018,61,7,3,2
410670332022019,528,50,52,37
410670332022020,65,0,3,0
410670332022021,40,6,2,0
410670332022022,180,6,27,3
410670332022023,34,5,0,1
410670332022024,245,30,24,9
410670332022025,12,2,0,0
410670332022026,56,3,7,2
410670332022027,0,0,0,0
410670332022028,0,0,0,0
410670332022029,0,0,0,0
410670332022030,56,1,6,5
410670332022031,25,2,0,1
410670332022032,33,2,1,1
410670332022033,29,5,3,0
410670332022034,20,0,1,0
410670332022035,0,0,0,0
410670332022036,48,2,11,6
410670332022037,47,7,8,0
410670332022038,19,2,0,0
410670332022039,0,0,0,0
410670332022040,22,0,0,0
410670332022041,0,0,0,0
410670333011000,128,11,1,5
410670333011001,189,25,10,2
410670333011002,78,3,9,4
410670333011003,42,7,7,1
410670333011004,62,4,3,2
410670333011005,129,7,8,5
410670333011006,167,7,19,2
410670333012000,90,2,10,2
410670333012001,77,3,3,1
410670333012002,83,6,2,8
410670333012003,131,15,16,4
410670333012004,159,17,1,7
410670333012005,86,6,6,3
410670333012006,81,7,10,6
410670333012007,56,1,7,3
410670333012008,36,1,6,1
410670333012009,14,1,2,1
410670333012010,116,6,1,0
410670333012011,87,10,3,3
410670333012012,89,1,1,1
410670333013000,51,7,3,3
410670333013001,48,1,3,1
410670333013002,29,2,6,2
410670333013003,156,10,14,7
410670333013004,57,1,0,0
410670333013005,183,9,13,13
410670333013006,175,16,16,5
410670333013007,88,8,15,4
410670333014000,50,5,1,10
410670333014001,44,7,1,7
410670333014002,56,1,7,1
410670333014003,51,1,12,6
410670333014004,148,6,7,7
410670333014005,55,7,13,4
410670333014006,111,12,6,13
410670333014007,44,6,3,0
410670333014008,42,2,2,1
410670333014009,34,3,6,3
410670333014010,67,2,2,2
410670333014011,86,5,9,0
410670333014012,59,1,13,4
410670333014013,119,17,7,7
410670333014014,82,5,0,2
410670333014015,79,11,1,2
410670333014016,34,5,2,2
410670333014017,192,6,15,13
410670333014018,76,5,16,0
410670333014019,32,7,2,1
410670333014020,28,0,7,1
410670333014021,54,3,3,10
410670333014022,159,22,8,10
410670333014023,84,6,8,0
410670333014024,40,4,13,0
410670333014025,35,0,4,1
410670333014026,26,2,1,0
410670333014027,68,0,14,1
410670333014028,74,5,3,12
410670333014029,52,7,7,6
410670333015000,0,0,0,0
410670333015001,117,0,3,3
410670333015002,43,5,3,1
410670333015003,25,2,1,0
410670333015004,27,0,1,0
410670333015005,125,12,10,10
410670333015006,43,8,5,3
410670333015007,178,8,6,5
410670333015008,22,2,2,2
410670333015009,64,1,5,3
410670333015010,47,8,2,1
410670333015011,120,2,12,10
410670333015012,166,3,17,3
410670333015013,54,2,4,6
410670333015014,173,12,15,3
410670333015015,59,0,13,1
410670333015016,60,1,3,6
410670333015017,163,14,9,5
410670333015018,90,15,4,6
410670333015019,189,17,9,10
410670333021000,88,3,2,15
410670333021001,126,8,12,4
410670333021002,34,1,1,0
410670333021003,159,2,11,10
410670333021004,66,7,8,1
410670333021005,196,18,12,1
410670333021006,78,10,4,0
410670333021007,58,6,10,0
410670333021008,487,43,44,17
410670333021009,117,6,20,2
410670333021010,103,3,3,10
410670333021011,67,6,0,12
410670333021012,108,17,13,4
410670333021013,123,8,10,4
410670333021014,64,15,4,5
410670333021015,51,10,3,3
410670333021016,16,0,3,3
410670333021017,14,1,0,0
410670333021018,1,0,0,0
410670333021019,12,1,1,0
410670333021020,0,0,0,0
410670333021021,46,0,1,2
410670333021022,63,3,0,1
410670333021023,142,12,10,0
410670333021024,31,0,1,0
410670333021025,42,0,0,0
410670333021026,32,1,3,0
410670333021027,78,10,11,1
410670333021028,35,3,3,1
410670333021029,55,4,3,0
410670333022000,20,0,1,1
410670333022001,47,0,3,1
410670333022002,7,0,1,3
410670333022003,433,16,18,16
410670333022004,75,0,11,0
410670333022005,25,2,1,0
410670333022006,29,2,5,1
410670333022007,34,2,3,2
410670333022008,0,0,0,0
410670333022009,47,2,1,5
410670333022010,55,3,2,6
410670333022011,123,3,6,9
410670333022012,181,14,0,10
410670333022013,59,4,2,1
410670333022014,60,0,6,1
410670333022015,40,2,1,0
410670333022016,45,2,11,1
410670333022017,79,6,10,2
410670333022018,85,5,9,1
410670333022019,27,0,4,0
410670333022020,44,0,0,0
410670333022021,40,1,2,6
410670333022022,163,9,16,3
410670333022023,51,3,9,5
410670333022024,58,0,4,3
410670333022025,50,1,9,6
410670333022026,54,2,4,2
410670333023000,34,1,3,1
410670333023001,26,0,1,0
410670333023002,13,1,1,0
410670333023003,27,0,0,0
410670333023004,0,0,0,0
410670333023005,0,0,0,0
410670333023006,4,0,1,0
410670333023007,52,3,6,4
410670333023008,0,0,0,0
410670333023009,37,8,10,2
410670333023010,14,0,1,2
410670333023011,13,0,1,0
410670333023012,76,5,6,0
410670333023013,70,0,0,5
410670333023014,6,0,0,0
410670333023015,5,0,0,0
410670333023016,16,3,0,0
410670333023017,13,0,0,0
410670333023018,20,0,0,2
410670333023019,0,0,0,0
410670333023020,42,2,5,4
410670333023021,0,0,0,0
410670333023022,0,0,0,0
410670333023023,0,0,0,0
410670333023024,3,1,1,0
410670333023025,18,4,2,0
410670333023026,20,0,0,2
410670333023027,257,10,10,1
410670333023028,33,7,2,0
410670333023029,7,0,0,0
410670333023030,9,0,3,0
410670333023031,0,0,0,0
410670333023032,22,0,2,0
410670333023033,16,0,0,1
410670333023034,11,0,0,1
410670333023035,10,0,1,0
410670333023036,6,0,0,0
410670333023037,11,0,0,0
410670333023038,7,0,0,0
410670333023039,58,6,4,2
410670333023040,0,0,0,0
410670333023041,4,0,1,2
410670333023042,33,1,0,0
410670333023043,22,0,0,2
410670333023044,0,0,0,0
410670333023045,6,0,0,0
410670333023046,15,0,1,1
410670333023047,0,0,0,0
410670333023048,0,0,0,0
410670333023049,20,3,0,1
410670333023050,12,2,1,0
410670333023051,18,1,0,0
410670333023052,9,1,2,1
410670333023053,30,0,0,6
410670333023054,12,1,2,0
410670333023055,25,0,0,0
410670333023056,208,13,29,17
410670333023057,51,4,11,0
410670333023058,50,7,2,2
410670333023059,42,3,7,0
410670333023060,78,21,1,2
410670333023061,40,4,0,0
410670333023062,53,2,1,3
410670333023063,40,3,4,1
410670333023064,16,1,5,0
410670333023065,0,0,0,0
410670333023066,6,0,0,0
410670333023067,40,5,10,1
410670334001000,45,1,1,0
410670334001001,13,2,1,1
410670334001002,4,1,0,0
410670334001003,17,0,0,0
410670334001004,4,0,0,0
410670334001005,268,10,24,11
410670334001006,0,0,0,0
410670334001007,408,25,17,13
410670334001008,14,3,1,0
410670334001009,11,0,5,0
410670334001010,30,1,1,0
410670334001011,25,0,0,0
410670334001012,0,0,0,0
410670334001013,13,0,0,0
410670334001014,11,1,1,0
410670334001015,10,1,0,1
410670334001016,9,0,2,0
410670334001017,2,0,0,0
410670334001018,25,0,0,7
410670334001019,7,1,0,0
410670334001020,0,0,0,0
410670334001021,12,3,2,0
410670334001022,15,0,0,0
410670334001023,0,0,0,0
410670334001024,0,0,0,0
410670334001025,26,1,0,2
410670334001026,8,0,1,0
410670334001027,16,0,2,0
410670334002000,18,2,0,0
410670334002001,0,0,0,0
410670334002002,0,0,0,0
410670334002003,12,1,0,0
410670334002004,10,1,2,0
410670334002005,0,0,0,0
410670334002006,7,0,0,0
410670334002007,0,0,0,0
410670334002008,2,0,0,0
410670334002009,0,0,0,0
410670334002010,7,3,0,0
410670334002011,0,0,0,0
410670334002012,6,0,0,0
410670334002013,85,9,2,8
410670334002014,0,0,0,0
410670334002015,0,0,0,0
410670334002016,0,0,0,0
410670334002017,33,1,0,0
410670334002018,10,0,0,0
410670334002019,0,0,0,0
410670334002020,26,0,0,0
410670334002021,1,0,0,0
410670334002022,20,0,0,0
410670334002023,7,0,0,0
410670334002024,21,6,2,0
410670334002025,0,0,0,0
410670334002026,4,1,0,0
410670334002027,0,0,0,0
410670334002028,16,1,7,0
410670334002029,126,8,10,8
410670334002030,13,0,0,3
410670334002031,0,0,0,0
410670334002032,46,0,5,0
410670334002033,55,3,5,3
410670334002034,77,6,0,7
410670334002035,18,4,2,0
410670334002036,48,10,3,0
410670334002037,21,0,2,0
410670334002038,2,1,0,0
410670334002039,9,3,0,0
410670334002040,0,0,0,0
410670334002041,7,0,0,0
410670334002042,0,0,0,0
410670334002043,0,0,0,0
410670334002044,31,1,8,0
410670334002045,7,0,0,0
410670334002046,11,0,0,0
410670334002047,20,2,0,3
410670334002048,11,0,0,0
410670334002049,18,1,2,3
410670334002050,0,0,0,0
410670334002051,47,0,4,1
410670334002052,9,0,0,0
410670334002053,6,0,3,0
410670334002054,39,7,0,1
410670334002055,262,14,27,16
410670334002056,0,0,0,0
410670334002057,0,0,0,0
410670334002058,12,1,1,1
410670334002059,34,2,5,1
410670334002060,7,1,0,0
410670334002061,0,0,0,0
410670334002062,16,0,5,1
410670334002063,61,5,1,0
410670334002064,0,0,0,0
410670334002065,3,1,1,0
410670334002066,0,0,0,0
410670334002067,0,0,0,0
410670334002068,17,0,0,0
410670334002069,8,0,0,0
410670334002070,2,1,0,0
410670334002071,0,0,0,0
410670334002072,12,0,0,0
410670334002073,14,0,0,0
410670334002074,13,0,1,0
410670334002075,38,0,0,7
410670335001000,0,0,0,0
410670335001001,0,0,0,0
410670335001002,0,0,0,0
410670335001003,0,0,0,0
410670335001004,0,0,0,0
410670335001005,0,0,0,0
410670335001006,0,0,0,0
410670335001007,2,1,0,0
410670335001008,0,0,0,0
410670335001009,10,0,0,3
410670335001010,0,0,0,0
410670335001011,0,0,0,0
410670335001012,0,0,0,0
410670335001013,0,0,0,0
410670335001014,0,0,0,0
410670335001015,36,2,3,2
410670335001016,1,0,0,0
410670335001017,0,0,0,0
410670335001018,7,1,1,0
410670335001019,0,0,0,0
410670335001020,0,0,0,0
410670335001021,0,0,0,0
410670335001022,20,0,0,0
410670335001023,9,0,0,0
410670335001024,11,0,0,0
410670335001025,11,0,0,0
410670335001026,12,0,1,0
410670335001027,27,0,0,1
410670335001028,8,0,0,0
410670335001029,0,0,0,0
410670335001030,23,0,2,1
410670335001031,21,5,4,0
410670335001032,3,0,2,0
410670335001033,9,0,0,0
410670335001034,0,0,0,0
410670335001035,7,1,0,1
410670335001036,12,4,1,0
410670335001037,12,1,0,2
410670335001038,57,3,3,1
410670335001039,10,0,1,2
410670335001040,11,0,0,0
410670335001041,15,1,0,1
410670335001042,5,0,0,0
410670335001043,0,0,0,0
410670335001044,0,0,0,0
410670335001045,0,0,0,0
410670335001046,0,0,0,0
410670335001047,0,0,0,0
410670335001048,0,0,0,0
410670335001049,0,0,0,0
410670335001050,0,0,0,0
410670335001051,0,0,0,0
410670335001052,0,0,0,0
410670335001053,0,0,0,0
410670335001054,0,0,0,0
410670335001055,15,0,1,1
410670335001056,0,0,0,0
410670335001057,49,0,2,2
410670335001058,11,0,0,4
410670335001059,50,0,0,3
410670335001060,16,0,0,0
410670335001061,46,1,1,0
410670335001062,0,0,0,0
410670335001063,0,0,0,0
410670335001064,0,0,0,0
410670335001065,0,0,0,0
410670335001066,0,0,0,0
410670335001067,0,0,0,0
410670335001068,0,0,0,0
410670335001069,0,0,0,0
410670335001070,0,0,0,0
410670335001071,0,0,0,0
410670335001072,0,0,0,0
410670335001073,0,0,0,0
410670335001074,0,0,0,0
410670335001075,0,0,0,0
410670335001076,54,0,1,2
410670335001077,22,1,1,0
410670335001078,6,0,0,0
410670335001079,3,0,1,0
410670335001080,0,0,0,0
410670335001081,0,0,0,0
410670335001082,0,0,0,0
410670335001083,58,5,2,2
410670335001084,2,2,0,0
410670335001085,17,0,0,0
410670335001086,49,3,5,1
410670335001087,14,0,1,1
410670335001088,48,6,4,3
410670335001089,10,1,2,0
410670335001090,28,2,1,0
410670335001091,15,1,0,5
410670335001092,27,1,1,0
410670335001093,0,0,0,0
410670335001094,22,1,1,2
410670335001095,17,5,3,0
410670335001096,16,4,0,0
410670335001097,13,0,0,1
410670335001098,20,1,1,0
410670335001099,0,0,0,0
410670335001100,24,5,2,1
410670335001101,0,0,0,0
410670335001102,0,0,0,0
410670335002000,90,2,4,3
410670335002001,13,0,0,0
410670335002002,55,0,16,0
410670335002003,41,2,0,6
410670335002004,5,1,0,0
410670335002005,13,0,0,0
410670335002006,15,1,3,0
410670335002007,17,1,0,0
410670335002008,13,0,0,0
410670335002009,3,0,1,1
410670335002010,3,1,1,0
410670335002011,0,0,0,0
410670335002012,7,3,0,0
410670335002013,721,65,41,54
410670335002014,45,6,3,2
410670335002015,97,9,13,5
410670335002016,62,2,2,2
410670335002017,174,13,24,19
410670335002018,31,3,7,1
410670335002019,64,6,9,0
410670335002020,25,2,2,1
410670335002021,0,0,0,0
410670335002022,81,7,8,3
410670335002023,73,5,6,0
410670335002024,56,4,3,3
410670335002025,34,5,1,4
410670335002026,82,8,1,10
410670335002027,7,0,0,0
410670335002028,95,23,3,2
410670335002029,0,0,0,0
410670335003000,30,1,4,0
410670335003001,44,3,0,0
410670335003002,500,16,34,14
410670335003003,14,1,0,2
410670335003004,0,0,0,0
410670335003005,0,0,0,0
410670335003006,0,0,0,0
410670335003007,0,0,0,0
410670335003008,92,0,3,2
410670335003009,0,0,0,0
410670335003010,0,0,0,0
410670335003011,67,3,3,0
410670335003012,36,8,0,0
410670335003013,0,0,0,0
410670335003014,59,8,2,2
410670335003015,7,1,2,1
410670335003016,0,0,0,0
410670335003017,3,1,0,0
410670335003018,10,1,0,0
410670335003019,14,5,2,1
410670335003020,11,0,2,3
410670335003021,84,5,7,2
410670335003022,0,0,0,0
410670335003023,75,5,13,1
410670335003024,0,0,0,0
410670335003025,0,0,0,0
410670335003026,21,0,0,0
410670335003027,31,1,0,1
410670335003028,0,0,0,0
410670335003029,0,0,0,0
410670335003030,0,0,0,0
410670335003031,0,0,0,0
410670336001000,75,0,3,2
410670336001001,40,0,0,0
410670336001002,441,9,28,15
410670336001003,39,1,0,2
410670336001004,20,2,1,0
410670336001005,37,3,1,3
410670336001006,0,0,0,0
410670336001007,42,3,3,0
410670336001008,48,4,0,7
410670336001009,47,1,3,0
410670336001010,55,8,0,1
410670336001011,11,1,4,0
410670336002000,68,2,6,3
410670336002001,13,0,0,0
410670336002002,0,0,0,0
410670336002003,0,0,0,0
410670336002004,0,0,0,0
410670336002005,0,0,0,0
410670336002006,67,5,8,1
410670336002007,16,1,2,0
410670336002008,18,1,1,0
410670336002009,35,1,7,0
410670336002010,35,6,4,0
410670336002011,6,0,1,0
410670336002012,21,0,2,4
410670336002013,31,0,0,1
410670336002014,68,2,1,4
410670336002015,0,0,0,0
410670336002016,0,0,0,0
410670336002017,99,3,5,4
410670336002018,46,0,4,3
410670336002019,25,4,0,5
410670336002020,11,2,2,0
410670336002021,2,0,1,1
410670336002022,4,0,0,0
410670336002023,19,1,2,0
410670336002024,27,3,0,1
410670336002025,0,0,0,0
410670336002026,0,0,0,0
410670336002027,0,0,0,0
410670336002028,0,0,0,0
410670336002029,0,0,0,0
410670336002030,0,0,0,0
410670336002031,9,1,3,0
410670336002032,49,1,1,4
410670336002033,0,0,0,0
410670336002034,0,0,0,0
410670336002035,0,0,0,0
410670336002036,0,0,0,0
410670336002037,27,2,4,6
410670336002038,0,0,0,0
410670336002039,0,0,0,0
410670336002040,0,0,0,0
410670336003000,0,0,0,0
410670336003001,0,0,0,0
410670336003002,0,0,0,0
410670336003003,10,0,0,1
410670336003004,0,0,0,0
410670336003005,0,0,0,0
410670336003006,0,0,0,0
410670336003007,0,0,0,0
410670336003008,0,0,0,0
410670336003009,0,0,0,0
410670336003010,0,0,0,0
410670336003011,0,0,0,0
410670336003012,0,0,0,0
410670336003013,0,0,0,0
410670336003014,0,0,0,0
410670336003015,0,0,0,0
410670336003016,0,0,0,0
410670336003017,0,0,0,0
410670336003018,0,0,0,0
410670336003019,0,0,0,0
410670336003020,0,0,0,0
410670336003021,0,0,0,0
410670336003022,0,0,0,0
410670336003023,0,0,0,0
410670336003024,0,0,0,0
410670336003025,0,0,0,0
410670336003026,0,0,0,0
410670336003027,0,0,0,0
410670336003028,0,0,0,0
410670336003029,0,0,0,0
410670336003030,0,0,0,0
410670336003031,73,1,3,11
410670336003032,87,9,3,1
410670336003033,19,0,0,1
410670336003034,3,0,0,0
410670336003035,9,1,0,0
410670336003036,0,0,0,0
410670336003037,0,0,0,0
410670336003038,0,0,0,0
410670336003039,0,0,0,0
410670336003040,0,0,0,0
410670336003041,41,1,0,2
410670336003042,0,0,0,0
410670336003043,9,0,0,0
410670336003044,4,0,2,1
410670336003045,11,0,0,0
410670336003046,173,7,16,4
410670336003047,34,3,3,2
410670336003048,23,1,2,2
410670336003049,0,0,0,0
410670336003050,38,5,1,3
410670336003051,52,2,5,3
410670336003052,23,0,0,0
410670336003053,0,0,0,0
410670336003054,21,0,0,0
410670336003055,0,0,0,0
410670336003056,0,0,0,0
410670336003057,0,0,0,0
410670336003058,0,0,0,0
410670336003059,0,0,0,0
410670336003060,0,0,0,0
410670336003061,0,0,0,0
410670336003062,0,0,0,0
410670336003063,0,0,0,0
410670336003064,0,0,0,0
410670336003065,0,0,0,0
410670336003066,0,0,0,0
410670336003067,0,0,0,0
410670336003068,0,0,0,0
410670336003069,0,0,0,0
410670336003070,0,0,0,0
410670336003071,0,0,0,0
410670336003072,0,0,0,0
410670336003073,0,0,0,0
410670336003074,0,0,0,0
410670336003075,0,0,0,0
410670336003076,0,0,0,0
410670336003077,0,0,0,0
410670336003078,0,0,0,0
410670336003079,0,0,0,0
410670336003080,0,0,0,0
410670336003081,0,0,0,0
410670336003082,0,0,0,0
410670336003083,144,7,12,2
410670336003084,4,0,2,1
410670336003085,0,0,0,0
410670336003086,0,0,0,0
410670336003087,13,1,3,1
410670336003088,10,1,1,1
410670336003089,0,0,0,0
410670336003090,7,0,0,1
410670336003091,0,0,0,0
410670336003092,0,0,0,0
