{"type":"FeatureCollection","features":[{"type":"Feature","properties":{"from":"Faubion K-8","to":"Astor K-8"},"geometry":{"type":"MultiPolygon","coordinates":[[[[-122.747873,45.608946],[-122.74789,45.609058],[-122.747807,45.609134],[-122.747738,45.609132],[-122.747506,45.609026],[-122.746377,45.608361],[-122.74631,45.608265],[-122.746316,45.608175],[-122.746418,45.608108],[-122.746681,45.608155],[-122.747185,45.608437],[-122.747873,45.608946]]],[[[-122.726088,45.609065],[-122.7262,45.609135],[-122.72621,45.609203],[-122.726172,45.609274],[-122.726029,45.609402],[-122.725248,45.60988],[-122.723931,45.610422],[-122.723716,45.610486],[-122.723608,45.610423],[-122.723604,45.610319],[-122.723779,45.610069],[-122.723936,45.609616],[-122.723992,45.60955],[-122.724236,45.609494],[-122.724586,45.609486],[-122.724853,45.609443],[-122.725375,45.609202],[-122.725682,45.609175],[-122.726088,45.609065]]],[[[-122.721375,45.609873],[-122.721411,45.60998],[-122.721342,45.61007],[-122.720842,45.610098],[-122.720158,45.610014],[-122.71983,45.609935],[-122.719322,45.609767],[-122.719268,45.609709],[-122.719258,45.609641],[-122.719346,45.609544],[-122.719772,45.609483],[-122.72035,45.60962],[-122.720981,45.609725],[-122.721229,45.609795],[-122.721375,45.609873]]],[[[-122.731081,45.613411],[-122.731127,45.613463],[-122.731137,45.613532],[-122.731057,45.613627],[-122.730526,45.613647],[-122.729873,45.613799],[-122.729719,45.61375],[-122.72966,45.613695],[-122.729622,45.613526],[-122.729484,45.613301],[-122.72912,45.613121],[-122.729074,45.613005],[-122.729115,45.612934],[-122.729191,45.612904],[-122.729573,45.612919],[-122.729787,45.612983],[-122.730191,45.61325],[-122.731081,45.613411]]],[[[-122.735466,45.614089],[-122.735494,45.614164],[-122.735462,45.614248],[-122.735205,45.614362],[-122.734914,45.614422],[-122.734596,45.614407],[-122.734384,45.614319],[-122.734296,45.614223],[-122.734173,45.61373],[-122.733968,45.613503],[-122.733751,45.613507],[-122.732981,45.61393],[-122.732708,45.613977],[-122.732186,45.613898],[-122.731804,45.613751],[-122.731438,45.613665],[-122.731374,45.613615],[-122.731357,45.613536],[-122.731403,45.613456],[-122.73148,45.613431],[-122.732232,45.613575],[-122.732558,45.613568],[-122.732848,45.613502],[-122.733279,45.613193],[-122.733861,45.612961],[-122.734211,45.612972],[-122.73442,45.613014],[-122.734785,45.612992],[-122.734884,45.613028],[-122.734964,45.613142],[-122.734956,45.613493],[-122.734877,45.613714],[-122.734895,45.613896],[-122.735006,45.61397],[-122.735227,45.613993],[-122.735466,45.614089]]],[[[-122.731158,45.614095],[-122.731062,45.614177],[-122.730796,45.614129],[-122.730412,45.614211],[-122.730089,45.614401],[-122.729886,45.614476],[-122.729567,45.614518],[-122.729327,45.614501],[-122.729091,45.614404],[-122.728877,45.614181],[-122.728869,45.613969],[-122.728933,45.6137],[-122.728913,45.613566],[-122.728977,45.613486],[-122.729089,45.61349],[-122.729353,45.613867],[-122.729508,45.613963],[-122.729728,45.614043],[-122.729989,45.614037],[-122.730466,45.613885],[-122.730776,45.613833],[-122.73115,45.613866],[-122.7312,45.613957],[-122.731158,45.614095]]],[[[-122.734531,45.614637],[-122.734596,45.614717],[-122.734581,45.614808],[-122.734501,45.614889],[-122.734363,45.614905],[-122.73407,45.614789],[-122.733808,45.614542],[-122.733449,45.614421],[-122.733032,45.614375],[-122.732973,45.614318],[-122.732965,45.614237],[-122.73302,45.614162],[-122.733396,45.613996],[-122.733626,45.613826],[-122.733814,45.613829],[-122.733907,45.613924],[-122.733995,45.614214],[-122.7342,45.614497],[-122.734378,45.614608],[-122.734531,45.614637]]],[[[-122.761183,45.616819],[-122.760885,45.617013],[-122.760634,45.617127],[-122.759901,45.617279],[-122.759419,45.617449],[-122.759047,45.617685],[-122.758762,45.617944],[-122.758702,45.618068],[-122.758697,45.618202],[-122.758733,45.618308],[-122.758993,45.61857],[-122.759688,45.619017],[-122.759975,45.619259],[-122.760146,45.619469],[-122.760292,45.619573],[-122.760407,45.619767],[-122.760486,45.620194],[-122.760396,45.6206],[-122.760262,45.620765],[-122.7601,45.620879],[-122.75965,45.621058],[-122.759128,45.621135],[-122.758909,45.621133],[-122.758629,45.621053],[-122.75789,45.620704],[-122.757217,45.620479],[-122.756595,45.620134],[-122.756315,45.620033],[-122.756062,45.619809],[-122.755785,45.619685],[-122.755357,45.619547],[-122.754783,45.619291],[-122.753994,45.618754],[-122.751822,45.617607],[-122.750675,45.617231],[-122.750508,45.617149],[-122.750389,45.61704],[-122.750401,45.616902],[-122.750313,45.616865],[-122.750246,45.616893],[-122.750176,45.61688],[-122.750115,45.616808],[-122.74966,45.61655],[-122.749101,45.616426],[-122.748727,45.616287],[-122.748509,45.616252],[-122.748009,45.616048],[-122.746281,45.61555],[-122.745677,45.615469],[-122.745169,45.615319],[-122.744773,45.615241],[-122.744488,45.615134],[-122.743429,45.614927],[-122.743289,45.61496],[-122.743155,45.615146],[-122.742991,45.615118],[-122.742831,45.615226],[-122.742636,45.615232],[-122.742463,45.615313],[-122.742307,45.615429],[-122.74214,45.615615],[-122.74201,45.615988],[-122.741922,45.616079],[-122.741771,45.616133],[-122.741548,45.616112],[-122.741421,45.616031],[-122.741325,45.615828],[-122.74125,45.615343],[-122.74108,45.615171],[-122.740854,45.615115],[-122.740244,45.615172],[-122.739888,45.615404],[-122.739677,45.615474],[-122.739223,45.615781],[-122.739081,45.615828],[-122.738655,45.615835],[-122.738242,45.615751],[-122.737677,45.615801],[-122.737528,45.61578],[-122.737297,45.615684],[-122.737142,45.61557],[-122.736978,45.615289],[-122.736755,45.61503],[-122.736744,45.614939],[-122.736801,45.614867],[-122.736903,45.614859],[-122.737465,45.61511],[-122.737784,45.615357],[-122.738273,45.615549],[-122.738709,45.615469],[-122.73888,45.615375],[-122.738946,45.615308],[-122.738992,45.615112],[-122.738956,45.615022],[-122.738802,45.614964],[-122.738383,45.614941],[-122.738121,45.614887],[-122.737664,45.6146],[-122.737126,45.614039],[-122.737012,45.613855],[-122.736743,45.61364],[-122.735972,45.613342],[-122.735312,45.613279],[-122.735216,45.613093],[-122.735217,45.612904],[-122.735238,45.612792],[-122.735351,45.612677],[-122.735636,45.612625],[-122.73619,45.612621],[-122.737056,45.612689],[-122.737696,45.61286],[-122.739187,45.613408],[-122.739544,45.61357],[-122.740035,45.613704],[-122.740709,45.613814],[-122.741096,45.613836],[-122.741334,45.613794],[-122.741926,45.613418],[-122.741988,45.613303],[-122.742028,45.613178],[-122.741957,45.613027],[-122.741778,45.612832],[-122.741733,45.612644],[-122.741764,45.612482],[-122.741849,45.612301],[-122.742012,45.612127],[-122.742231,45.611971],[-122.742307,45.611949],[-122.743486,45.611999],[-122.743608,45.612035],[-122.743929,45.611982],[-122.744096,45.611757],[-122.744765,45.611387],[-122.745001,45.61117],[-122.745317,45.611048],[-122.745486,45.610847],[-122.745818,45.610726],[-122.745918,45.610752],[-122.745972,45.610822],[-122.746049,45.610859],[-122.74619,45.610848],[-122.746502,45.610469],[-122.746553,45.610313],[-122.746685,45.61013],[-122.746702,45.609993],[-122.74665,45.609922],[-122.746618,45.609781],[-122.746306,45.609574],[-122.746237,45.609552],[-122.746011,45.609579],[-122.745762,45.609534],[-122.74565,45.609449],[-122.745131,45.609223],[-122.744862,45.609213],[-122.744692,45.609252],[-122.744626,45.609222],[-122.744542,45.609114],[-122.744386,45.609055],[-122.744007,45.609036],[-122.743937,45.608948],[-122.743939,45.608721],[-122.743773,45.608573],[-122.743604,45.608513],[-122.743517,45.608418],[-122.743316,45.608344],[-122.742276,45.608402],[-122.74189,45.608349],[-122.741449,45.60838],[-122.740924,45.60851],[-122.740746,45.608516],[-122.740092,45.608399],[-122.739809,45.60839],[-122.739585,45.608493],[-122.739471,45.608655],[-122.739554,45.608833],[-122.739548,45.609047],[-122.739432,45.609192],[-122.739052,45.609474],[-122.738135,45.609966],[-122.737924,45.609995],[-122.737608,45.609958],[-122.737178,45.609718],[-122.737051,45.609431],[-122.73708,45.609316],[-122.737222,45.60915],[-122.737613,45.608943],[-122.737855,45.608732],[-122.738013,45.608295],[-122.738006,45.608074],[-122.738076,45.607638],[-122.737858,45.606751],[-122.737596,45.606421],[-122.736736,45.605811],[-122.735159,45.605059],[-122.734347,45.604838],[-122.733615,45.604708],[-122.732915,45.604667],[-122.732176,45.604475],[-122.730638,45.604284],[-122.729829,45.604117],[-122.728238,45.603698],[-122.727662,45.603603],[-122.726738,45.603683],[-122.725459,45.603951],[-122.725051,45.604109],[-122.72484,45.60413],[-122.724623,45.604094],[-122.724273,45.603905],[-122.724089,45.603856],[-122.723785,45.603829],[-122.723168,45.603698],[-122.722931,45.603755],[-122.722617,45.60377],[-122.722268,45.603882],[-122.722191,45.603853],[-122.722083,45.603734],[-122.722111,45.603825],[-122.722096,45.603892],[-122.721973,45.604081],[-122.721806,45.604174],[-122.721769,45.604358],[-122.721774,45.60463],[-122.721729,45.604697],[-122.721653,45.60472],[-122.72157,45.604681],[-122.721299,45.604322],[-122.721057,45.603891],[-122.720955,45.603771],[-122.720801,45.603661],[-122.720421,45.603522],[-122.720186,45.603542],[-122.719908,45.603647],[-122.71971,45.603808],[-122.71924,45.604102],[-122.718821,45.604521],[-122.718683,45.604908],[-122.7186,45.605029],[-122.718587,45.605262],[-122.718636,45.605424],[-122.718896,45.605701],[-122.719498,45.606168],[-122.719707,45.606411],[-122.720095,45.606691],[-122.720822,45.606907],[-122.722403,45.60721],[-122.72321,45.607294],[-122.723519,45.607358],[-122.723687,45.607431],[-122.723888,45.607532],[-122.724119,45.607778],[-122.724545,45.608128],[-122.724944,45.608378],[-122.725119,45.608629],[-122.725355,45.608854],[-122.72536,45.608933],[-122.725306,45.609004],[-122.724795,45.609268],[-122.724655,45.609276],[-122.724581,45.60923],[-122.724541,45.609146],[-122.724533,45.608934],[-122.724588,45.608673],[-122.724564,45.608616],[-122.724492,45.608472],[-122.724337,45.608325],[-122.724148,45.608214],[-122.7234,45.608066],[-122.722855,45.607666],[-122.72257,45.607551],[-122.722048,45.607538],[-122.721626,45.607576],[-122.720753,45.607456],[-122.720776,45.607509],[-122.720917,45.607551],[-122.721686,45.60772],[-122.721945,45.60773],[-122.722318,45.607693],[-122.722433,45.60772],[-122.722745,45.607854],[-122.723025,45.608106],[-122.723258,45.608231],[-122.723912,45.608343],[-122.7241,45.608403],[-122.724253,45.608516],[-122.724288,45.608893],[-122.72423,45.609128],[-122.724145,45.609238],[-122.723735,45.609451],[-122.723664,45.609519],[-122.723521,45.609788],[-122.723357,45.609938],[-122.723128,45.610039],[-122.722619,45.610125],[-122.722458,45.610089],[-122.722351,45.610013],[-122.722278,45.609911],[-122.722271,45.609831],[-122.722307,45.609772],[-122.72278,45.609414],[-122.722852,45.609296],[-122.722888,45.609107],[-122.722863,45.609016],[-122.722783,45.608926],[-122.722629,45.608853],[-122.722062,45.608804],[-122.721829,45.608741],[-122.721634,45.608651],[-122.721473,45.608532],[-122.721189,45.608477],[-122.720759,45.608523],[-122.720601,45.608656],[-122.720356,45.608953],[-122.71998,45.609216],[-122.719406,45.609402],[-122.719211,45.609389],[-122.719019,45.609325],[-122.718502,45.608784],[-122.718277,45.608388],[-122.718075,45.608165],[-122.717661,45.608028],[-122.717402,45.607793],[-122.717134,45.607122],[-122.716991,45.606922],[-122.716744,45.606269],[-122.716664,45.606148],[-122.716384,45.605925],[-122.716194,45.605867],[-122.715836,45.605852],[-122.715709,45.605877],[-122.715548,45.605989],[-122.71532,45.606228],[-122.714913,45.606803],[-122.714204,45.607451],[-122.714037,45.607707],[-122.713504,45.608267],[-122.713476,45.608397],[-122.713747,45.608547],[-122.713898,45.608717],[-122.714073,45.609315],[-122.71406,45.609529],[-122.713999,45.609785],[-122.713773,45.610094],[-122.713609,45.610262],[-122.71351,45.61082],[-122.713554,45.611147],[-122.713763,45.611484],[-122.713968,45.612069],[-122.714135,45.612188],[-122.714225,45.6123],[-122.71433,45.61306],[-122.714509,45.613194],[-122.714823,45.613263],[-122.715221,45.613234],[-122.715555,45.613263],[-122.715857,45.613394],[-122.716049,45.613564],[-122.716318,45.613888],[-122.716432,45.614087],[-122.716533,45.614184],[-122.716744,45.614301],[-122.717287,45.614479],[-122.717442,45.614598],[-122.717726,45.615022],[-122.717962,45.615231],[-122.718502,45.615539],[-122.718949,45.615731],[-122.719863,45.616018],[-122.720812,45.616167],[-122.721954,45.616251],[-122.722353,45.616182],[-122.722786,45.615943],[-122.723343,45.615776],[-122.723522,45.615757],[-122.724818,45.61583],[-122.725173,45.615747],[-122.725642,45.615691],[-122.726903,45.615338],[-122.72755,45.615191],[-122.728819,45.615028],[-122.730237,45.614566],[-122.730497,45.614378],[-122.730683,45.614323],[-122.730805,45.614367],[-122.730852,45.614471],[-122.730851,45.614573],[-122.730734,45.614834],[-122.730681,45.615122],[-122.730708,45.615258],[-122.730865,45.615408],[-122.731091,45.61555],[-122.731506,45.615708],[-122.732125,45.615779],[-122.732467,45.615773],[-122.733235,45.615697],[-122.734008,45.615484],[-122.734586,45.615073],[-122.734922,45.614932],[-122.735017,45.614862],[-122.735015,45.614789],[-122.734955,45.614664],[-122.735008,45.614563],[-122.73531,45.614454],[-122.735588,45.614446],[-122.735746,45.614494],[-122.735888,45.61458],[-122.736067,45.614742],[-122.73641,45.614978],[-122.736655,45.6152],[-122.736784,45.615369],[-122.736858,45.615588],[-122.73697,45.615722],[-122.737153,45.615843],[-122.737412,45.615943],[-122.738202,45.615958],[-122.738647,45.616034],[-122.739044,45.616019],[-122.739604,45.615802],[-122.740027,45.615551],[-122.740415,45.615371],[-122.740657,45.615317],[-122.740847,45.615334],[-122.740938,45.61537],[-122.740981,45.615423],[-122.741029,45.615842],[-122.741077,45.615956],[-122.741337,45.616233],[-122.741447,45.616276],[-122.741731,45.616301],[-122.741991,45.616281],[-122.742311,45.616182],[-122.742482,45.616191],[-122.742849,45.616445],[-122.742974,45.616711],[-122.743072,45.616807],[-122.743521,45.616831],[-122.743685,45.616886],[-122.743924,45.617041],[-122.743935,45.61712],[-122.743895,45.617188],[-122.743434,45.617411],[-122.743347,45.617599],[-122.743221,45.61773],[-122.742914,45.61786],[-122.742112,45.617856],[-122.74154,45.617913],[-122.741159,45.617898],[-122.740252,45.617748],[-122.74,45.617776],[-122.739057,45.618084],[-122.738729,45.618233],[-122.738646,45.618356],[-122.738628,45.618488],[-122.738701,45.618715],[-122.73877,45.618827],[-122.738774,45.618905],[-122.738734,45.618981],[-122.738661,45.619029],[-122.738443,45.619091],[-122.738337,45.619069],[-122.73813,45.618931],[-122.737599,45.618778],[-122.737435,45.618557],[-122.737353,45.61833],[-122.737383,45.618106],[-122.737601,45.617872],[-122.737727,45.617763],[-122.738032,45.617599],[-122.738354,45.617314],[-122.738384,45.617182],[-122.738368,45.61706],[-122.738221,45.616956],[-122.737348,45.61673],[-122.736594,45.616593],[-122.73629,45.616568],[-122.735877,45.616582],[-122.735054,45.616462],[-122.733902,45.616743],[-122.733361,45.616746],[-122.732902,45.616794],[-122.731702,45.617129],[-122.730693,45.617287],[-122.729997,45.617513],[-122.729774,45.617654],[-122.729703,45.617785],[-122.729844,45.618341],[-122.730219,45.619073],[-122.730697,45.61965],[-122.731348,45.620216],[-122.731656,45.620369],[-122.732175,45.620479],[-122.732481,45.620599],[-122.73273,45.620785],[-122.733034,45.621269],[-122.733218,45.621497],[-122.734269,45.622003],[-122.734759,45.622095],[-122.735831,45.622476],[-122.736855,45.622791],[-122.737507,45.622892],[-122.738454,45.622843],[-122.739312,45.622713],[-122.73953,45.622624],[-122.739582,45.622585],[-122.739639,45.622257],[-122.739723,45.622121],[-122.739855,45.622009],[-122.740313,45.621756],[-122.741089,45.621533],[-122.741588,45.621288],[-122.741981,45.620969],[-122.742172,45.620897],[-122.742452,45.620861],[-122.744732,45.620945],[-122.745821,45.621092],[-122.746318,45.621066],[-122.74649,45.621003],[-122.746706,45.620976],[-122.746997,45.621044],[-122.747271,45.621194],[-122.747509,45.621249],[-122.747777,45.621244],[-122.748307,45.621081],[-122.748933,45.620667],[-122.749244,45.62061],[-122.749441,45.620729],[-122.749571,45.620862],[-122.749705,45.62112],[-122.74967,45.621206],[-122.749426,45.621372],[-122.749226,45.621576],[-122.749128,45.62183],[-122.749138,45.622094],[-122.749232,45.62229],[-122.749555,45.622437],[-122.749924,45.62249],[-122.75027,45.622485],[-122.750948,45.622629],[-122.751648,45.622711],[-122.751955,45.62282],[-122.752003,45.622951],[-122.751974,45.623038],[-122.75177,45.623227],[-122.751573,45.623324],[-122.75038,45.623365],[-122.749073,45.623878],[-122.748349,45.623984],[-122.747966,45.624191],[-122.746827,45.624372],[-122.746002,45.624449],[-122.744806,45.624503],[-122.744101,45.624593],[-122.743977,45.624763],[-122.744029,45.624983],[-122.744234,45.625238],[-122.744687,45.62551],[-122.745056,45.625504],[-122.745371,45.625437],[-122.745632,45.625245],[-122.746031,45.625035],[-122.747388,45.624873],[-122.74783,45.624939],[-122.748386,45.624867],[-122.748795,45.624852],[-122.748913,45.624957],[-122.748983,45.625093],[-122.748947,45.625205],[-122.74881,45.625324],[-122.748628,45.625358],[-122.747924,45.625387],[-122.747236,45.625491],[-122.746834,45.625629],[-122.746493,45.625796],[-122.74643,45.625858],[-122.746518,45.625895],[-122.746731,45.625853],[-122.746951,45.625746],[-122.747962,45.625554],[-122.748666,45.625565],[-122.749451,45.625726],[-122.749811,45.625931],[-122.750079,45.626244],[-122.750547,45.627025],[-122.750684,45.627178],[-122.750922,45.627553],[-122.751033,45.627795],[-122.751079,45.62784],[-122.751154,45.627831],[-122.75126,45.627753],[-122.751246,45.627662],[-122.751049,45.627388],[-122.750579,45.626379],[-122.750358,45.62601],[-122.749867,45.625639],[-122.749224,45.625362],[-122.749156,45.625271],[-122.749194,45.625164],[-122.749487,45.624989],[-122.750063,45.624531],[-122.750283,45.624158],[-122.750341,45.624117],[-122.750411,45.624116],[-122.750471,45.624155],[-122.750569,45.62431],[-122.750678,45.624944],[-122.750752,45.625194],[-122.751359,45.626036],[-122.751723,45.626753],[-122.752088,45.627226],[-122.752678,45.627588],[-122.753042,45.627741],[-122.753829,45.628062],[-122.754251,45.628182],[-122.75445,45.628193],[-122.754557,45.628161],[-122.754535,45.626995],[-122.753948,45.624953],[-122.753695,45.623935],[-122.753703,45.623537],[-122.753879,45.623127],[-122.754297,45.622893],[-122.754673,45.622801],[-122.755274,45.622728],[-122.755616,45.622722],[-122.755875,45.622759],[-122.756093,45.622854],[-122.756154,45.622948],[-122.756184,45.623099],[-122.756342,45.623256],[-122.757275,45.623853],[-122.757626,45.623893],[-122.75781,45.623874],[-122.757981,45.623795],[-122.758035,45.623515],[-122.757974,45.623021],[-122.757605,45.622454],[-122.757282,45.622224],[-122.75661,45.621993],[-122.754968,45.621858],[-122.754236,45.621728],[-122.753951,45.62164],[-122.753892,45.621556],[-122.753913,45.621466],[-122.754216,45.621323],[-122.754311,45.621077],[-122.754583,45.620958],[-122.754699,45.620849],[-122.754728,45.620772],[-122.754714,45.620689],[-122.754598,45.620529],[-122.75389,45.620089],[-122.75326,45.619848],[-122.753011,45.619793],[-122.752697,45.619843],[-122.752525,45.619947],[-122.752421,45.620071],[-122.752372,45.620232],[-122.753398,45.620743],[-122.753792,45.620889],[-122.753879,45.620986],[-122.7539,45.621082],[-122.753803,45.621246],[-122.753659,45.621284],[-122.75325,45.621218],[-122.752634,45.621054],[-122.752197,45.620904],[-122.751737,45.620694],[-122.75153,45.62066],[-122.751233,45.620786],[-122.751055,45.620949],[-122.750846,45.620975],[-122.75066,45.620915],[-122.750133,45.620591],[-122.750025,45.62045],[-122.749947,45.620173],[-122.749627,45.619899],[-122.749573,45.619745],[-122.749518,45.61926],[-122.749577,45.619173],[-122.749703,45.619156],[-122.74983,45.619085],[-122.749844,45.618864],[-122.74977,45.618621],[-122.749499,45.618352],[-122.749321,45.61831],[-122.748947,45.618352],[-122.748847,45.618309],[-122.748675,45.618109],[-122.748427,45.617926],[-122.748167,45.617586],[-122.747951,45.617378],[-122.747822,45.617066],[-122.747732,45.616984],[-122.747631,45.61691],[-122.747122,45.616794],[-122.747004,45.616709],[-122.746818,45.616667],[-122.745965,45.616592],[-122.745807,45.616626],[-122.745283,45.616583],[-122.745063,45.616616],[-122.744467,45.616496],[-122.744354,45.616433],[-122.743954,45.616312],[-122.743878,45.61627],[-122.743759,45.616103],[-122.743775,45.615997],[-122.743834,45.615902],[-122.743809,45.615811],[-122.743678,45.615791],[-122.743466,45.615843],[-122.743277,45.615636],[-122.743199,45.615477],[-122.743231,45.615224],[-122.743345,45.615158],[-122.743666,45.615178],[-122.743788,45.615232],[-122.743859,45.615213],[-122.744403,45.615278],[-122.744524,45.615356],[-122.745089,45.615534],[-122.745888,45.615708],[-122.746189,45.615739],[-122.747689,45.616221],[-122.747955,45.616279],[-122.748838,45.616571],[-122.749002,45.616654],[-122.749197,45.616668],[-122.749376,45.616792],[-122.749911,45.617051],[-122.750246,45.617317],[-122.751594,45.617717],[-122.752317,45.618064],[-122.753017,45.618477],[-122.753382,45.618741],[-122.753606,45.618801],[-122.754086,45.619098],[-122.754206,45.619289],[-122.754474,45.619474],[-122.754629,45.619518],[-122.754903,45.619693],[-122.755098,45.619664],[-122.755234,45.619756],[-122.755901,45.62006],[-122.756685,45.620505],[-122.757777,45.620941],[-122.75819,45.621072],[-122.758343,45.621216],[-122.758371,45.621303],[-122.758292,45.62164],[-122.758289,45.62183],[-122.758463,45.622449],[-122.758949,45.623069],[-122.759148,45.623409],[-122.759583,45.624523],[-122.760016,45.625324],[-122.760134,45.625848],[-122.760272,45.627264],[-122.760101,45.628293],[-122.759519,45.629199],[-122.759284,45.62983],[-122.75914,45.630106],[-122.759042,45.630423],[-122.758982,45.630827],[-122.758716,45.631852],[-122.758664,45.632619],[-122.758595,45.632694],[-122.75841,45.632704],[-122.758314,45.632752],[-122.758361,45.632849],[-122.758449,45.632878],[-122.758547,45.632876],[-122.758658,45.632809],[-122.758736,45.632821],[-122.758975,45.633093],[-122.759331,45.633798],[-122.759479,45.633916],[-122.759537,45.634084],[-122.759579,45.634402],[-122.759542,45.634496],[-122.759459,45.634529],[-122.743348,45.634492],[-122.743197,45.63451],[-122.743061,45.634595],[-122.742999,45.634718],[-122.742985,45.635427],[-122.742942,45.635496],[-122.742865,45.635521],[-122.742603,45.635437],[-122.742038,45.634981],[-122.739812,45.633495],[-122.738422,45.632519],[-122.737347,45.63156],[-122.735313,45.630268],[-122.733449,45.629013],[-122.732426,45.628029],[-122.731783,45.627623],[-122.731099,45.627256],[-122.730305,45.6265],[-122.729363,45.625926],[-122.728571,45.62566],[-122.72788,45.625304],[-122.726126,45.624301],[-122.723455,45.623022],[-122.71795,45.619911],[-122.716181,45.619061],[-122.712427,45.617539],[-122.712086,45.617423],[-122.710822,45.617103],[-122.709465,45.616333],[-122.708791,45.616108],[-122.707901,45.615621],[-122.706506,45.615085],[-122.705885,45.614878],[-122.705062,45.614481],[-122.704323,45.614198],[-122.704168,45.614002],[-122.704146,45.613926],[-122.705005,45.612501],[-122.705143,45.612338],[-122.718736,45.601166],[-122.719341,45.600812],[-122.72013,45.601043],[-122.721377,45.601347],[-122.723975,45.601487],[-122.724265,45.601528],[-122.724905,45.601541],[-122.72611,45.601742],[-122.726611,45.601902],[-122.7268,45.602012],[-122.727345,45.602225],[-122.727705,45.602414],[-122.728007,45.602644],[-122.728279,45.602765],[-122.728639,45.602982],[-122.728888,45.603073],[-122.729358,45.60331],[-122.729994,45.603512],[-122.730735,45.60365],[-122.731414,45.603728],[-122.734015,45.603929],[-122.734968,45.604109],[-122.736076,45.604374],[-122.73677,45.604705],[-122.736879,45.604694],[-122.737022,45.604767],[-122.73743,45.605063],[-122.738051,45.60561],[-122.738969,45.606485],[-122.739826,45.607055],[-122.740617,45.607299],[-122.740943,45.607346],[-122.743188,45.607499],[-122.743513,45.60756],[-122.744163,45.607706],[-122.745423,45.608161],[-122.746061,45.608428],[-122.746182,45.60857],[-122.747259,45.609198],[-122.747384,45.609354],[-122.747891,45.609566],[-122.748115,45.609729],[-122.749742,45.610611],[-122.749825,45.610716],[-122.749958,45.610798],[-122.75012,45.610779],[-122.750225,45.610663],[-122.750096,45.610465],[-122.749974,45.610355],[-122.749261,45.609969],[-122.74903,45.609802],[-122.748806,45.609742],[-122.748662,45.609623],[-122.748451,45.609558],[-122.748314,45.609442],[-122.748302,45.609374],[-122.748331,45.60931],[-122.748449,45.609272],[-122.748755,45.609418],[-122.749242,45.609546],[-122.750873,45.609786],[-122.751727,45.609955],[-122.752323,45.61015],[-122.753359,45.61057],[-122.753577,45.610589],[-122.753881,45.610694],[-122.754065,45.610801],[-122.754255,45.610831],[-122.755122,45.611251],[-122.755266,45.61129],[-122.755729,45.611542],[-122.757921,45.612881],[-122.758019,45.612893],[-122.758289,45.613055],[-122.758334,45.613118],[-122.758851,45.61338],[-122.758962,45.61341],[-122.759176,45.613566],[-122.759352,45.613636],[-122.759421,45.613714],[-122.759811,45.613965],[-122.759977,45.614017],[-122.760125,45.614174],[-122.760455,45.614349],[-122.760562,45.614365],[-122.761065,45.614672],[-122.761284,45.614707],[-122.761409,45.614864],[-122.761816,45.615098],[-122.762169,45.615352],[-122.762228,45.615579],[-122.762195,45.615793],[-122.761718,45.616176],[-122.761581,45.61633],[-122.761412,45.616426],[-122.761183,45.616819]]],[[[-122.787282,45.623322],[-122.787298,45.623676],[-122.787204,45.623842],[-122.787111,45.624568],[-122.786825,45.625602],[-122.786801,45.625828],[-122.786813,45.62623],[-122.786734,45.626374],[-122.786638,45.626679],[-122.786496,45.627237],[-122.786502,45.627489],[-122.786264,45.628459],[-122.785924,45.629024],[-122.785792,45.629307],[-122.785635,45.629506],[-122.785544,45.629779],[-122.785362,45.630045],[-122.785213,45.630353],[-122.785054,45.630516],[-122.784868,45.630778],[-122.784843,45.631105],[-122.784742,45.631288],[-122.784469,45.631628],[-122.78415,45.631953],[-122.78375,45.632497],[-122.783401,45.633117],[-122.783224,45.633335],[-122.78249,45.634158],[-122.782092,45.634477],[-122.7601,45.634514],[-122.760046,45.634455],[-122.759941,45.634122],[-122.759807,45.633862],[-122.759795,45.633706],[-122.759722,45.633486],[-122.75924,45.632504],[-122.759152,45.632165],[-122.759169,45.631797],[-122.759242,45.631364],[-122.759485,45.630364],[-122.759608,45.630135],[-122.759722,45.629734],[-122.760004,45.629244],[-122.760136,45.629085],[-122.760558,45.628275],[-122.760743,45.627661],[-122.760669,45.625945],[-122.760535,45.625536],[-122.76049,45.625232],[-122.760423,45.625082],[-122.760427,45.624982],[-122.760268,45.624825],[-122.760191,45.624689],[-122.759565,45.623139],[-122.759079,45.622465],[-122.758957,45.622032],[-122.759011,45.621836],[-122.75919,45.62165],[-122.759403,45.621552],[-122.759624,45.621522],[-122.760194,45.621351],[-122.760247,45.621287],[-122.760332,45.621264],[-122.760543,45.621107],[-122.760731,45.620906],[-122.760849,45.620576],[-122.760877,45.620378],[-122.76096,45.620323],[-122.761144,45.620318],[-122.761174,45.620249],[-122.761178,45.620066],[-122.761025,45.619999],[-122.760928,45.619896],[-122.760815,45.619647],[-122.760631,45.619438],[-122.760561,45.61924],[-122.760447,45.619083],[-122.760344,45.618955],[-122.760065,45.618739],[-122.759871,45.618525],[-122.759797,45.618239],[-122.759807,45.61805],[-122.759949,45.617788],[-122.760122,45.617656],[-122.760253,45.617603],[-122.760847,45.617511],[-122.761091,45.617438],[-122.761312,45.617299],[-122.761545,45.617071],[-122.761938,45.616561],[-122.762241,45.616322],[-122.762534,45.616198],[-122.762788,45.616033],[-122.762837,45.615867],[-122.762882,45.615814],[-122.763167,45.615698],[-122.762968,45.61568],[-122.762908,45.615645],[-122.762876,45.615572],[-122.762887,45.615467],[-122.762841,45.615379],[-122.762613,45.615122],[-122.76215,45.614919],[-122.761655,45.614617],[-122.761536,45.614503],[-122.761389,45.614453],[-122.761281,45.614356],[-122.760875,45.614145],[-122.760798,45.614087],[-122.760766,45.614006],[-122.760416,45.613877],[-122.759282,45.613168],[-122.757689,45.612274],[-122.756471,45.611501],[-122.755507,45.610964],[-122.754963,45.610699],[-122.754728,45.610514],[-122.754476,45.610458],[-122.75433,45.610462],[-122.754186,45.610382],[-122.754159,45.610294],[-122.754202,45.610213],[-122.756111,45.608918],[-122.756207,45.608792],[-122.75619,45.60866],[-122.755309,45.607176],[-122.755309,45.607075],[-122.755365,45.607018],[-122.755957,45.606724],[-122.756017,45.606641],[-122.756015,45.60654],[-122.755969,45.606457],[-122.755803,45.606368],[-122.755758,45.606277],[-122.755809,45.606176],[-122.756014,45.606082],[-122.757149,45.605865],[-122.758324,45.605749],[-122.758867,45.605785],[-122.759968,45.605953],[-122.762587,45.60692],[-122.762975,45.607012],[-122.763955,45.607176],[-122.764706,45.60723],[-122.765824,45.607178],[-122.766198,45.607122],[-122.766349,45.60719],[-122.766502,45.60721],[-122.767991,45.606701],[-122.774988,45.606707],[-122.77998,45.606827],[-122.782297,45.610149],[-122.782428,45.610222],[-122.782467,45.610545],[-122.782411,45.610717],[-122.782265,45.610859],[-122.782144,45.610924],[-122.776086,45.610947],[-122.77585,45.610859],[-122.775653,45.610825],[-122.774839,45.610841],[-122.774721,45.610882],[-122.774599,45.611097],[-122.774693,45.611576],[-122.774774,45.611636],[-122.77501,45.611683],[-122.775605,45.611694],[-122.775905,45.611734],[-122.776122,45.61173],[-122.776257,45.611689],[-122.776427,45.611747],[-122.77656,45.611744],[-122.776828,45.611716],[-122.77698,45.611666],[-122.777404,45.611636],[-122.778219,45.611696],[-122.779611,45.611737],[-122.780351,45.611738],[-122.781084,45.611663],[-122.782838,45.611809],[-122.782977,45.611856],[-122.783145,45.612073],[-122.783724,45.612532],[-122.784081,45.612914],[-122.784173,45.613062],[-122.784221,45.6133],[-122.784474,45.613965],[-122.784706,45.614328],[-122.784945,45.614649],[-122.785112,45.614812],[-122.785386,45.614966],[-122.785577,45.615166],[-122.785822,45.615714],[-122.78607,45.616096],[-122.786118,45.616385],[-122.786313,45.61693],[-122.786307,45.617024],[-122.786244,45.617116],[-122.786259,45.61723],[-122.786399,45.617471],[-122.786652,45.617723],[-122.786757,45.617882],[-122.786779,45.618614],[-122.786998,45.619036],[-122.787072,45.6195],[-122.787103,45.620292],[-122.787176,45.62052],[-122.787166,45.620819],[-122.787127,45.62094],[-122.787166,45.621127],[-122.787147,45.621457],[-122.787194,45.621593],[-122.787201,45.621748],[-122.787086,45.62243],[-122.787106,45.622693],[-122.787294,45.622907],[-122.787344,45.623085],[-122.787282,45.623322]]]]}},{"type":"Feature","properties":{"from":"Beverly Cleary K-8","to":"Beaumont Middle School"},"geometry":{"type":"Polygon","coordinates":[[[-122.636377,45.533583],[-122.636281,45.533653],[-122.636232,45.533784],[-122.636275,45.535027],[-122.63625,45.541768],[-122.636144,45.541831],[-122.630678,45.541821],[-122.630374,45.541887],[-122.630289,45.54195],[-122.630223,45.54255],[-122.630221,45.54553],[-122.630201,45.545596],[-122.630138,45.545644],[-122.629615,45.54581],[-122.628752,45.545812],[-122.628175,45.54614],[-122.627334,45.546079],[-122.626595,45.545792],[-122.626351,45.545727],[-122.626057,45.545702],[-122.625778,45.545719],[-122.625707,45.545659],[-122.625174,45.544628],[-122.624211,45.544555],[-122.623612,45.544353],[-122.622628,45.544439],[-122.622473,45.544423],[-122.622411,45.544375],[-122.62235,45.544239],[-122.622182,45.544105],[-122.621539,45.543713],[-122.619155,45.54303],[-122.618858,45.542421],[-122.618254,45.542004],[-122.617485,45.541713],[-122.61587,45.541288],[-122.615289,45.541341],[-122.615222,45.54132],[-122.615178,45.541265],[-122.615202,45.534133],[-122.615223,45.534067],[-122.615277,45.534023],[-122.622137,45.534068],[-122.623663,45.53404],[-122.624701,45.534271],[-122.624922,45.534268],[-122.631583,45.531574],[-122.634183,45.53056],[-122.634267,45.530597],[-122.634582,45.530987],[-122.634768,45.531037],[-122.635734,45.530799],[-122.636171,45.530739],[-122.636679,45.530929],[-122.636704,45.531005],[-122.636638,45.533458],[-122.636569,45.533552],[-122.636377,45.533583]]]}},{"type":"Feature","properties":{"from":"Harriet Tubman Middle School","to":"Beaumont Middle School"},"geometry":{"type":"Polygon","coordinates":[[[-122.663451,45.535598],[-122.663344,45.535646],[-122.663251,45.535762],[-122.663234,45.536524],[-122.663259,45.536607],[-122.663328,45.536663],[-122.663353,45.536727],[-122.6633,45.536837],[-122.661478,45.536854],[-122.661359,45.536887],[-122.661233,45.536989],[-122.661204,45.537084],[-122.661152,45.54437],[-122.661104,45.544438],[-122.661036,45.544459],[-122.658463,45.544449],[-122.658329,45.544467],[-122.65818,45.544553],[-122.65813,45.544679],[-122.658099,45.547934],[-122.658071,45.548009],[-122.658002,45.54805],[-122.654767,45.548042],[-122.654674,45.547998],[-122.654648,45.547921],[-122.654682,45.546296],[-122.654774,45.546234],[-122.655483,45.54622],[-122.655632,45.546133],[-122.655683,45.546048],[-122.655697,45.545217],[-122.655672,45.545134],[-122.655605,45.545059],[-122.655429,45.544994],[-122.641389,45.544949],[-122.641318,45.544907],[-122.641291,45.544829],[-122.641339,45.542072],[-122.641315,45.541989],[-122.641192,45.541884],[-122.641068,45.541848],[-122.637024,45.541835],[-122.636948,45.541808],[-122.636906,45.541739],[-122.636901,45.53411],[-122.636958,45.534008],[-122.637128,45.533973],[-122.637223,45.53391],[-122.637284,45.533787],[-122.637356,45.530768],[-122.637386,45.530691],[-122.637447,45.530654],[-122.64437,45.530345],[-122.64443,45.53045],[-122.64439,45.535034],[-122.644449,45.535162],[-122.644538,45.535229],[-122.644659,45.535265],[-122.664146,45.535339],[-122.664222,45.535366],[-122.664263,45.535436],[-122.664245,45.535531],[-122.664171,45.535582],[-122.663451,45.535598]]]}},{"type":"Feature","properties":{"from":"Sellwood Middle School","to":"Brentwood Middle School"},"geometry":{"type":"MultiPolygon","coordinates":[[[[-122.642017,45.460771],[-122.641892,45.460783],[-122.641826,45.460688],[-122.641812,45.459938],[-122.641715,45.459049],[-122.641749,45.458964],[-122.641821,45.458929],[-122.641928,45.458932],[-122.641994,45.45898],[-122.642031,45.459121],[-122.642206,45.459321],[-122.642566,45.460047],[-122.64254,45.460134],[-122.642017,45.460771]]],[[[-122.662,45.462816],[-122.662587,45.463194],[-122.662859,45.463493],[-122.663242,45.463819],[-122.663351,45.463967],[-122.663319,45.464085],[-122.663235,45.464119],[-122.641845,45.464094],[-122.641406,45.464062],[-122.64068,45.46391],[-122.640177,45.463897],[-122.639617,45.463938],[-122.639563,45.463892],[-122.639544,45.463824],[-122.639652,45.463617],[-122.63964,45.463564],[-122.63936,45.463044],[-122.639441,45.462828],[-122.639467,45.462547],[-122.639515,45.462416],[-122.639598,45.4623],[-122.639712,45.462214],[-122.640043,45.462093],[-122.640104,45.461952],[-122.640119,45.461817],[-122.64016,45.461762],[-122.640283,45.461726],[-122.641514,45.461723],[-122.641659,45.461696],[-122.641763,45.461634],[-122.641834,45.461521],[-122.641845,45.461229],[-122.642054,45.461041],[-122.642096,45.460891],[-122.642237,45.460628],[-122.642406,45.460481],[-122.642554,45.460453],[-122.64267,45.460367],[-122.642669,45.460027],[-122.642604,45.45972],[-122.642151,45.459092],[-122.642144,45.45901],[-122.642201,45.458937],[-122.643428,45.458904],[-122.646985,45.458937],[-122.647128,45.458913],[-122.647277,45.458825],[-122.647315,45.458678],[-122.646996,45.456062],[-122.647054,45.455944],[-122.652274,45.455613],[-122.652351,45.455644],[-122.652389,45.455718],[-122.65271,45.458343],[-122.652779,45.458464],[-122.652967,45.458558],[-122.653097,45.458571],[-122.653322,45.458534],[-122.659531,45.458144],[-122.659616,45.45817],[-122.659766,45.458427],[-122.659899,45.458819],[-122.660179,45.459208],[-122.660192,45.459474],[-122.660238,45.459578],[-122.660303,45.460165],[-122.660448,45.460547],[-122.660932,45.461396],[-122.66121,45.461497],[-122.661287,45.461563],[-122.661841,45.462649],[-122.662,45.462816]]],[[[-122.623895,45.461697],[-122.62396,45.461745],[-122.623979,45.461823],[-122.623945,45.461896],[-122.623841,45.461975],[-122.623843,45.462059],[-122.623897,45.462102],[-122.623918,45.462169],[-122.623891,45.462246],[-122.623833,45.462285],[-122.623161,45.462376],[-122.6225,45.462366],[-122.621616,45.462496],[-122.620652,45.462583],[-122.620547,45.462623],[-122.620496,45.462732],[-122.620417,45.46278],[-122.619768,45.462957],[-122.618763,45.462645],[-122.618132,45.46234],[-122.61795,45.462322],[-122.617825,45.462231],[-122.617006,45.461938],[-122.616938,45.461833],[-122.616971,45.461746],[-122.617057,45.461709],[-122.623895,45.461697]]],[[[-122.619399,45.462928],[-122.619462,45.463008],[-122.619441,45.463107],[-122.619216,45.46328],[-122.619093,45.463495],[-122.618881,45.463637],[-122.618617,45.463775],[-122.618411,45.463843],[-122.618173,45.463825],[-122.618028,45.463706],[-122.617999,45.463486],[-122.618082,45.462775],[-122.618048,45.462583],[-122.618109,45.462488],[-122.618219,45.462479],[-122.618803,45.462737],[-122.619399,45.462928]]],[[[-122.640005,45.461884],[-122.639912,45.462075],[-122.639751,45.462098],[-122.639623,45.462162],[-122.639518,45.462247],[-122.639427,45.462391],[-122.639391,45.462545],[-122.639337,45.462632],[-122.639337,45.462774],[-122.639234,45.463106],[-122.639269,45.463182],[-122.639439,45.463345],[-122.639548,45.463602],[-122.639374,45.463838],[-122.639275,45.463924],[-122.639165,45.463964],[-122.638843,45.46397],[-122.638219,45.463729],[-122.637627,45.463267],[-122.637195,45.463045],[-122.636649,45.462949],[-122.635371,45.46295],[-122.635277,45.463043],[-122.635239,45.463204],[-122.635252,45.463608],[-122.635222,45.463943],[-122.635356,45.464078],[-122.635525,45.464171],[-122.635571,45.464343],[-122.635526,45.464464],[-122.635377,45.464555],[-122.634758,45.464612],[-122.634432,45.464597],[-122.632674,45.464174],[-122.632325,45.46415],[-122.631951,45.464225],[-122.631734,45.464306],[-122.631174,45.464719],[-122.630738,45.464956],[-122.630373,45.465046],[-122.629879,45.465087],[-122.628998,45.464937],[-122.628561,45.464677],[-122.62808,45.464556],[-122.627568,45.464352],[-122.627517,45.464301],[-122.627494,45.464174],[-122.627426,45.464083],[-122.627025,45.463829],[-122.626544,45.463781],[-122.626306,45.463712],[-122.626051,45.46348],[-122.62594,45.463176],[-122.625769,45.462907],[-122.625476,45.462585],[-122.62523,45.462369],[-122.62502,45.462235],[-122.624878,45.462208],[-122.624142,45.462243],[-122.624068,45.462159],[-122.624072,45.46209],[-122.624123,45.462011],[-122.624051,45.461876],[-122.624092,45.461783],[-122.624178,45.461754],[-122.624334,45.461801],[-122.624488,45.46191],[-122.624497,45.461757],[-122.624603,45.461693],[-122.639892,45.461725],[-122.63996,45.461746],[-122.640008,45.461813],[-122.640005,45.461884]]],[[[-122.638239,45.463835],[-122.638283,45.463951],[-122.638202,45.464043],[-122.63721,45.464067],[-122.637079,45.464102],[-122.636955,45.464201],[-122.636925,45.464285],[-122.63836,45.470606],[-122.638609,45.471843],[-122.639147,45.473989],[-122.639102,45.474056],[-122.639037,45.47408],[-122.63769,45.474149],[-122.635822,45.474153],[-122.6354,45.474214],[-122.634907,45.474337],[-122.63466,45.474433],[-122.634423,45.474568],[-122.634255,45.474708],[-122.634182,45.474786],[-122.634121,45.475221],[-122.634158,45.475358],[-122.634351,45.475666],[-122.63448,45.475942],[-122.634507,45.476405],[-122.634487,45.476681],[-122.634353,45.476985],[-122.633884,45.477428],[-122.63374,45.477652],[-122.633758,45.477857],[-122.633919,45.478121],[-122.634333,45.4784],[-122.63434,45.478504],[-122.634251,45.478606],[-122.633108,45.478807],[-122.632427,45.479032],[-122.632249,45.479029],[-122.631387,45.478885],[-122.630926,45.478893],[-122.630088,45.478986],[-122.628929,45.478946],[-122.627624,45.479129],[-122.626618,45.478989],[-122.609203,45.478948],[-122.609098,45.478885],[-122.60908,45.475952],[-122.610303,45.472518],[-122.61041,45.47182],[-122.610442,45.46187],[-122.610505,45.461765],[-122.616186,45.461719],[-122.616348,45.461832],[-122.616549,45.461854],[-122.617309,45.46213],[-122.617834,45.462411],[-122.617974,45.462785],[-122.61788,45.463503],[-122.617899,45.463739],[-122.617956,45.463837],[-122.618023,45.463874],[-122.618391,45.463958],[-122.619022,45.463634],[-122.61918,45.463517],[-122.619259,45.463347],[-122.619383,45.463228],[-122.619632,45.463083],[-122.619872,45.462993],[-122.62206,45.462496],[-122.62314,45.462461],[-122.623458,45.462409],[-122.624909,45.462326],[-122.625099,45.462448],[-122.625558,45.462907],[-122.625758,45.463171],[-122.62591,45.46353],[-122.626124,45.463754],[-122.62664,45.463842],[-122.627064,45.463996],[-122.627195,45.4641],[-122.627193,45.464264],[-122.627228,45.464343],[-122.627306,45.464403],[-122.627818,45.464591],[-122.628399,45.464716],[-122.628643,45.464808],[-122.628794,45.464885],[-122.628842,45.464946],[-122.628973,45.464997],[-122.629302,45.46509],[-122.629835,45.465171],[-122.6303,45.465148],[-122.630602,45.465089],[-122.630994,45.464915],[-122.632005,45.464321],[-122.632317,45.464249],[-122.632638,45.464261],[-122.634381,45.464713],[-122.635139,45.464676],[-122.635397,45.464618],[-122.635579,45.464514],[-122.635629,45.464439],[-122.635636,45.464355],[-122.635607,45.464134],[-122.635344,45.464016],[-122.635293,45.463929],[-122.635367,45.463453],[-122.63535,45.463137],[-122.635395,45.463071],[-122.635483,45.463041],[-122.635593,45.463034],[-122.635678,45.463066],[-122.636079,45.463036],[-122.63648,45.463051],[-122.637215,45.463174],[-122.637593,45.463321],[-122.637729,45.463454],[-122.637834,45.463495],[-122.63812,45.463782],[-122.638239,45.463835]]]]}},{"type":"Feature","properties":{"from":"C\u00e9sar Ch\u00e1vez K-8","to":"George Middle School"},"geometry":{"type":"Polygon","coordinates":[[[-122.728374,45.586547],[-122.729465,45.58509],[-122.729566,45.585042],[-122.73014,45.585068],[-122.731957,45.585722],[-122.734868,45.586406],[-122.734935,45.586449],[-122.73496,45.586525],[-122.734916,45.586616],[-122.71882,45.599827],[-122.718736,45.599829],[-122.718502,45.59972],[-122.717799,45.599329],[-122.717357,45.599044],[-122.715591,45.597772],[-122.715102,45.597469],[-122.712906,45.596328],[-122.712459,45.596143],[-122.71241,45.596094],[-122.712398,45.596016],[-122.712512,45.595385],[-122.712662,45.594968],[-122.712837,45.594816],[-122.713456,45.594419],[-122.713983,45.594235],[-122.715126,45.594097],[-122.715304,45.594088],[-122.71598,45.594195],[-122.716737,45.594104],[-122.716782,45.593829],[-122.71691,45.593506],[-122.71691,45.593013],[-122.716938,45.592936],[-122.717045,45.592894],[-122.717139,45.592938],[-122.717467,45.592993],[-122.717998,45.592655],[-122.718045,45.589027],[-122.71812,45.588929],[-122.718296,45.588922],[-122.718414,45.588882],[-122.71853,45.58878],[-122.718559,45.588688],[-122.718516,45.586614],[-122.71855,45.584438],[-122.718613,45.584334],[-122.721108,45.584274],[-122.721771,45.584472],[-122.725132,45.585699],[-122.7252,45.585761],[-122.7252,45.585863],[-122.724807,45.586414],[-122.72479,45.586548],[-122.724815,45.586639],[-122.724994,45.586765],[-122.726164,45.586765],[-122.726483,45.586683],[-122.728085,45.586667],[-122.728225,45.586642],[-122.728374,45.586547]]]}},{"type":"Feature","properties":{"from":"Ockley Green Middle School","to":"George Middle School"},"geometry":{"type":"Polygon","coordinates":[[[-122.702946,45.577084],[-122.702943,45.573895],[-122.702964,45.573828],[-122.703018,45.573784],[-122.70311,45.573784],[-122.703433,45.573959],[-122.703929,45.574163],[-122.705552,45.574657],[-122.707345,45.575108],[-122.707417,45.57516],[-122.707403,45.583704],[-122.707368,45.583777],[-122.707283,45.583812],[-122.702172,45.583798],[-122.70205,45.583831],[-122.701924,45.583933],[-122.701894,45.584028],[-122.701798,45.594023],[-122.701771,45.594098],[-122.701704,45.594139],[-122.701326,45.594079],[-122.700406,45.593833],[-122.69867,45.593306],[-122.696369,45.592387],[-122.695523,45.591967],[-122.695314,45.591936],[-122.695226,45.591858],[-122.695093,45.5918],[-122.694775,45.59181],[-122.693244,45.591392],[-122.69296,45.591279],[-122.692711,45.591083],[-122.692444,45.591069],[-122.692298,45.591008],[-122.692141,45.591007],[-122.691796,45.590922],[-122.691295,45.590668],[-122.691077,45.590626],[-122.69062,45.590461],[-122.690525,45.590401],[-122.690346,45.590388],[-122.690262,45.590344],[-122.690227,45.590277],[-122.689853,45.590191],[-122.689546,45.590039],[-122.689326,45.590034],[-122.689021,45.58992],[-122.688964,45.589867],[-122.688644,45.589829],[-122.688445,45.58964],[-122.688352,45.589678],[-122.68813,45.589623],[-122.687924,45.589642],[-122.68763,45.58961],[-122.687212,45.589481],[-122.686998,45.58946],[-122.685634,45.589159],[-122.684549,45.588789],[-122.68408,45.58851],[-122.683532,45.588249],[-122.683226,45.588163],[-122.682249,45.58802],[-122.681526,45.587989],[-122.681087,45.588039],[-122.681032,45.587981],[-122.679018,45.583509],[-122.678816,45.582462],[-122.678717,45.581177],[-122.678757,45.577577],[-122.678783,45.577503],[-122.678851,45.577462],[-122.681905,45.577372],[-122.702639,45.57738],[-122.702813,45.577308],[-122.702946,45.577084]]]}},{"type":"Feature","properties":{"from":"Jackson Middle School","to":"Gray Middle School"},"geometry":{"type":"Polygon","coordinates":[[[-122.743513,45.475781],[-122.743417,45.475907],[-122.743397,45.47615],[-122.743291,45.476212],[-122.70823,45.475868],[-122.708169,45.475835],[-122.708134,45.475764],[-122.708109,45.474507],[-122.708142,45.473328],[-122.708119,45.470307],[-122.708142,45.470127],[-122.708254,45.469897],[-122.708371,45.469768],[-122.709385,45.469039],[-122.709445,45.468908],[-122.70942,45.468817],[-122.709297,45.468713],[-122.709023,45.468627],[-122.707871,45.468599],[-122.707393,45.468193],[-122.707238,45.468113],[-122.706976,45.468049],[-122.700474,45.468063],[-122.700415,45.468024],[-122.700389,45.467959],[-122.700404,45.466715],[-122.700362,45.466464],[-122.700269,45.466296],[-122.700145,45.466161],[-122.699837,45.466014],[-122.699557,45.465975],[-122.698235,45.46596],[-122.69816,45.46591],[-122.698141,45.465821],[-122.6982,45.465738],[-122.699153,45.465198],[-122.699629,45.464971],[-122.700561,45.464398],[-122.702917,45.463058],[-122.70525,45.461656],[-122.707412,45.460437],[-122.707497,45.460467],[-122.707535,45.460537],[-122.707559,45.461716],[-122.707583,45.461799],[-122.707652,45.461877],[-122.707882,45.461941],[-122.722865,45.462103],[-122.722922,45.462142],[-122.722949,45.462218],[-122.722942,45.465484],[-122.722967,45.465567],[-122.723035,45.465642],[-122.723211,45.465707],[-122.723661,45.465645],[-122.725614,45.465645],[-122.725883,45.465594],[-122.72614,45.465498],[-122.726792,45.464967],[-122.726937,45.464773],[-122.726975,45.464669],[-122.726969,45.464483],[-122.726899,45.464296],[-122.7266,45.46377],[-122.72665,45.463655],[-122.726813,45.463602],[-122.728076,45.464018],[-122.728557,45.464209],[-122.729107,45.464653],[-122.72931,45.464781],[-122.729879,45.464922],[-122.730301,45.464906],[-122.731288,45.464628],[-122.731705,45.464584],[-122.735381,45.465432],[-122.735835,45.465416],[-122.736974,45.465167],[-122.737187,45.465162],[-122.743353,45.465844],[-122.743421,45.465886],[-122.743448,45.465961],[-122.743422,45.47547],[-122.743448,45.475564],[-122.743543,45.47566],[-122.743513,45.475781]]]}},{"type":"Feature","properties":{"from":"West Sylvan Middle School","to":"Gray Middle School"},"geometry":{"type":"Polygon","coordinates":[[[-122.743045,45.493645],[-122.743124,45.493695],[-122.743145,45.493774],[-122.742971,45.494362],[-122.742749,45.494861],[-122.742467,45.495291],[-122.742062,45.495755],[-122.741579,45.496214],[-122.740962,45.496687],[-122.740167,45.497098],[-122.739963,45.497232],[-122.739681,45.497527],[-122.739527,45.497774],[-122.739521,45.498158],[-122.739581,45.49836],[-122.739778,45.498753],[-122.739813,45.499057],[-122.739909,45.499334],[-122.740137,45.499622],[-122.74032,45.499791],[-122.740416,45.499946],[-122.740907,45.500994],[-122.740911,45.501181],[-122.740778,45.501499],[-122.740194,45.502159],[-122.740011,45.502305],[-122.739734,45.502421],[-122.739059,45.502607],[-122.738977,45.5026],[-122.738925,45.502554],[-122.738896,45.502429],[-122.738618,45.501985],[-122.738683,45.501843],[-122.738956,45.501703],[-122.739048,45.501546],[-122.739066,45.493299],[-122.739164,45.493226],[-122.740433,45.493214],[-122.743045,45.493645]]]}},{"type":"Feature","properties":{"from":"Vernon K-8","to":"Harriet Tubman Middle School"},"geometry":{"type":"Polygon","coordinates":[[[-122.654826,45.562961],[-122.655143,45.562985],[-122.655575,45.563215],[-122.655626,45.563292],[-122.655601,45.565988],[-122.655537,45.566093],[-122.649797,45.566044],[-122.649671,45.566076],[-122.649587,45.566146],[-122.649487,45.566407],[-122.649476,45.568094],[-122.649412,45.568199],[-122.646436,45.568225],[-122.64621,45.56829],[-122.646137,45.568367],[-122.646004,45.568834],[-122.645928,45.568904],[-122.643747,45.568917],[-122.643671,45.56889],[-122.643629,45.568821],[-122.643624,45.568234],[-122.6436,45.568143],[-122.643477,45.568036],[-122.643299,45.568001],[-122.641609,45.568004],[-122.641516,45.56796],[-122.641489,45.567884],[-122.641493,45.566274],[-122.641468,45.566183],[-122.641345,45.566079],[-122.641221,45.566043],[-122.638545,45.566051],[-122.638459,45.566015],[-122.638284,45.565582],[-122.638284,45.562668],[-122.638182,45.562548],[-122.638028,45.56249],[-122.629486,45.562512],[-122.620914,45.562588],[-122.614423,45.562562],[-122.614361,45.562528],[-122.614327,45.562454],[-122.614364,45.561003],[-122.614411,45.560941],[-122.61495,45.560571],[-122.615011,45.56044],[-122.615025,45.559284],[-122.614963,45.559051],[-122.615008,45.555673],[-122.615057,45.555505],[-122.615082,45.554094],[-122.615124,45.554026],[-122.615199,45.553999],[-122.620126,45.554005],[-122.621082,45.553951],[-122.630076,45.553926],[-122.63015,45.55396],[-122.630184,45.554034],[-122.630184,45.555449],[-122.630319,45.555592],[-122.630505,45.555634],[-122.642266,45.555674],[-122.642357,45.555753],[-122.642421,45.556219],[-122.64241,45.557744],[-122.642456,45.557827],[-122.642545,45.557887],[-122.642734,45.557929],[-122.649681,45.557951],[-122.650144,45.558182],[-122.650208,45.558289],[-122.650186,45.560045],[-122.65091,45.560245],[-122.651795,45.560271],[-122.652146,45.560631],[-122.652138,45.561827],[-122.652185,45.561951],[-122.65233,45.56204],[-122.652463,45.562053],[-122.654504,45.562068],[-122.654575,45.562155],[-122.654648,45.562842],[-122.654826,45.562961]]]}},{"type":"Feature","properties":{"from":"Brentwood Middle School","to":"Harrison Park Middle School"},"geometry":{"type":"MultiPolygon","coordinates":[[[[-122.578779,45.463543],[-122.578747,45.463614],[-122.578318,45.46405],[-122.578161,45.464306],[-122.577927,45.464581],[-122.577634,45.464853],[-122.577317,45.465073],[-122.576962,45.465203],[-122.576586,45.465297],[-122.574722,45.46568],[-122.573904,45.465916],[-122.573776,45.465979],[-122.573745,45.466026],[-122.573827,45.46631],[-122.573797,45.466472],[-122.57372,45.466597],[-122.57361,45.466685],[-122.573238,45.466875],[-122.572716,45.467101],[-122.572239,45.467156],[-122.57178,45.46696],[-122.571554,45.466934],[-122.570775,45.467214],[-122.569392,45.467824],[-122.568457,45.467927],[-122.567406,45.468543],[-122.566983,45.468586],[-122.565197,45.468565],[-122.564957,45.468593],[-122.564767,45.468679],[-122.564627,45.468782],[-122.564526,45.468989],[-122.564423,45.469479],[-122.56435,45.470241],[-122.56419,45.470863],[-122.563683,45.471234],[-122.563453,45.471584],[-122.563275,45.471763],[-122.563004,45.472264],[-122.562435,45.472868],[-122.5623,45.473133],[-122.562087,45.473411],[-122.561877,45.473576],[-122.561628,45.473713],[-122.561333,45.473803],[-122.560819,45.473927],[-122.560142,45.473992],[-122.559757,45.474121],[-122.55955,45.474451],[-122.559276,45.474754],[-122.558906,45.474999],[-122.558813,45.475082],[-122.558742,45.475205],[-122.558582,45.475273],[-122.558269,45.475237],[-122.558103,45.475255],[-122.557448,45.475404],[-122.557066,45.475326],[-122.556404,45.47511],[-122.556193,45.475112],[-122.556121,45.475054],[-122.556125,45.471793],[-122.556067,45.471664],[-122.555831,45.47156],[-122.55578,45.471449],[-122.555823,45.471368],[-122.555971,45.471322],[-122.556064,45.471261],[-122.556116,45.471176],[-122.556147,45.47029],[-122.55621,45.470243],[-122.556494,45.470194],[-122.55663,45.470047],[-122.556625,45.469559],[-122.5566,45.469475],[-122.556466,45.469347],[-122.556451,45.469256],[-122.556495,45.469189],[-122.556632,45.469132],[-122.556703,45.469057],[-122.556752,45.468885],[-122.556891,45.468777],[-122.556932,45.468697],[-122.556893,45.468004],[-122.556809,45.468033],[-122.556648,45.467988],[-122.556215,45.467991],[-122.556138,45.467922],[-122.556134,45.467793],[-122.556173,45.467735],[-122.556237,45.467709],[-122.556801,45.46771],[-122.5569,45.467785],[-122.556933,45.467897],[-122.556918,45.467973],[-122.557002,45.467944],[-122.557222,45.467986],[-122.55749,45.467981],[-122.557679,45.467938],[-122.55776,45.467877],[-122.557799,45.467763],[-122.557863,45.467714],[-122.558427,45.467705],[-122.558587,45.467641],[-122.55866,45.467564],[-122.55869,45.46748],[-122.558692,45.465875],[-122.558731,45.465817],[-122.558806,45.465789],[-122.559286,45.465868],[-122.559457,45.465812],[-122.559542,45.465734],[-122.559571,45.465639],[-122.559591,45.464635],[-122.559531,45.464505],[-122.559389,45.464425],[-122.559258,45.464405],[-122.553601,45.464424],[-122.553537,45.464319],[-122.553521,45.461421],[-122.553584,45.461314],[-122.558301,45.461306],[-122.568655,45.461607],[-122.578674,45.461757],[-122.578746,45.461792],[-122.57878,45.461865],[-122.578779,45.463543]]],[[[-122.578578,45.463821],[-122.578707,45.463799],[-122.578779,45.463909],[-122.57877,45.471948],[-122.578727,45.472018],[-122.578661,45.472044],[-122.576975,45.472004],[-122.576757,45.472102],[-122.576698,45.47223],[-122.576734,45.472349],[-122.576726,45.475513],[-122.576624,45.475586],[-122.575553,45.475551],[-122.575317,45.475616],[-122.575223,45.475732],[-122.575088,45.479408],[-122.575134,45.479491],[-122.575278,45.47958],[-122.575514,45.4796],[-122.575588,45.479659],[-122.575587,45.480286],[-122.575492,45.480379],[-122.574817,45.480373],[-122.574699,45.480406],[-122.574614,45.480468],[-122.574554,45.480599],[-122.574536,45.48117],[-122.574473,45.481251],[-122.574392,45.48126],[-122.573406,45.481031],[-122.568743,45.479622],[-122.562699,45.477972],[-122.560381,45.477174],[-122.558747,45.477187],[-122.558658,45.477113],[-122.558626,45.476893],[-122.558482,45.476788],[-122.555994,45.476305],[-122.555911,45.476244],[-122.5559,45.475613],[-122.556043,45.475491],[-122.556104,45.475383],[-122.556118,45.475267],[-122.556177,45.475213],[-122.556546,45.475213],[-122.556763,45.47527],[-122.557058,45.475426],[-122.557273,45.47545],[-122.557419,45.475504],[-122.558167,45.475345],[-122.558627,45.475329],[-122.559472,45.474697],[-122.559692,45.474472],[-122.559824,45.47422],[-122.559915,45.474128],[-122.560216,45.474043],[-122.560764,45.47401],[-122.561494,45.473829],[-122.561895,45.473664],[-122.562226,45.473428],[-122.562335,45.473226],[-122.562433,45.473135],[-122.56253,45.472866],[-122.56312,45.472299],[-122.563324,45.471893],[-122.563449,45.471783],[-122.563763,45.471275],[-122.56438,45.47079],[-122.564409,45.470739],[-122.564469,45.470522],[-122.564453,45.470289],[-122.564555,45.469873],[-122.564619,45.469155],[-122.564741,45.46889],[-122.564885,45.468752],[-122.565071,45.468664],[-122.5653,45.46864],[-122.566924,45.468694],[-122.567314,45.468672],[-122.567598,45.468584],[-122.568557,45.468025],[-122.568776,45.467968],[-122.569082,45.46797],[-122.569525,45.467855],[-122.571552,45.467042],[-122.571777,45.467014],[-122.572167,45.467204],[-122.572309,45.467225],[-122.572548,45.467206],[-122.572904,45.467092],[-122.573106,45.467012],[-122.573789,45.46664],[-122.573871,45.466549],[-122.573931,45.466376],[-122.573927,45.466269],[-122.573856,45.466096],[-122.573872,45.46603],[-122.57393,45.46598],[-122.574501,45.465785],[-122.57507,45.465635],[-122.576643,45.465334],[-122.577016,45.465241],[-122.577356,45.465105],[-122.577885,45.464706],[-122.578089,45.464479],[-122.578578,45.463821]]]]}},{"type":"Feature","properties":{"from":"Bridger Creative Science K-8","to":"Harrison Park Middle School"},"geometry":{"type":"Polygon","coordinates":[[[-122.592256,45.507013],[-122.592171,45.507075],[-122.59212,45.50716],[-122.5921,45.507624],[-122.591897,45.508147],[-122.591516,45.508512],[-122.590856,45.50954],[-122.590486,45.51006],[-122.590332,45.510356],[-122.590225,45.510726],[-122.590091,45.511557],[-122.590133,45.51186],[-122.590346,45.512696],[-122.590321,45.513219],[-122.590362,45.513477],[-122.590544,45.514005],[-122.59079,45.514585],[-122.591039,45.514935],[-122.591267,45.515193],[-122.591697,45.515528],[-122.59174,45.515596],[-122.591809,45.516144],[-122.591809,45.518889],[-122.591774,45.518973],[-122.591689,45.519008],[-122.579508,45.518923],[-122.579424,45.518887],[-122.579261,45.518392],[-122.578999,45.513535],[-122.578937,45.511708],[-122.578947,45.50563],[-122.579111,45.505201],[-122.579211,45.505172],[-122.581632,45.50559],[-122.582492,45.505644],[-122.593215,45.505621],[-122.593292,45.505649],[-122.593335,45.505742],[-122.593329,45.506859],[-122.593301,45.506935],[-122.593221,45.506978],[-122.592377,45.50698],[-122.592256,45.507013]]]}},{"type":"Feature","properties":{"from":"Kellogg Middle School","to":"Harrison Park Middle School"},"geometry":{"type":"Polygon","coordinates":[[[-122.573953,45.482073],[-122.573817,45.482223],[-122.573787,45.483571],[-122.573798,45.485812],[-122.573715,45.489811],[-122.573693,45.489877],[-122.573626,45.489924],[-122.566614,45.489789],[-122.558338,45.48958],[-122.556167,45.489575],[-122.556094,45.48954],[-122.556061,45.48948],[-122.55603,45.488996],[-122.555962,45.488921],[-122.555855,45.488878],[-122.555461,45.488855],[-122.555327,45.488742],[-122.555163,45.488684],[-122.553597,45.488633],[-122.553497,45.488548],[-122.553502,45.48834],[-122.553615,45.488264],[-122.558353,45.48823],[-122.558538,45.488166],[-122.558632,45.48805],[-122.558641,45.487986],[-122.558605,45.483687],[-122.55858,45.483592],[-122.558512,45.483517],[-122.558272,45.483453],[-122.55362,45.483597],[-122.553533,45.483563],[-122.553496,45.483478],[-122.553491,45.48277],[-122.5534,45.482649],[-122.55319,45.482546],[-122.55315,45.482464],[-122.553168,45.481892],[-122.55323,45.481773],[-122.553263,45.478694],[-122.553283,45.478628],[-122.553348,45.47858],[-122.558315,45.47859],[-122.558487,45.478549],[-122.558582,45.478487],[-122.558634,45.478402],[-122.558641,45.477752],[-122.558702,45.47766],[-122.560201,45.477621],[-122.562462,45.478403],[-122.568496,45.480046],[-122.573183,45.481469],[-122.574426,45.481756],[-122.574507,45.481819],[-122.574512,45.481951],[-122.574445,45.482025],[-122.574071,45.48204],[-122.573953,45.482073]]]}},{"type":"Feature","properties":{"from":"Sellwood Middle School","to":"Hosford Middle School"},"geometry":{"type":"MultiPolygon","coordinates":[[[[-122.664827,45.470731],[-122.664808,45.471137],[-122.664729,45.471664],[-122.664508,45.471993],[-122.663806,45.472844],[-122.663571,45.473254],[-122.66352,45.473452],[-122.66331,45.473946],[-122.663178,45.474103],[-122.662857,45.474288],[-122.662036,45.474668],[-122.661449,45.474897],[-122.661278,45.474934],[-122.661088,45.47503],[-122.660691,45.475119],[-122.660574,45.47519],[-122.660483,45.475315],[-122.660404,45.475364],[-122.66007,45.475445],[-122.659273,45.475864],[-122.65856,45.476415],[-122.658356,45.476689],[-122.65781,45.47701],[-122.657507,45.477289],[-122.657279,45.477589],[-122.657213,45.477759],[-122.656963,45.477966],[-122.656778,45.478232],[-122.656652,45.478338],[-122.656408,45.478759],[-122.656278,45.479154],[-122.656079,45.479588],[-122.655929,45.479844],[-122.655677,45.480152],[-122.655485,45.480946],[-122.655212,45.481426],[-122.655153,45.481628],[-122.65506,45.481711],[-122.654954,45.48193],[-122.654801,45.482067],[-122.654721,45.482242],[-122.654363,45.482555],[-122.653913,45.483303],[-122.653884,45.483455],[-122.653784,45.483633],[-122.653695,45.483899],[-122.653486,45.484119],[-122.653272,45.484504],[-122.653277,45.4847],[-122.653089,45.485452],[-122.653117,45.486082],[-122.653042,45.486284],[-122.652962,45.486781],[-122.652993,45.487047],[-122.653053,45.487193],[-122.653025,45.487626],[-122.653087,45.487853],[-122.653206,45.488042],[-122.653219,45.488174],[-122.653131,45.488246],[-122.652074,45.488441],[-122.651472,45.487875],[-122.650589,45.487161],[-122.64964,45.486653],[-122.648539,45.486155],[-122.645731,45.484784],[-122.644727,45.484188],[-122.644342,45.483887],[-122.6437,45.48319],[-122.642842,45.481832],[-122.642615,45.481384],[-122.642262,45.480507],[-122.642079,45.479954],[-122.640727,45.474154],[-122.640649,45.474071],[-122.640462,45.474006],[-122.639916,45.474032],[-122.639853,45.474003],[-122.639817,45.473943],[-122.639256,45.471762],[-122.637672,45.464615],[-122.637709,45.464556],[-122.637773,45.464527],[-122.63882,45.464494],[-122.640207,45.464354],[-122.64058,45.464363],[-122.641195,45.464495],[-122.641846,45.464552],[-122.663813,45.464575],[-122.663882,45.464617],[-122.664052,45.464891],[-122.664064,45.465096],[-122.664192,45.465565],[-122.66422,45.465815],[-122.664377,45.466269],[-122.664458,45.466341],[-122.664504,45.466487],[-122.664603,45.467454],[-122.664804,45.467943],[-122.664806,45.468082],[-122.66463,45.468544],[-122.664614,45.468691],[-122.664671,45.469096],[-122.664837,45.469491],[-122.664829,45.469658],[-122.664741,45.46984],[-122.664755,45.470213],[-122.664827,45.470731]]],[[[-122.660594,45.477775],[-122.660682,45.477842],[-122.66068,45.477956],[-122.660393,45.478301],[-122.660349,45.478415],[-122.660049,45.478721],[-122.65997,45.478936],[-122.659996,45.479098],[-122.659957,45.47921],[-122.659646,45.479566],[-122.658918,45.480166],[-122.658022,45.480636],[-122.657379,45.481042],[-122.656991,45.481343],[-122.656911,45.481359],[-122.656839,45.481318],[-122.656815,45.481206],[-122.656932,45.48102],[-122.656979,45.480812],[-122.657368,45.480063],[-122.657862,45.479291],[-122.658235,45.47887],[-122.658455,45.47872],[-122.65856,45.478561],[-122.658834,45.478379],[-122.65957,45.478064],[-122.660094,45.477936],[-122.660453,45.477781],[-122.660594,45.477775]]],[[[-122.667502,45.485396],[-122.667469,45.48546],[-122.667406,45.485494],[-122.666944,45.485583],[-122.666849,45.485549],[-122.666816,45.48549],[-122.666796,45.485301],[-122.666698,45.485165],[-122.666674,45.484922],[-122.666456,45.484591],[-122.66629,45.48448],[-122.666229,45.48429],[-122.666163,45.484203],[-122.666031,45.484108],[-122.665956,45.48393],[-122.665843,45.48378],[-122.665783,45.483592],[-122.66559,45.483388],[-122.665475,45.483322],[-122.66541,45.483201],[-122.665177,45.483177],[-122.665046,45.483112],[-122.664661,45.482817],[-122.664557,45.482683],[-122.664104,45.482322],[-122.663944,45.481917],[-122.663729,45.481619],[-122.663384,45.481335],[-122.663205,45.481245],[-122.662945,45.48125],[-122.662785,45.481322],[-122.662692,45.481471],[-122.662551,45.481492],[-122.662417,45.481443],[-122.662331,45.481353],[-122.6622,45.481301],[-122.661957,45.481125],[-122.661878,45.48111],[-122.661471,45.481248],[-122.661344,45.481363],[-122.661132,45.481452],[-122.660707,45.481719],[-122.660656,45.481804],[-122.660672,45.481884],[-122.660637,45.481959],[-122.660408,45.482129],[-122.660273,45.482313],[-122.660104,45.482424],[-122.659887,45.482644],[-122.659693,45.482767],[-122.659599,45.482897],[-122.659378,45.48304],[-122.659294,45.483133],[-122.659278,45.483286],[-122.659469,45.483472],[-122.659582,45.483514],[-122.659617,45.483599],[-122.659442,45.483953],[-122.659277,45.484482],[-122.659267,45.484841],[-122.659204,45.485109],[-122.659109,45.485255],[-122.658989,45.485547],[-122.658994,45.485727],[-122.65911,45.485789],[-122.65915,45.485859],[-122.659093,45.486033],[-122.659261,45.486136],[-122.659355,45.486417],[-122.659269,45.486858],[-122.659179,45.487066],[-122.655059,45.487872],[-122.654992,45.487851],[-122.654948,45.487795],[-122.654682,45.486949],[-122.654719,45.486204],[-122.65478,45.485812],[-122.655096,45.484723],[-122.655204,45.484463],[-122.655884,45.483556],[-122.656405,45.483053],[-122.65738,45.482026],[-122.657971,45.481595],[-122.658241,45.481278],[-122.659016,45.480824],[-122.65939,45.480632],[-122.65969,45.480526],[-122.660547,45.479939],[-122.660777,45.479698],[-122.660895,45.479316],[-122.661188,45.47872],[-122.661465,45.478409],[-122.662026,45.478087],[-122.662828,45.477755],[-122.6632,45.477736],[-122.663283,45.477796],[-122.663327,45.477906],[-122.663373,45.478469],[-122.663347,45.478625],[-122.663286,45.478793],[-122.663055,45.479137],[-122.662996,45.479313],[-122.663023,45.47979],[-122.663105,45.479951],[-122.663278,45.480165],[-122.663421,45.480267],[-122.663527,45.48053],[-122.663694,45.480608],[-122.663819,45.480764],[-122.663864,45.480875],[-122.664038,45.48102],[-122.664171,45.48128],[-122.664453,45.48158],[-122.664787,45.481768],[-122.664935,45.482043],[-122.665246,45.482258],[-122.665449,45.48224],[-122.665673,45.482149],[-122.665778,45.482194],[-122.665804,45.482271],[-122.665783,45.482401],[-122.666015,45.482591],[-122.66609,45.482725],[-122.666166,45.483106],[-122.666275,45.483436],[-122.666365,45.483533],[-122.666464,45.483541],[-122.666519,45.483582],[-122.667021,45.484305],[-122.667093,45.484451],[-122.66724,45.484601],[-122.667475,45.485182],[-122.667502,45.485396]]]]}},{"type":"Feature","properties":{"from":"Sunnyside Environmental K-8","to":"Hosford Middle School"},"geometry":{"type":"Polygon","coordinates":[[[-122.643084,45.512948],[-122.643078,45.513073],[-122.64303,45.513143],[-122.642617,45.513375],[-122.642406,45.513388],[-122.642234,45.513452],[-122.642152,45.513568],[-122.642125,45.516208],[-122.641991,45.516723],[-122.641907,45.516757],[-122.639389,45.516744],[-122.638747,45.517008],[-122.638724,45.518835],[-122.638757,45.519447],[-122.638857,45.519521],[-122.638977,45.519557],[-122.640981,45.519563],[-122.641049,45.519584],[-122.641093,45.519639],[-122.641043,45.522137],[-122.640881,45.522612],[-122.64079,45.522654],[-122.634791,45.52266],[-122.634093,45.522879],[-122.634092,45.524005],[-122.634058,45.524078],[-122.633984,45.524112],[-122.632055,45.524108],[-122.63197,45.524073],[-122.631935,45.523987],[-122.631941,45.522134],[-122.631882,45.521998],[-122.631716,45.521917],[-122.629799,45.5219],[-122.629395,45.521915],[-122.628498,45.522017],[-122.627877,45.521928],[-122.627386,45.521937],[-122.62623,45.522058],[-122.624191,45.52247],[-122.623344,45.522541],[-122.62328,45.522435],[-122.623282,45.518596],[-122.623234,45.516613],[-122.623174,45.516421],[-122.623085,45.516354],[-122.622909,45.516311],[-122.62267,45.516361],[-122.619799,45.516356],[-122.619714,45.516321],[-122.61968,45.516247],[-122.619703,45.515309],[-122.619788,45.515255],[-122.620226,45.515241],[-122.620333,45.515193],[-122.620426,45.515069],[-122.620446,45.512678],[-122.620482,45.512605],[-122.620781,45.512314],[-122.620844,45.512289],[-122.642555,45.512318],[-122.643139,45.512525],[-122.643164,45.512591],[-122.643156,45.512817],[-122.643084,45.512948]]]}},{"type":"Feature","properties":{"from":"Harrison Park Middle School","to":"Kellogg Middle School"},"geometry":{"type":"Polygon","coordinates":[[[-122.610636,45.505091],[-122.610847,45.505592],[-122.610911,45.508051],[-122.611172,45.511673],[-122.611127,45.511776],[-122.611052,45.511802],[-122.607141,45.511801],[-122.60706,45.511758],[-122.606933,45.511568],[-122.606822,45.511509],[-122.606692,45.511489],[-122.602232,45.511674],[-122.602157,45.511642],[-122.60212,45.511569],[-122.602082,45.509901],[-122.602058,45.509806],[-122.601979,45.509731],[-122.601746,45.509667],[-122.598134,45.509651],[-122.59807,45.509548],[-122.598019,45.507169],[-122.597961,45.507046],[-122.597872,45.506979],[-122.597685,45.506944],[-122.594054,45.506964],[-122.594,45.50692],[-122.59398,45.506852],[-122.593989,45.50535],[-122.593898,45.50523],[-122.593791,45.50518],[-122.582192,45.505169],[-122.581311,45.505055],[-122.579044,45.504665],[-122.578977,45.504618],[-122.578956,45.50455],[-122.578976,45.501798],[-122.579019,45.501716],[-122.579096,45.501689],[-122.588441,45.501679],[-122.589799,45.501708],[-122.594601,45.501681],[-122.594826,45.501616],[-122.59492,45.5015],[-122.594972,45.497815],[-122.595,45.497739],[-122.595058,45.497701],[-122.608592,45.497726],[-122.608665,45.497761],[-122.6087,45.497847],[-122.60867,45.50156],[-122.608795,45.501703],[-122.609135,45.501811],[-122.610544,45.50182],[-122.610649,45.501884],[-122.610636,45.505091]]]}},{"type":"Feature","properties":{"from":"Hosford Middle School","to":"Kellogg Middle School"},"geometry":{"type":"Polygon","coordinates":[[[-122.626082,45.49931],[-122.626205,45.499331],[-122.628119,45.499324],[-122.628208,45.499377],[-122.628227,45.499477],[-122.628193,45.499549],[-122.628121,45.499583],[-122.626081,45.4996],[-122.625974,45.499647],[-122.625881,45.499771],[-122.625875,45.500201],[-122.625842,45.500262],[-122.625781,45.500295],[-122.622541,45.500298],[-122.622324,45.500393],[-122.622275,45.500527],[-122.622257,45.504089],[-122.622278,45.504463],[-122.622203,45.50457],[-122.619466,45.504585],[-122.619069,45.504691],[-122.618574,45.505],[-122.618122,45.505049],[-122.611395,45.505083],[-122.611325,45.505041],[-122.611298,45.504964],[-122.611329,45.501629],[-122.611292,45.501489],[-122.611203,45.501422],[-122.610897,45.501359],[-122.609435,45.501364],[-122.60937,45.501337],[-122.609331,45.501279],[-122.609355,45.497518],[-122.609341,45.497425],[-122.609218,45.497313],[-122.609029,45.49727],[-122.595663,45.497241],[-122.595593,45.497198],[-122.595567,45.497121],[-122.595613,45.494273],[-122.595655,45.494205],[-122.595731,45.494178],[-122.599472,45.494192],[-122.59959,45.494159],[-122.599715,45.494059],[-122.599785,45.491612],[-122.599766,45.49105],[-122.599836,45.490889],[-122.599833,45.490809],[-122.599748,45.490652],[-122.599776,45.490578],[-122.599845,45.490538],[-122.618556,45.49054],[-122.618626,45.490583],[-122.618653,45.49066],[-122.618623,45.493092],[-122.618742,45.493372],[-122.619029,45.493526],[-122.619204,45.493569],[-122.622185,45.493572],[-122.622261,45.493599],[-122.622304,45.493692],[-122.622294,45.496077],[-122.622353,45.496208],[-122.622497,45.496297],[-122.622624,45.49631],[-122.624061,45.496314],[-122.624262,45.496339],[-122.625456,45.496793],[-122.625497,45.496848],[-122.625585,45.4972],[-122.625815,45.49731],[-122.625869,45.497388],[-122.625879,45.4991],[-122.625927,45.499229],[-122.626082,45.49931]]]}},{"type":"Feature","properties":{"from":"Laurelhurst K-8","to":"Mt Tabor Middle School"},"geometry":{"type":"Polygon","coordinates":[[[-122.631559,45.524572],[-122.633977,45.524571],[-122.634044,45.524591],[-122.634088,45.524646],[-122.634063,45.529941],[-122.63404,45.53001],[-122.633374,45.53034],[-122.625092,45.533666],[-122.624305,45.533692],[-122.623776,45.53358],[-122.622157,45.53361],[-122.621197,45.533582],[-122.605315,45.533505],[-122.605238,45.533477],[-122.6052,45.533418],[-122.605213,45.532307],[-122.605282,45.531978],[-122.605307,45.530503],[-122.605352,45.530251],[-122.605365,45.528405],[-122.605211,45.528078],[-122.605023,45.527508],[-122.605011,45.526958],[-122.605069,45.526864],[-122.605596,45.526615],[-122.605626,45.526555],[-122.605654,45.524838],[-122.605703,45.524764],[-122.606127,45.524523],[-122.606992,45.524516],[-122.607841,45.524607],[-122.611502,45.524607],[-122.611567,45.524634],[-122.611606,45.524693],[-122.611607,45.525004],[-122.612158,45.525328],[-122.612679,45.525326],[-122.612808,45.525285],[-122.612929,45.525175],[-122.613531,45.524883],[-122.613647,45.524782],[-122.613681,45.524679],[-122.613745,45.524634],[-122.614965,45.524628],[-122.615179,45.524533],[-122.615229,45.524402],[-122.615254,45.523384],[-122.615353,45.52333],[-122.615768,45.523364],[-122.616399,45.5231],[-122.616402,45.522505],[-122.616847,45.522224],[-122.617399,45.522221],[-122.617517,45.522188],[-122.617644,45.522075],[-122.618216,45.521865],[-122.618614,45.521832],[-122.619904,45.521589],[-122.622163,45.521589],[-122.622262,45.52164],[-122.622285,45.521749],[-122.622613,45.522204],[-122.622614,45.522799],[-122.622639,45.522886],[-122.622706,45.522961],[-122.622882,45.523026],[-122.623341,45.523018],[-122.624112,45.52295],[-122.626538,45.522488],[-122.627443,45.522394],[-122.628678,45.522507],[-122.629266,45.52242],[-122.629969,45.522369],[-122.630963,45.522373],[-122.631022,45.522414],[-122.631283,45.522769],[-122.631282,45.52438],[-122.631339,45.524477],[-122.631559,45.524572]]]}},{"type":"Feature","properties":{"from":"Faubion K-8","to":"Ockley Green Middle School"},"geometry":{"type":"MultiPolygon","coordinates":[[[[-122.646031,45.581463],[-122.645992,45.58153],[-122.64582,45.581627],[-122.645688,45.581561],[-122.644857,45.581515],[-122.643596,45.581106],[-122.643532,45.58106],[-122.64345,45.580902],[-122.642852,45.580593],[-122.641311,45.580139],[-122.640808,45.579963],[-122.640522,45.579775],[-122.640314,45.579717],[-122.63989,45.579517],[-122.639592,45.579312],[-122.639503,45.579215],[-122.639263,45.579098],[-122.63889,45.579058],[-122.63836,45.578867],[-122.638295,45.578786],[-122.638302,45.578645],[-122.63838,45.578436],[-122.638492,45.57825],[-122.638501,45.578136],[-122.638557,45.57801],[-122.638664,45.577889],[-122.63859,45.577819],[-122.638549,45.577708],[-122.638472,45.577664],[-122.638348,45.577697],[-122.638121,45.577571],[-122.638007,45.577595],[-122.63735,45.577558],[-122.636933,45.577425],[-122.636744,45.577323],[-122.636559,45.577303],[-122.635847,45.57711],[-122.635096,45.576774],[-122.634342,45.576618],[-122.634198,45.576555],[-122.633852,45.576478],[-122.633326,45.576426],[-122.633371,45.576783],[-122.634033,45.576802],[-122.63489,45.577006],[-122.635167,45.57723],[-122.635509,45.577406],[-122.63621,45.577447],[-122.636986,45.577639],[-122.637281,45.577673],[-122.637389,45.577737],[-122.637666,45.577727],[-122.637965,45.577758],[-122.638146,45.577809],[-122.638239,45.577968],[-122.638115,45.578588],[-122.637897,45.578787],[-122.637606,45.578819],[-122.637248,45.578678],[-122.636986,45.578644],[-122.636667,45.578536],[-122.635622,45.578303],[-122.635506,45.578245],[-122.63487,45.578096],[-122.634587,45.578049],[-122.634365,45.578074],[-122.633509,45.577962],[-122.633296,45.577987],[-122.632646,45.577947],[-122.632312,45.577862],[-122.632046,45.57789],[-122.631864,45.577787],[-122.63177,45.577807],[-122.631678,45.577745],[-122.630678,45.577503],[-122.629589,45.577387],[-122.627051,45.577329],[-122.626916,45.577261],[-122.62635,45.577219],[-122.626289,45.5773],[-122.626194,45.577329],[-122.62611,45.577291],[-122.626078,45.577201],[-122.625432,45.577129],[-122.624456,45.577162],[-122.623065,45.577363],[-122.622503,45.577508],[-122.622406,45.57748],[-122.622364,45.577389],[-122.622374,45.5759],[-122.622403,45.575823],[-122.622955,45.575535],[-122.624318,45.57529],[-122.624457,45.575211],[-122.624507,45.575088],[-122.624467,45.572052],[-122.62488,45.571453],[-122.62491,45.571358],[-122.624905,45.570005],[-122.624814,45.569885],[-122.624697,45.569838],[-122.624652,45.569767],[-122.624639,45.56828],[-122.624614,45.568189],[-122.624549,45.568115],[-122.624521,45.567973],[-122.624521,45.566702],[-122.624564,45.566631],[-122.624731,45.566548],[-122.624781,45.566414],[-122.624781,45.56516],[-122.624684,45.564996],[-122.624686,45.564636],[-122.624604,45.56443],[-122.624631,45.564178],[-122.624724,45.564134],[-122.627545,45.564118],[-122.627694,45.564031],[-122.627745,45.563947],[-122.627753,45.563484],[-122.627874,45.563061],[-122.627974,45.562986],[-122.6374,45.56295],[-122.637484,45.563016],[-122.63763,45.563426],[-122.637629,45.566283],[-122.637654,45.566384],[-122.637744,45.566466],[-122.6379,45.566509],[-122.640753,45.56652],[-122.640811,45.566559],[-122.640838,45.566624],[-122.640834,45.568238],[-122.640882,45.568359],[-122.640971,45.568426],[-122.641095,45.568462],[-122.642895,45.568466],[-122.642969,45.568566],[-122.642974,45.569189],[-122.643065,45.569309],[-122.643295,45.569373],[-122.645967,45.569374],[-122.646043,45.569401],[-122.646087,45.569493],[-122.646106,45.571787],[-122.646016,45.572284],[-122.645914,45.57234],[-122.643411,45.572343],[-122.642958,45.57274],[-122.642943,45.574155],[-122.642992,45.574243],[-122.643078,45.574308],[-122.643253,45.57435],[-122.643306,45.574439],[-122.6433,45.575074],[-122.643403,45.575552],[-122.64342,45.576617],[-122.643372,45.579287],[-122.643544,45.579848],[-122.645999,45.579897],[-122.646052,45.579997],[-122.646031,45.581463]]],[[[-122.704383,45.596347],[-122.705363,45.596244],[-122.706271,45.596235],[-122.707862,45.596342],[-122.709064,45.596594],[-122.709996,45.596865],[-122.71137,45.597318],[-122.712372,45.597491],[-122.712873,45.597724],[-122.713236,45.597842],[-122.715093,45.598726],[-122.716318,45.599221],[-122.717231,45.599748],[-122.717943,45.600215],[-122.718207,45.600293],[-122.718496,45.600446],[-122.718559,45.600552],[-122.718515,45.600645],[-122.704616,45.612063],[-122.704415,45.612307],[-122.703825,45.613301],[-122.703734,45.61335],[-122.703066,45.613116],[-122.702873,45.61312],[-122.70271,45.613199],[-122.702474,45.613415],[-122.702382,45.613428],[-122.700414,45.612505],[-122.699709,45.612229],[-122.698243,45.611824],[-122.698014,45.611726],[-122.697364,45.611539],[-122.695676,45.610972],[-122.695075,45.610786],[-122.694302,45.610598],[-122.694171,45.610521],[-122.692381,45.610071],[-122.689726,45.609332],[-122.68887,45.609147],[-122.688731,45.60907],[-122.688181,45.608897],[-122.687894,45.608843],[-122.686686,45.608407],[-122.686423,45.608406],[-122.685912,45.608227],[-122.685078,45.60779],[-122.684532,45.607561],[-122.683806,45.607166],[-122.682263,45.606525],[-122.68202,45.606463],[-122.681414,45.606183],[-122.680657,45.605976],[-122.680175,45.605879],[-122.680034,45.605874],[-122.679723,45.605933],[-122.679536,45.60591],[-122.679325,45.605781],[-122.678943,45.605644],[-122.678638,45.605592],[-122.678147,45.605436],[-122.677696,45.605389],[-122.677341,45.605285],[-122.676778,45.605183],[-122.676012,45.60497],[-122.6753,45.604729],[-122.674869,45.604626],[-122.674563,45.604476],[-122.673273,45.604159],[-122.673116,45.604085],[-122.67252,45.60392],[-122.671166,45.603634],[-122.670893,45.603601],[-122.670425,45.603608],[-122.6699,45.603482],[-122.668963,45.60336],[-122.668644,45.60327],[-122.668268,45.603258],[-122.665995,45.60271],[-122.665322,45.602698],[-122.664468,45.602533],[-122.664015,45.602493],[-122.663409,45.60237],[-122.662928,45.602327],[-122.662655,45.602255],[-122.662189,45.602245],[-122.661903,45.602193],[-122.661598,45.602181],[-122.661227,45.602106],[-122.660388,45.602029],[-122.658393,45.601707],[-122.657841,45.601583],[-122.657011,45.601462],[-122.656894,45.601467],[-122.656451,45.601365],[-122.655635,45.601259],[-122.655385,45.601255],[-122.654948,45.60118],[-122.653608,45.601137],[-122.652795,45.601144],[-122.651748,45.60108],[-122.651556,45.601129],[-122.651001,45.601071],[-122.6501,45.60108],[-122.649716,45.601049],[-122.648317,45.601076],[-122.648075,45.601042],[-122.647713,45.601057],[-122.64675,45.601021],[-122.646188,45.601062],[-122.645913,45.601006],[-122.645331,45.601077],[-122.645101,45.600991],[-122.644521,45.600979],[-122.643959,45.601012],[-122.643576,45.600966],[-122.642561,45.600977],[-122.642349,45.601012],[-122.641026,45.600945],[-122.640169,45.60103],[-122.639589,45.600972],[-122.638894,45.600984],[-122.638139,45.600786],[-122.637644,45.600841],[-122.637169,45.60094],[-122.63597,45.600879],[-122.635375,45.600945],[-122.635306,45.600905],[-122.635278,45.600831],[-122.635385,45.599322],[-122.63555,45.598095],[-122.635747,45.595676],[-122.635826,45.595414],[-122.635832,45.59435],[-122.635807,45.594267],[-122.635739,45.594192],[-122.63556,45.594126],[-122.630861,45.594124],[-122.630785,45.594097],[-122.630741,45.594004],[-122.630745,45.590497],[-122.630654,45.590376],[-122.630543,45.590325],[-122.620645,45.589076],[-122.62056,45.589023],[-122.620544,45.578925],[-122.620587,45.578855],[-122.621041,45.578494],[-122.621625,45.578165],[-122.621945,45.578033],[-122.622663,45.577788],[-122.623383,45.577623],[-122.624133,45.577496],[-122.624777,45.577469],[-122.626045,45.577498],[-122.626172,45.577461],[-122.626405,45.577545],[-122.627485,45.577655],[-122.6292,45.577692],[-122.630178,45.57778],[-122.630304,45.577713],[-122.630496,45.577781],[-122.630821,45.577824],[-122.631769,45.578101],[-122.632342,45.578121],[-122.63271,45.578175],[-122.632782,45.578074],[-122.632941,45.578042],[-122.633487,45.578252],[-122.634016,45.578257],[-122.634186,45.578225],[-122.634622,45.578278],[-122.635625,45.578537],[-122.635736,45.578614],[-122.635997,45.578687],[-122.636213,45.578804],[-122.636679,45.578887],[-122.637087,45.579001],[-122.637541,45.579071],[-122.637972,45.57922],[-122.638108,45.5792],[-122.638669,45.579325],[-122.639234,45.579567],[-122.639325,45.579698],[-122.639447,45.57978],[-122.639722,45.579818],[-122.639962,45.579908],[-122.640262,45.580092],[-122.640571,45.580146],[-122.642218,45.580802],[-122.643998,45.581447],[-122.644461,45.581644],[-122.644732,45.581705],[-122.64502,45.581878],[-122.645075,45.582037],[-122.645473,45.582305],[-122.645686,45.58282],[-122.645699,45.583115],[-122.645815,45.583229],[-122.646166,45.583427],[-122.646402,45.583346],[-122.646462,45.583193],[-122.646333,45.583182],[-122.646246,45.58311],[-122.646061,45.582681],[-122.646022,45.582515],[-122.646066,45.582422],[-122.646155,45.582395],[-122.646321,45.582461],[-122.646742,45.582753],[-122.646837,45.582751],[-122.646964,45.582642],[-122.646957,45.582477],[-122.647021,45.5824],[-122.647511,45.582416],[-122.647573,45.582485],[-122.647583,45.58263],[-122.647922,45.582847],[-122.647966,45.582953],[-122.647922,45.583035],[-122.647772,45.583077],[-122.647626,45.583239],[-122.647401,45.583655],[-122.647423,45.583791],[-122.647368,45.583945],[-122.647427,45.584006],[-122.647938,45.584163],[-122.648016,45.584162],[-122.648323,45.583757],[-122.648762,45.583424],[-122.649189,45.583223],[-122.650155,45.582995],[-122.650635,45.582944],[-122.65145,45.583001],[-122.651818,45.583056],[-122.652492,45.583187],[-122.653433,45.583444],[-122.654878,45.583903],[-122.656817,45.584599],[-122.657123,45.584663],[-122.657556,45.584807],[-122.657797,45.584917],[-122.659869,45.585465],[-122.662081,45.586205],[-122.66312,45.586659],[-122.663384,45.586714],[-122.663664,45.586841],[-122.663987,45.586834],[-122.664231,45.58676],[-122.664601,45.586708],[-122.665168,45.586454],[-122.665348,45.586281],[-122.665481,45.586113],[-122.66551,45.586028],[-122.665638,45.585883],[-122.665721,45.585834],[-122.665813,45.585689],[-122.66623,45.585459],[-122.666871,45.58531],[-122.667247,45.58537],[-122.667377,45.58536],[-122.667429,45.585314],[-122.667502,45.585303],[-122.667615,45.585348],[-122.668001,45.585388],[-122.668427,45.585536],[-122.67064,45.586829],[-122.671457,45.58715],[-122.6719,45.587288],[-122.672412,45.587384],[-122.67296,45.587351],[-122.674,45.587013],[-122.674485,45.586889],[-122.674935,45.586889],[-122.675187,45.586943],[-122.675447,45.587049],[-122.676617,45.587754],[-122.677126,45.587959],[-122.677384,45.588023],[-122.677542,45.588125],[-122.678099,45.588289],[-122.67889,45.588443],[-122.679929,45.588575],[-122.680535,45.588609],[-122.681505,45.588584],[-122.682006,45.588602],[-122.682773,45.588722],[-122.683428,45.588952],[-122.683947,45.589167],[-122.684309,45.589368],[-122.685381,45.589783],[-122.686821,45.590083],[-122.68706,45.590086],[-122.68762,45.59017],[-122.688338,45.590339],[-122.688589,45.590418],[-122.688655,45.590481],[-122.688751,45.590445],[-122.689053,45.59051],[-122.689538,45.59068],[-122.68976,45.590791],[-122.689816,45.590862],[-122.689805,45.590952],[-122.689746,45.591006],[-122.689627,45.591019],[-122.688946,45.590872],[-122.688717,45.590747],[-122.688631,45.590613],[-122.688465,45.590704],[-122.688265,45.590665],[-122.687526,45.590656],[-122.687253,45.590623],[-122.687039,45.590696],[-122.686923,45.590805],[-122.686874,45.590935],[-122.686896,45.59124],[-122.687052,45.591366],[-122.687249,45.591446],[-122.688199,45.591489],[-122.689657,45.591317],[-122.690034,45.591233],[-122.690247,45.591123],[-122.690633,45.591171],[-122.691347,45.59146],[-122.692579,45.591864],[-122.693949,45.592216],[-122.694282,45.592329],[-122.69519,45.592656],[-122.695315,45.592742],[-122.696774,45.593321],[-122.697061,45.59338],[-122.697501,45.593574],[-122.698557,45.593895],[-122.698712,45.593971],[-122.699935,45.594375],[-122.700964,45.594675],[-122.70153,45.594785],[-122.70292,45.594973],[-122.703646,45.59502],[-122.703748,45.59507],[-122.70397,45.595328],[-122.704206,45.596305],[-122.704383,45.596347]],[[-122.647869,45.584599],[-122.647686,45.584655],[-122.647056,45.584645],[-122.646093,45.58559],[-122.645034,45.586288],[-122.644548,45.586545],[-122.643478,45.587187],[-122.642282,45.588085],[-122.641565,45.588779],[-122.641422,45.589093],[-122.641203,45.589296],[-122.640913,45.589667],[-122.640384,45.590394],[-122.640329,45.590566],[-122.640126,45.59078],[-122.639978,45.591209],[-122.639919,45.591709],[-122.639911,45.59238],[-122.640039,45.593564],[-122.64055,45.595756],[-122.641034,45.596532],[-122.641394,45.596594],[-122.641357,45.596153],[-122.641149,45.595515],[-122.640887,45.594199],[-122.640732,45.593851],[-122.640521,45.592121],[-122.640557,45.591068],[-122.64066,45.590839],[-122.641223,45.59003],[-122.641716,45.589445],[-122.641846,45.589345],[-122.64193,45.589216],[-122.642045,45.589143],[-122.642259,45.588909],[-122.642473,45.588782],[-122.642618,45.588767],[-122.642684,45.588632],[-122.64312,45.588253],[-122.643293,45.588198],[-122.643375,45.588054],[-122.643662,45.587793],[-122.644364,45.587297],[-122.645036,45.586936],[-122.645763,45.586573],[-122.645917,45.586541],[-122.646278,45.586269],[-122.646731,45.586143],[-122.647675,45.585266],[-122.647929,45.584766],[-122.647869,45.584599]],[[-122.657117,45.599229],[-122.65674,45.59902],[-122.655953,45.598675],[-122.654615,45.598207],[-122.653948,45.598045],[-122.65376,45.597971],[-122.653322,45.59788],[-122.652556,45.597786],[-122.6519,45.59761],[-122.652088,45.597697],[-122.652549,45.597826],[-122.653314,45.597922],[-122.654212,45.598176],[-122.654609,45.598251],[-122.655169,45.598508],[-122.655428,45.59853],[-122.655889,45.598703],[-122.656268,45.598884],[-122.656531,45.598968],[-122.656656,45.59909],[-122.657052,45.599243],[-122.657117,45.599229]],[[-122.662634,45.594931],[-122.662248,45.594884],[-122.661991,45.594827],[-122.661471,45.594415],[-122.661223,45.594052],[-122.661234,45.593949],[-122.661344,45.593792],[-122.661331,45.593706],[-122.660955,45.59349],[-122.660697,45.593283],[-122.660326,45.592873],[-122.659191,45.591863],[-122.658926,45.591781],[-122.656772,45.59072],[-122.656652,45.590692],[-122.656741,45.590766],[-122.65777,45.591288],[-122.65922,45.591994],[-122.659549,45.592254],[-122.660845,45.593471],[-122.661214,45.593703],[-122.661224,45.593843],[-122.661137,45.594049],[-122.66134,45.594341],[-122.661335,45.59442],[-122.661276,45.594496],[-122.661013,45.594609],[-122.660454,45.594667],[-122.660277,45.59467],[-122.659657,45.594583],[-122.659539,45.594638],[-122.659477,45.594716],[-122.659462,45.594899],[-122.659537,45.59512],[-122.659572,45.59514],[-122.659576,45.595052],[-122.659512,45.594925],[-122.659518,45.5948],[-122.659581,45.594699],[-122.659669,45.594651],[-122.659877,45.594633],[-122.660182,45.59468],[-122.660616,45.594694],[-122.661089,45.594618],[-122.661391,45.594467],[-122.661468,45.594489],[-122.661704,45.59472],[-122.661927,45.594883],[-122.662385,45.594935],[-122.662634,45.594931]],[[-122.65962,45.595263],[-122.659608,45.595338],[-122.659696,45.595626],[-122.659652,45.595706],[-122.659564,45.595732],[-122.657221,45.595093],[-122.656447,45.594835],[-122.657057,45.595064],[-122.657146,45.595133],[-122.657556,45.595209],[-122.659295,45.59571],[-122.659808,45.595837],[-122.660006,45.595857],[-122.659802,45.595717],[-122.65962,45.595263]],[[-122.668689,45.602095],[-122.668555,45.602006],[-122.668288,45.601966],[-122.668042,45.601887],[-122.667376,45.601822],[-122.667003,45.601738],[-122.666537,45.601767],[-122.666312,45.601744],[-122.666063,45.601794],[-122.665629,45.601742],[-122.665171,45.601529],[-122.664656,45.601467],[-122.664525,45.601381],[-122.66433,45.601367],[-122.663775,45.601068],[-122.66349,45.600973],[-122.663303,45.600849],[-122.663169,45.60083],[-122.663003,45.600732],[-122.662817,45.600729],[-122.662619,45.600632],[-122.662494,45.600608],[-122.662383,45.600475],[-122.661955,45.600294],[-122.661655,45.600221],[-122.661031,45.599953],[-122.66023,45.599724],[-122.659687,45.599718],[-122.659415,45.599649],[-122.659229,45.599666],[-122.659056,45.59961],[-122.658857,45.599612],[-122.658748,45.599577],[-122.658738,45.599607],[-122.658772,45.599645],[-122.659241,45.59972],[-122.659473,45.599716],[-122.659923,45.59986],[-122.660246,45.599896],[-122.660403,45.599995],[-122.660549,45.6],[-122.660818,45.600109],[-122.661086,45.600134],[-122.661423,45.600281],[-122.661616,45.600309],[-122.661709,45.600375],[-122.661965,45.600418],[-122.662049,45.600475],[-122.662205,45.60051],[-122.662423,45.600688],[-122.662643,45.600706],[-122.662853,45.600803],[-122.66299,45.600821],[-122.663118,45.600904],[-122.663303,45.600932],[-122.663449,45.601058],[-122.663571,45.601117],[-122.663696,45.601128],[-122.663869,45.601256],[-122.664233,45.601409],[-122.664357,45.601425],[-122.664588,45.601533],[-122.664977,45.601582],[-122.665134,45.601697],[-122.665308,45.601657],[-122.665593,45.60178],[-122.665866,45.601821],[-122.666138,45.601838],[-122.666375,45.601781],[-122.666518,45.601839],[-122.666876,45.601826],[-122.667294,45.601969],[-122.667469,45.601913],[-122.667704,45.601902],[-122.667822,45.601934],[-122.667915,45.602033],[-122.668344,45.602079],[-122.668583,45.602165],[-122.668626,45.602157],[-122.668689,45.602095]],[[-122.695837,45.602831],[-122.695837,45.602569],[-122.695641,45.602564],[-122.695535,45.60252],[-122.695431,45.60238],[-122.695236,45.602375],[-122.695058,45.602272],[-122.694957,45.60226],[-122.694658,45.602354],[-122.694574,45.602338],[-122.694464,45.602261],[-122.694446,45.602148],[-122.69455,45.602004],[-122.694656,45.60196],[-122.694744,45.601832],[-122.695212,45.601705],[-122.695323,45.601502],[-122.695451,45.601411],[-122.69549,45.601304],[-122.695488,45.601235],[-122.695377,45.60111],[-122.6951,45.601013],[-122.694873,45.600834],[-122.694799,45.600806],[-122.694638,45.600863],[-122.694609,45.600962],[-122.694664,45.601059],[-122.694725,45.60144],[-122.694566,45.601639],[-122.694461,45.601714],[-122.694345,45.601997],[-122.694176,45.602198],[-122.694157,45.60229],[-122.694182,45.60238],[-122.694372,45.602437],[-122.694465,45.602637],[-122.69463,45.602745],[-122.694972,45.602769],[-122.695642,45.602916],[-122.695733,45.602922],[-122.695837,45.602831]],[[-122.705857,45.597523],[-122.705694,45.597472],[-122.705568,45.597338],[-122.705482,45.597355],[-122.705302,45.597473],[-122.705292,45.597511],[-122.705539,45.597758],[-122.70556,45.597855],[-122.705534,45.597947],[-122.705478,45.59801],[-122.705079,45.598224],[-122.704753,45.598537],[-122.702235,45.599367],[-122.70202,45.599493],[-122.701311,45.599994],[-122.700691,45.600507],[-122.700272,45.60077],[-122.699634,45.601426],[-122.699228,45.601661],[-122.699053,45.601664],[-122.698285,45.601518],[-122.697462,45.601297],[-122.69718,45.601091],[-122.696804,45.600884],[-122.696471,45.600775],[-122.696398,45.600852],[-122.696504,45.601037],[-122.696464,45.601178],[-122.696479,45.601315],[-122.696711,45.601402],[-122.697103,45.601433],[-122.69884,45.601795],[-122.699132,45.601768],[-122.699868,45.601382],[-122.7001,45.601117],[-122.700335,45.600919],[-122.700634,45.600699],[-122.700771,45.600686],[-122.701351,45.601073],[-122.701825,45.601469],[-122.702025,45.601804],[-122.702055,45.602016],[-122.702199,45.602174],[-122.702313,45.602522],[-122.702474,45.602763],[-122.702737,45.603146],[-122.703008,45.603431],[-122.70316,45.603436],[-122.703317,45.603336],[-122.703317,45.603257],[-122.703018,45.602892],[-122.702846,45.602558],[-122.702494,45.602271],[-122.702363,45.602103],[-122.702304,45.601903],[-122.702313,45.60163],[-122.702237,45.601327],[-122.701864,45.601028],[-122.701046,45.600645],[-122.700996,45.600583],[-122.701001,45.600491],[-122.701397,45.600112],[-122.701698,45.599942],[-122.7021,45.599638],[-122.70239,45.599476],[-122.704078,45.598958],[-122.704491,45.598792],[-122.705113,45.598667],[-122.705184,45.598479],[-122.705272,45.598385],[-122.705455,45.59823],[-122.70578,45.598081],[-122.705831,45.597988],[-122.70584,45.597822],[-122.705928,45.597679],[-122.705936,45.597598],[-122.705857,45.597523]],[[-122.699668,45.606292],[-122.699431,45.606144],[-122.69923,45.606202],[-122.699093,45.606318],[-122.698705,45.6064],[-122.698566,45.606368],[-122.698415,45.606202],[-122.698284,45.606159],[-122.697836,45.606234],[-122.697675,45.606088],[-122.697497,45.606059],[-122.697383,45.605902],[-122.697203,45.605868],[-122.697116,45.605716],[-122.697005,45.605657],[-122.696952,45.605681],[-122.696865,45.605822],[-122.696615,45.605977],[-122.69663,45.606024],[-122.696789,45.60606],[-122.696883,45.606157],[-122.696888,45.606249],[-122.696795,45.606446],[-122.696909,45.606331],[-122.696996,45.606317],[-122.697186,45.606439],[-122.69752,45.606536],[-122.69766,45.60665],[-122.697771,45.606694],[-122.698362,45.606573],[-122.698672,45.6067],[-122.698748,45.606698],[-122.699083,45.606521],[-122.699288,45.606596],[-122.69957,45.606583],[-122.699677,45.606502],[-122.699715,45.606383],[-122.699668,45.606292]],[[-122.702208,45.604437],[-122.702089,45.604362],[-122.702054,45.604292],[-122.702182,45.604018],[-122.702143,45.603836],[-122.701992,45.603588],[-122.701867,45.603521],[-122.70172,45.603547],[-122.70169,45.603591],[-122.70166,45.603685],[-122.70167,45.603844],[-122.701587,45.603985],[-122.701296,45.60408],[-122.701187,45.604162],[-122.700981,45.604234],[-122.700835,45.604326],[-122.700817,45.604426],[-122.700885,45.6045],[-122.700984,45.604521],[-122.701406,45.604504],[-122.701651,45.604646],[-122.701727,45.60466],[-122.702179,45.604529],[-122.702211,45.604495],[-122.702208,45.604437]],[[-122.704451,45.600096],[-122.704236,45.599968],[-122.704187,45.599892],[-122.704213,45.599794],[-122.704412,45.599616],[-122.704374,45.59954],[-122.704173,45.599521],[-122.703699,45.599637],[-122.703388,45.599819],[-122.70339,45.599872],[-122.703528,45.600083],[-122.703597,45.600136],[-122.703771,45.600185],[-122.703884,45.600312],[-122.704021,45.600295],[-122.704253,45.600163],[-122.704432,45.600157],[-122.704451,45.600096]],[[-122.704863,45.600377],[-122.704786,45.600348],[-122.704646,45.600359],[-122.704295,45.600494],[-122.703951,45.600662],[-122.703911,45.600754],[-122.703945,45.600806],[-122.704105,45.600823],[-122.704307,45.600914],[-122.704489,45.600896],[-122.704747,45.600705],[-122.704868,45.600499],[-122.704863,45.600377]],[[-122.710034,45.603967],[-122.709973,45.60386],[-122.709618,45.60374],[-122.709424,45.603628],[-122.709096,45.603565],[-122.70872,45.603431],[-122.708596,45.603255],[-122.708314,45.603159],[-122.708268,45.603095],[-122.708276,45.603005],[-122.708452,45.602884],[-122.708472,45.602823],[-122.708424,45.602702],[-122.708357,45.60265],[-122.708037,45.602683],[-122.707899,45.602667],[-122.70768,45.60272],[-122.707379,45.602646],[-122.707153,45.602709],[-122.707067,45.602681],[-122.706963,45.60257],[-122.706886,45.602541],[-122.706552,45.602667],[-122.706459,45.602614],[-122.706319,45.602461],[-122.706166,45.602489],[-122.706116,45.602563],[-122.706146,45.602724],[-122.706009,45.602896],[-122.706089,45.603021],[-122.706393,45.603197],[-122.706446,45.603262],[-122.706626,45.603731],[-122.706585,45.603848],[-122.706455,45.603871],[-122.706319,45.603813],[-122.706234,45.603713],[-122.70617,45.603513],[-122.705895,45.603301],[-122.705739,45.603249],[-122.705566,45.603275],[-122.70556,45.603607],[-122.705396,45.603823],[-122.705317,45.603829],[-122.704845,45.60367],[-122.704734,45.603695],[-122.704683,45.603772],[-122.704762,45.603862],[-122.705019,45.603995],[-122.705332,45.604011],[-122.705423,45.603877],[-122.705522,45.603848],[-122.705597,45.603887],[-122.705625,45.60399],[-122.705737,45.604103],[-122.705868,45.604108],[-122.706114,45.604025],[-122.706177,45.604056],[-122.706227,45.604139],[-122.706315,45.604168],[-122.706581,45.60401],[-122.706679,45.603843],[-122.706736,45.603803],[-122.707094,45.603787],[-122.70741,45.603678],[-122.707585,45.603686],[-122.70779,45.603781],[-122.707918,45.604096],[-122.708203,45.60431],[-122.708258,45.60442],[-122.708323,45.604426],[-122.708377,45.604418],[-122.708451,45.604348],[-122.708492,45.604278],[-122.708512,45.604105],[-122.708591,45.604032],[-122.70869,45.604043],[-122.708913,45.604209],[-122.709067,45.604259],[-122.709484,45.604048],[-122.709947,45.604053],[-122.710005,45.604026],[-122.710034,45.603967]],[[-122.708142,45.599727],[-122.707365,45.59927],[-122.707167,45.599252],[-122.706991,45.599132],[-122.706833,45.599148],[-122.706391,45.599075],[-122.706007,45.59925],[-122.706063,45.59931],[-122.706162,45.599346],[-122.706947,45.599485],[-122.70713,45.599678],[-122.70746,45.599679],[-122.707741,45.599731],[-122.708038,45.599859],[-122.708144,45.599796],[-122.708142,45.599727]],[[-122.708104,45.606161],[-122.707973,45.606202],[-122.707467,45.606473],[-122.707183,45.606371],[-122.706943,45.606206],[-122.706835,45.606216],[-122.70669,45.606376],[-122.706508,45.606489],[-122.706468,45.606674],[-122.706361,45.606811],[-122.706187,45.606922],[-122.70619,45.607013],[-122.706273,45.607141],[-122.706288,45.607293],[-122.706494,45.607594],[-122.706677,45.607683],[-122.706728,45.607749],[-122.706943,45.607783],[-122.706989,45.60776],[-122.707019,45.607713],[-122.706807,45.607456],[-122.706787,45.60739],[-122.706961,45.607028],[-122.707144,45.606949],[-122.707236,45.60681],[-122.707824,45.606391],[-122.708096,45.606237],[-122.708137,45.606183],[-122.708104,45.606161]],[[-122.708373,45.597409],[-122.708306,45.597346],[-122.707437,45.597169],[-122.707297,45.597084],[-122.706993,45.597104],[-122.706818,45.597055],[-122.7067,45.597088],[-122.706369,45.597254],[-122.706359,45.597285],[-122.706394,45.597352],[-122.706472,45.597397],[-122.707008,45.597367],[-122.707215,45.597444],[-122.707505,45.597446],[-122.708064,45.597564],[-122.708279,45.597522],[-122.708374,45.597452],[-122.708373,45.597409]],[[-122.711479,45.598901],[-122.711392,45.598301],[-122.711323,45.598203],[-122.71119,45.598122],[-122.710888,45.598079],[-122.708804,45.59752],[-122.708701,45.597546],[-122.708536,45.5977],[-122.708527,45.597754],[-122.708595,45.597844],[-122.7091,45.597863],[-122.710098,45.598258],[-122.710432,45.598479],[-122.710531,45.5985],[-122.710747,45.598451],[-122.710862,45.598468],[-122.710917,45.598553],[-122.710919,45.599018],[-122.710976,45.599101],[-122.711314,45.599055],[-122.711479,45.598901]],[[-122.711371,45.603102],[-122.711341,45.602867],[-122.711039,45.602993],[-122.710736,45.602963],[-122.710516,45.602995],[-122.710337,45.602978],[-122.710246,45.602934],[-122.710093,45.60295],[-122.70993,45.602909],[-122.709791,45.60295],[-122.709666,45.603097],[-122.709713,45.603188],[-122.70986,45.603252],[-122.709992,45.603411],[-122.710113,45.603447],[-122.710253,45.603429],[-122.710327,45.603366],[-122.710331,45.603212],[-122.710404,45.60314],[-122.710684,45.603079],[-122.710885,45.603165],[-122.711076,45.603088],[-122.71134,45.603133],[-122.711371,45.603102]],[[-122.711159,45.604738],[-122.710906,45.604748],[-122.710645,45.604633],[-122.710613,45.604642],[-122.710594,45.604726],[-122.710709,45.604891],[-122.710862,45.604926],[-122.711161,45.604791],[-122.711159,45.604738]]],[[[-122.708345,45.595747],[-122.708386,45.595804],[-122.708388,45.595874],[-122.708341,45.59594],[-122.708275,45.595962],[-122.707717,45.595879],[-122.705159,45.595781],[-122.704856,45.595667],[-122.704752,45.595534],[-122.704623,45.595237],[-122.704486,45.59514],[-122.70446,45.595041],[-122.704552,45.594946],[-122.705029,45.594932],[-122.705572,45.595051],[-122.706102,45.595088],[-122.70635,45.595235],[-122.706641,45.595219],[-122.707393,45.59549],[-122.708158,45.595673],[-122.708345,45.595747]]],[[[-122.712155,45.596795],[-122.712222,45.596874],[-122.712202,45.596975],[-122.712123,45.597023],[-122.711983,45.597016],[-122.711878,45.596938],[-122.711594,45.596936],[-122.710795,45.59664],[-122.710505,45.596595],[-122.710387,45.596531],[-122.710357,45.596431],[-122.710396,45.596359],[-122.710461,45.59633],[-122.710713,45.596371],[-122.710821,45.596417],[-122.710982,45.59643],[-122.71123,45.596528],[-122.711382,45.596524],[-122.711893,45.59671],[-122.711949,45.596756],[-122.712155,45.596795]]],[[[-122.654716,45.607211],[-122.654604,45.607108],[-122.654468,45.607106],[-122.653694,45.606874],[-122.653036,45.606828],[-122.652753,45.606655],[-122.652726,45.606488],[-122.652837,45.606345],[-122.653007,45.606301],[-122.653613,45.606349],[-122.654021,45.606428],[-122.654262,45.606504],[-122.654356,45.606564],[-122.655162,45.606749],[-122.656661,45.60723],[-122.656962,45.607398],[-122.657062,45.607532],[-122.657078,45.607612],[-122.656938,45.607784],[-122.656699,45.607861],[-122.656424,45.607852],[-122.656069,45.607683],[-122.655835,45.60752],[-122.654716,45.607211]]],[[[-122.742921,45.642098],[-122.742826,45.64218],[-122.742555,45.64215],[-122.741366,45.641482],[-122.740944,45.641345],[-122.740375,45.641244],[-122.740127,45.641169],[-122.73985,45.640989],[-122.739754,45.640849],[-122.738774,45.640102],[-122.738482,45.639968],[-122.737215,45.639497],[-122.735761,45.639096],[-122.734371,45.638571],[-122.73374,45.638437],[-122.732751,45.638166],[-122.732264,45.638079],[-122.732126,45.637995],[-122.731312,45.637654],[-122.73065,45.63749],[-122.727191,45.636359],[-122.726533,45.635978],[-122.725262,45.635751],[-122.724111,45.635622],[-122.723836,45.635625],[-122.721715,45.635278],[-122.719262,45.634687],[-122.718682,45.63466],[-122.718367,45.634496],[-122.718017,45.634367],[-122.717279,45.634137],[-122.71672,45.63404],[-122.716289,45.633745],[-122.71557,45.633386],[-122.714983,45.633206],[-122.714094,45.633061],[-122.713386,45.632829],[-122.713141,45.63264],[-122.712706,45.632418],[-122.711719,45.632058],[-122.71103,45.631862],[-122.708863,45.630974],[-122.708604,45.630812],[-122.707928,45.630509],[-122.707685,45.630313],[-122.706895,45.630039],[-122.706436,45.629979],[-122.706171,45.630014],[-122.705861,45.629968],[-122.704293,45.629082],[-122.703567,45.628769],[-122.703189,45.628674],[-122.702761,45.628426],[-122.701961,45.628106],[-122.701352,45.627615],[-122.700754,45.627314],[-122.699723,45.626864],[-122.699322,45.626621],[-122.698799,45.626207],[-122.697377,45.625209],[-122.696358,45.624397],[-122.696172,45.624319],[-122.69605,45.624127],[-122.695908,45.623726],[-122.695701,45.623469],[-122.695515,45.623375],[-122.69534,45.62334],[-122.695075,45.623518],[-122.694973,45.623519],[-122.694584,45.623142],[-122.694185,45.622869],[-122.693539,45.622632],[-122.692794,45.62221],[-122.692543,45.622029],[-122.692203,45.621921],[-122.691445,45.621557],[-122.691408,45.6215],[-122.69141,45.621422],[-122.691511,45.621161],[-122.691684,45.620909],[-122.692299,45.620677],[-122.692389,45.620447],[-122.691305,45.619012],[-122.691118,45.618947],[-122.689787,45.619407],[-122.689719,45.619637],[-122.690555,45.620754],[-122.690534,45.620843],[-122.690395,45.620991],[-122.690017,45.620882],[-122.689244,45.620569],[-122.68901,45.620513],[-122.687802,45.619921],[-122.68718,45.619508],[-122.684512,45.618171],[-122.683867,45.617778],[-122.682308,45.616577],[-122.681864,45.616334],[-122.681128,45.616238],[-122.680535,45.615985],[-122.677568,45.615008],[-122.677435,45.614926],[-122.677374,45.614727],[-122.677305,45.614697],[-122.676892,45.614325],[-122.676712,45.614358],[-122.676491,45.61432],[-122.675971,45.614125],[-122.675142,45.613655],[-122.674706,45.613337],[-122.674275,45.613174],[-122.673589,45.612794],[-122.672134,45.612205],[-122.670579,45.611675],[-122.669603,45.611285],[-122.667945,45.610797],[-122.66758,45.610629],[-122.667384,45.610469],[-122.667321,45.610345],[-122.667343,45.610225],[-122.667594,45.610088],[-122.667855,45.609893],[-122.668262,45.609884],[-122.668586,45.609751],[-122.668772,45.609723],[-122.669028,45.609633],[-122.669819,45.609505],[-122.670153,45.609362],[-122.670337,45.60937],[-122.670526,45.609445],[-122.670667,45.609443],[-122.671477,45.609322],[-122.672506,45.609225],[-122.672859,45.60915],[-122.672912,45.609105],[-122.672985,45.608964],[-122.672982,45.608858],[-122.672641,45.608585],[-122.672519,45.608387],[-122.671952,45.608009],[-122.671764,45.607906],[-122.671498,45.607816],[-122.671059,45.607569],[-122.670788,45.60755],[-122.668889,45.607716],[-122.666715,45.608175],[-122.665618,45.608311],[-122.665265,45.60844],[-122.665236,45.608539],[-122.665234,45.609064],[-122.665158,45.609136],[-122.664995,45.609139],[-122.664926,45.609099],[-122.664898,45.609036],[-122.664956,45.608625],[-122.664899,45.608502],[-122.664187,45.608432],[-122.664046,45.608371],[-122.663954,45.608267],[-122.663914,45.608012],[-122.664025,45.6078],[-122.66394,45.607527],[-122.664069,45.60599],[-122.664052,45.605823],[-122.663891,45.60557],[-122.66353,45.605538],[-122.661989,45.605529],[-122.66203,45.606709],[-122.661995,45.607221],[-122.661999,45.608264],[-122.661937,45.609257],[-122.662291,45.609433],[-122.662931,45.609679],[-122.662975,45.609749],[-122.662957,45.609842],[-122.662877,45.609911],[-122.662771,45.609926],[-122.661861,45.609581],[-122.661665,45.609492],[-122.661517,45.609372],[-122.661222,45.609241],[-122.659898,45.608749],[-122.659224,45.608432],[-122.659071,45.608412],[-122.65891,45.608481],[-122.658609,45.608418],[-122.658417,45.608332],[-122.658322,45.60823],[-122.658254,45.608021],[-122.658303,45.606974],[-122.658274,45.606117],[-122.658321,45.605616],[-122.658309,45.605591],[-122.658052,45.605568],[-122.657953,45.605525],[-122.657056,45.604883],[-122.656747,45.60485],[-122.656016,45.604879],[-122.653959,45.604834],[-122.653615,45.604856],[-122.652935,45.60483],[-122.652471,45.604862],[-122.65216,45.605045],[-122.651941,45.605222],[-122.651977,45.60625],[-122.651929,45.606347],[-122.651828,45.606375],[-122.651709,45.606324],[-122.651538,45.606129],[-122.651396,45.606101],[-122.651033,45.605949],[-122.648166,45.604709],[-122.648021,45.60457],[-122.647937,45.604343],[-122.647928,45.604213],[-122.64797,45.604157],[-122.648057,45.604122],[-122.648446,45.604061],[-122.648634,45.603872],[-122.648918,45.603808],[-122.649822,45.603784],[-122.649899,45.60381],[-122.649944,45.60389],[-122.649925,45.603969],[-122.649708,45.604121],[-122.649586,45.604291],[-122.65031,45.604057],[-122.651458,45.603852],[-122.654142,45.603733],[-122.65464,45.603724],[-122.655347,45.603764],[-122.655984,45.603721],[-122.656293,45.603734],[-122.656593,45.603847],[-122.657038,45.60377],[-122.657268,45.603693],[-122.657696,45.603636],[-122.658587,45.603604],[-122.659452,45.603648],[-122.660288,45.603755],[-122.662083,45.603897],[-122.663862,45.604115],[-122.664315,45.604182],[-122.664581,45.604283],[-122.66478,45.604273],[-122.66587,45.604398],[-122.666674,45.604522],[-122.66715,45.604647],[-122.667586,45.604699],[-122.667961,45.604852],[-122.668477,45.604953],[-122.66873,45.605082],[-122.669173,45.605197],[-122.670097,45.60556],[-122.670758,45.605889],[-122.671517,45.606162],[-122.67249,45.606604],[-122.672956,45.606618],[-122.673028,45.606517],[-122.673099,45.606329],[-122.673194,45.606242],[-122.673356,45.60616],[-122.673597,45.606151],[-122.673823,45.606259],[-122.673916,45.606354],[-122.673948,45.606438],[-122.673875,45.606643],[-122.673671,45.606863],[-122.673674,45.606947],[-122.673765,45.607183],[-122.673741,45.607299],[-122.673767,45.607433],[-122.674722,45.608604],[-122.675491,45.60945],[-122.675613,45.609455],[-122.675941,45.609382],[-122.676679,45.609108],[-122.677011,45.609033],[-122.678754,45.608749],[-122.680895,45.608817],[-122.682779,45.609288],[-122.688561,45.611501],[-122.690597,45.612526],[-122.693188,45.613452],[-122.693248,45.61351],[-122.693285,45.613662],[-122.693493,45.613786],[-122.693573,45.613801],[-122.693834,45.61372],[-122.694005,45.613748],[-122.695253,45.61426],[-122.695639,45.614456],[-122.69605,45.614714],[-122.696404,45.614863],[-122.696652,45.615055],[-122.697732,45.615466],[-122.69826,45.615712],[-122.698882,45.616086],[-122.699307,45.616458],[-122.699675,45.616703],[-122.700488,45.617059],[-122.701408,45.617522],[-122.702094,45.617725],[-122.703594,45.618249],[-122.704297,45.618559],[-122.706189,45.619208],[-122.707591,45.619562],[-122.708211,45.619679],[-122.708701,45.619616],[-122.708819,45.61949],[-122.708931,45.619482],[-122.709375,45.619931],[-122.709793,45.620075],[-122.710378,45.620163],[-122.710598,45.620255],[-122.711582,45.620812],[-122.713319,45.621654],[-122.714686,45.62224],[-122.714934,45.622484],[-122.715632,45.622622],[-122.715961,45.622929],[-122.716172,45.623062],[-122.716471,45.623097],[-122.716787,45.623214],[-122.716956,45.623353],[-122.721445,45.62587],[-122.72229,45.62615],[-122.722343,45.626206],[-122.722424,45.626432],[-122.722888,45.626644],[-122.723277,45.626748],[-122.724137,45.627289],[-122.724299,45.627353],[-122.724965,45.627876],[-122.726008,45.628348],[-122.727705,45.629393],[-122.728158,45.629339],[-122.728463,45.629407],[-122.728549,45.62951],[-122.72868,45.6299],[-122.729015,45.63013],[-122.729683,45.630495],[-122.730809,45.631419],[-122.732496,45.632615],[-122.733444,45.633245],[-122.734073,45.633582],[-122.734489,45.633629],[-122.734605,45.633679],[-122.734705,45.633797],[-122.734833,45.634079],[-122.735287,45.634381],[-122.735697,45.634609],[-122.736016,45.634925],[-122.736379,45.635196],[-122.736565,45.635379],[-122.736986,45.635667],[-122.73727,45.63582],[-122.738236,45.636764],[-122.738562,45.63678],[-122.738686,45.636838],[-122.739285,45.637595],[-122.740188,45.638418],[-122.74064,45.638653],[-122.742905,45.640402],[-122.742942,45.64049],[-122.742921,45.642098]]]]}},{"type":"Feature","properties":{"from":"Beaumont Middle School","to":"Roseway Heights Middle School"},"geometry":{"type":"Polygon","coordinates":[[[-122.60881,45.550169],[-122.608686,45.549791],[-122.60869,45.549712],[-122.60886,45.549393],[-122.609048,45.549247],[-122.609141,45.549241],[-122.609198,45.549283],[-122.609222,45.54935],[-122.609208,45.550262],[-122.609158,45.550327],[-122.609068,45.550343],[-122.60881,45.550169]]]}}]}