{"type":"FeatureCollection","features":[{"type":"Feature","properties":{"name":"Abernethy Elementary","school_label":"Abernethy K-5 Neighborhood","cluster":"Cleveland","clusters":[{"name":"Cleveland","share":1.0}],"level":"K-5","area_sqmi":2.78},"geometry":{"type":"MultiPolygon","coordinates":[[[[-122.637602,45.501961],[-122.637587,45.4978],[-122.639609,45.497953],[-122.640177,45.498072],[-122.643037,45.498918],[-122.645641,45.499608],[-122.646644,45.499765],[-122.649158,45.500007],[-122.650512,45.500287],[-122.653148,45.500939],[-122.655781,45.501491],[-122.656498,45.501554],[-122.659362,45.501584],[-122.66037,45.501557],[-122.662155,45.50144],[-122.666436,45.501085],[-122.669625,45.507541],[-122.670945,45.513239],[-122.669536,45.517847],[-122.668198,45.520494],[-122.667888,45.52306],[-122.661701,45.522949],[-122.643389,45.522888],[-122.643415,45.521463],[-122.641376,45.521463],[-122.641431,45.519335],[-122.639034,45.519334],[-122.639071,45.516979],[-122.642445,45.516984],[-122.642467,45.513615],[-122.6434,45.513621],[-122.643408,45.512904],[-122.643473,45.51291],[-122.643499,45.512094],[-122.622773,45.512061],[-122.622599,45.505502],[-122.6226,45.500525],[-122.6262,45.500527],[-122.626207,45.499811],[-122.62855,45.499813],[-122.628559,45.501954],[-122.637602,45.501961]]]]}},{"type":"Feature","properties":{"name":"Ainsworth Elementary","school_label":"Ainsworth K-5 Spanish Immersion","cluster":"Lincoln","clusters":[{"name":"Lincoln","share":1.0}],"level":"K-5","area_sqmi":4.62},"geometry":{"type":"MultiPolygon","coordinates":[[[[-122.691265,45.489279],[-122.691642,45.489508],[-122.692456,45.489515],[-122.692458,45.489569],[-122.694398,45.48957],[-122.695056,45.489481],[-122.695051,45.489344],[-122.698347,45.489357],[-122.698466,45.489644],[-122.698906,45.489826],[-122.699333,45.489948],[-122.699434,45.490037],[-122.699514,45.490135],[-122.699551,45.490264],[-122.699573,45.490576],[-122.699723,45.490817],[-122.699959,45.491071],[-122.700573,45.491258],[-122.70073,45.491399],[-122.700748,45.49159],[-122.70061,45.491989],[-122.700606,45.492179],[-122.700831,45.492388],[-122.700833,45.492457],[-122.701439,45.492407],[-122.702103,45.492204],[-122.702255,45.492193],[-122.702581,45.492218],[-122.702988,45.49237],[-122.703278,45.492608],[-122.703517,45.492908],[-122.703554,45.493052],[-122.703464,45.493565],[-122.703513,45.493701],[-122.703646,45.493782],[-122.704266,45.493831],[-122.704389,45.493936],[-122.704424,45.494027],[-122.704417,45.494126],[-122.704321,45.494471],[-122.704404,45.494652],[-122.704591,45.49474],[-122.704809,45.494758],[-122.70541,45.49461],[-122.706005,45.494568],[-122.706462,45.494605],[-122.706682,45.494692],[-122.706764,45.494858],[-122.706733,45.49492],[-122.706245,45.495516],[-122.706097,45.495595],[-122.70603,45.49584],[-122.706088,45.495961],[-122.706264,45.496034],[-122.707111,45.496056],[-122.707416,45.496095],[-122.707983,45.496191],[-122.708355,45.496298],[-122.708643,45.496453],[-122.709248,45.496982],[-122.710003,45.497471],[-122.710657,45.498487],[-122.711005,45.49941],[-122.711031,45.499524],[-122.710967,45.500135],[-122.710975,45.500973],[-122.710883,45.501112],[-122.711022,45.501369],[-122.711157,45.501488],[-122.711289,45.501554],[-122.711821,45.501574],[-122.712117,45.501645],[-122.713232,45.502195],[-122.713622,45.501883],[-122.714204,45.501498],[-122.714911,45.500973],[-122.716283,45.500231],[-122.716862,45.500052],[-122.717091,45.50007],[-122.717697,45.500348],[-122.717784,45.500354],[-122.718316,45.499772],[-122.719027,45.499354],[-122.719272,45.499243],[-122.719626,45.499137],[-122.720423,45.498977],[-122.722448,45.499212],[-122.722896,45.498997],[-122.724007,45.498541],[-122.72466,45.498315],[-122.72561,45.498205],[-122.726134,45.498287],[-122.726437,45.498288],[-122.727267,45.498135],[-122.727856,45.497956],[-122.729135,45.497946],[-122.729737,45.498392],[-122.729706,45.49933],[-122.729734,45.500976],[-122.728617,45.500967],[-122.728618,45.501302],[-122.728553,45.501304],[-122.728565,45.502218],[-122.72771,45.502562],[-122.727215,45.502648],[-122.726364,45.503107],[-122.726234,45.503124],[-122.726034,45.503288],[-122.725872,45.503292],[-122.725873,45.505113],[-122.725467,45.505266],[-122.725283,45.505292],[-122.724434,45.505194],[-122.723891,45.505174],[-122.723415,45.505191],[-122.722897,45.505285],[-122.722927,45.508463],[-122.724405,45.509151],[-122.725118,45.509373],[-122.725872,45.509534],[-122.726808,45.509622],[-122.727643,45.509614],[-122.728334,45.509547],[-122.731348,45.508917],[-122.732027,45.50882],[-122.732633,45.50877],[-122.733955,45.508752],[-122.735996,45.508811],[-122.735536,45.509277],[-122.735373,45.509555],[-122.735363,45.509867],[-122.735632,45.510693],[-122.735616,45.510846],[-122.735534,45.511],[-122.735272,45.511249],[-122.734877,45.511401],[-122.734671,45.51142],[-122.733386,45.511263],[-122.733191,45.511282],[-122.732859,45.511379],[-122.732678,45.511467],[-122.732134,45.512019],[-122.73192,45.512107],[-122.731543,45.512175],[-122.730601,45.512216],[-122.730343,45.51229],[-122.730024,45.512441],[-122.729751,45.512698],[-122.729659,45.512844],[-122.729574,45.513196],[-122.729841,45.513976],[-122.72987,45.514166],[-122.729853,45.514296],[-122.729783,45.51445],[-122.729593,45.514614],[-122.729327,45.514733],[-122.729101,45.514791],[-122.728884,45.514803],[-122.727892,45.514647],[-122.727676,45.514681],[-122.727462,45.514762],[-122.727242,45.514957],[-122.727203,45.515079],[-122.727196,45.515194],[-122.727233,45.515315],[-122.727392,45.515525],[-122.727658,45.515657],[-122.727832,45.515684],[-122.728178,45.515663],[-122.730036,45.515161],[-122.730285,45.515126],[-122.730588,45.515128],[-122.730818,45.515184],[-122.730973,45.515265],[-122.73114,45.515376],[-122.731275,45.515518],[-122.731367,45.515669],[-122.731395,45.515821],[-122.731381,45.516042],[-122.730984,45.517346],[-122.730991,45.517536],[-122.731073,45.51771],[-122.731319,45.517903],[-122.731615,45.517996],[-122.731866,45.518022],[-122.732644,45.517954],[-122.732973,45.518039],[-122.733252,45.518262],[-122.733545,45.518866],[-122.73357,45.518949],[-122.733553,45.519072],[-122.731521,45.518684],[-122.731206,45.51866],[-122.730665,45.518701],[-122.730244,45.51877],[-122.729633,45.51895],[-122.72861,45.51945],[-122.727968,45.519691],[-122.727407,45.519793],[-122.726942,45.519817],[-122.726278,45.519754],[-122.725807,45.519641],[-122.724026,45.518982],[-122.723753,45.518934],[-122.723395,45.518918],[-122.72306,45.518948],[-122.722651,45.519039],[-122.722119,45.519317],[-122.719808,45.521396],[-122.719607,45.52153],[-122.719199,45.52166],[-122.718691,45.521692],[-122.717625,45.521606],[-122.717192,45.52163],[-122.71672,45.521776],[-122.715711,45.522375],[-122.715294,45.522543],[-122.714527,45.522626],[-122.712382,45.522721],[-122.711984,45.52279],[-122.708042,45.52388],[-122.705967,45.52408],[-122.704841,45.524155],[-122.702664,45.524242],[-122.702153,45.524214],[-122.7005,45.523788],[-122.698144,45.523445],[-122.698165,45.52131],[-122.695366,45.521303],[-122.69536,45.519931],[-122.697931,45.519943],[-122.698178,45.519854],[-122.697243,45.51831],[-122.697138,45.518388],[-122.696965,45.518422],[-122.696693,45.518099],[-122.696616,45.518047],[-122.696518,45.518034],[-122.696746,45.517755],[-122.696381,45.517549],[-122.696313,45.517482],[-122.695797,45.516386],[-122.695794,45.51631],[-122.695898,45.516186],[-122.696445,45.516016],[-122.691809,45.515289],[-122.690702,45.515264],[-122.690118,45.515306],[-122.689399,45.515526],[-122.689069,45.515692],[-122.688974,45.51577],[-122.689094,45.515478],[-122.688718,45.515592],[-122.688426,45.515605],[-122.688186,45.515579],[-122.686992,45.515236],[-122.687369,45.514566],[-122.683811,45.513635],[-122.679759,45.512531],[-122.679604,45.512465],[-122.676954,45.511731],[-122.675816,45.511455],[-122.675073,45.512811],[-122.674694,45.513435],[-122.674533,45.513507],[-122.674281,45.51374],[-122.674057,45.513844],[-122.673551,45.513929],[-122.670945,45.513239],[-122.669625,45.507541],[-122.666436,45.501085],[-122.674341,45.500493],[-122.676243,45.500304],[-122.678872,45.50014],[-122.680542,45.500162],[-122.68018,45.499444],[-122.678921,45.497258],[-122.678545,45.49645],[-122.677998,45.495698],[-122.677412,45.495099],[-122.677105,45.494381],[-122.676873,45.493349],[-122.676858,45.49293],[-122.676882,45.492693],[-122.676958,45.492379],[-122.677152,45.492048],[-122.677422,45.491715],[-122.677842,45.491334],[-122.67852,45.490894],[-122.678937,45.490734],[-122.67942,45.490595],[-122.680335,45.490402],[-122.68128,45.490148],[-122.68179,45.489879],[-122.682244,45.48952],[-122.684727,45.489556],[-122.684704,45.490403],[-122.686558,45.490421],[-122.686592,45.490466],[-122.690138,45.49049],[-122.690543,45.489384],[-122.691032,45.489428],[-122.691265,45.489279]]]]}},{"type":"Feature","properties":{"name":"Alameda Elementary","school_label":"Alameda K-5 Neighborhood","cluster":"Grant","clusters":[{"name":"Grant","share":1.0}],"level":"K-5","area_sqmi":1.2},"geometry":{"type":"MultiPolygon","coordinates":[[[[-122.607514,45.541029],[-122.607502,45.541312],[-122.610269,45.541329],[-122.610509,45.541371],[-122.610631,45.541437],[-122.610767,45.541602],[-122.610822,45.541929],[-122.611129,45.54171],[-122.611536,45.541573],[-122.611829,45.541567],[-122.612256,45.541674],[-122.612921,45.541753],[-122.613354,45.541737],[-122.613493,45.541666],[-122.613816,45.541599],[-122.615096,45.541598],[-122.61582,45.541509],[-122.616049,45.54155],[-122.617748,45.54203],[-122.618134,45.542228],[-122.618624,45.542578],[-122.618774,45.542841],[-122.618815,45.543092],[-122.618928,45.543197],[-122.621658,45.544008],[-122.621803,45.544119],[-122.621871,45.544225],[-122.621957,45.544505],[-122.622396,45.544649],[-122.622625,45.544676],[-122.623153,45.544574],[-122.623467,45.544561],[-122.624049,45.544756],[-122.624246,45.54479],[-122.624495,45.544778],[-122.624861,45.544703],[-122.624987,45.544899],[-122.625315,45.545586],[-122.625387,45.546103],[-122.625485,45.546094],[-122.625827,45.54595],[-122.626152,45.545929],[-122.62648,45.546007],[-122.626834,45.546206],[-122.626999,45.546264],[-122.628305,45.546384],[-122.628499,45.546327],[-122.628521,45.546037],[-122.63055,45.54603],[-122.630554,45.542082],[-122.630672,45.542049],[-122.641013,45.54207],[-122.640959,45.545173],[-122.640981,45.546712],[-122.640957,45.549456],[-122.640906,45.550784],[-122.640498,45.550593],[-122.640257,45.550841],[-122.64023,45.551002],[-122.640071,45.551112],[-122.638779,45.552957],[-122.638784,45.553087],[-122.633693,45.553067],[-122.633667,45.555415],[-122.630508,45.555405],[-122.630514,45.553698],[-122.620388,45.553718],[-122.620119,45.553776],[-122.614757,45.553753],[-122.61478,45.551901],[-122.609515,45.551868],[-122.609568,45.548369],[-122.609468,45.548287],[-122.604388,45.548258],[-122.604458,45.542419],[-122.60442,45.54226],[-122.607514,45.541029]]]]}},{"type":"Feature","properties":{"name":"Arleta Elementary","school_label":"Arleta K-5 Neighborhood","cluster":"Franklin","clusters":[{"name":"Franklin","share":1.0}],"level":"K-5","area_sqmi":1.59},"geometry":{"type":"MultiPolygon","coordinates":[[[[-122.592096,45.479167],[-122.597071,45.479168],[-122.597048,45.480075],[-122.599628,45.480081],[-122.599589,45.483062],[-122.602158,45.483068],[-122.60212,45.485424],[-122.60136,45.485407],[-122.601301,45.490294],[-122.59898,45.490275],[-122.598634,45.490289],[-122.598386,45.490339],[-122.598924,45.49055],[-122.599464,45.490807],[-122.59941,45.493964],[-122.59529,45.493948],[-122.595237,45.49747],[-122.594694,45.497464],[-122.594645,45.497595],[-122.594592,45.501452],[-122.585354,45.501453],[-122.585146,45.501388],[-122.584799,45.501387],[-122.584311,45.501396],[-122.584107,45.501453],[-122.583826,45.501458],[-122.578653,45.501437],[-122.578633,45.500523],[-122.578674,45.499189],[-122.578669,45.497428],[-122.578714,45.496201],[-122.578769,45.491429],[-122.57862,45.49153],[-122.576788,45.491525],[-122.576777,45.490253],[-122.574935,45.490263],[-122.574054,45.49018],[-122.574029,45.490089],[-122.574123,45.485812],[-122.574133,45.482268],[-122.574881,45.482262],[-122.574835,45.482202],[-122.574859,45.481614],[-122.577449,45.482253],[-122.578954,45.482821],[-122.579025,45.479489],[-122.581512,45.479627],[-122.588025,45.479615],[-122.589312,45.47953],[-122.591502,45.479544],[-122.592096,45.479167]]]]}},{"type":"Feature","properties":{"name":"Astor K-8","school_label":"Astor K-8 Neighborhood","cluster":"Roosevelt","clusters":[{"name":"Roosevelt","share":1.0}],"level":"K-8","area_sqmi":7.99},"geometry":{"type":"MultiPolygon","coordinates":[[[[-122.721627,45.601349],[-122.725242,45.601561],[-122.726411,45.60176],[-122.727637,45.602323],[-122.729368,45.603311],[-122.729621,45.603405],[-122.730433,45.603602],[-122.730738,45.60365],[-122.73273,45.603756],[-122.73406,45.603867],[-122.734726,45.603969],[-122.736073,45.60427],[-122.737015,45.604762],[-122.737528,45.605133],[-122.738315,45.60585],[-122.738631,45.606179],[-122.739337,45.606752],[-122.739826,45.607055],[-122.740617,45.607299],[-122.740945,45.607346],[-122.743199,45.6075],[-122.744862,45.607818],[-122.746061,45.607916],[-122.7465,45.608053],[-122.74721,45.60845],[-122.747824,45.60888],[-122.748469,45.609279],[-122.748822,45.60944],[-122.749239,45.609546],[-122.750932,45.609795],[-122.751764,45.609962],[-122.752303,45.610142],[-122.753362,45.610571],[-122.753493,45.610591],[-122.75374,45.610525],[-122.756114,45.608916],[-122.756207,45.608792],[-122.756192,45.608663],[-122.754894,45.606478],[-122.755019,45.606339],[-122.755804,45.606133],[-122.756235,45.606025],[-122.757465,45.60581],[-122.758332,45.605748],[-122.759443,45.605825],[-122.760024,45.605966],[-122.762591,45.606921],[-122.763073,45.607034],[-122.763958,45.607176],[-122.76471,45.60723],[-122.765827,45.607178],[-122.766216,45.607117],[-122.766349,45.60719],[-122.766502,45.60721],[-122.767971,45.606701],[-122.774989,45.606707],[-122.77999,45.606813],[-122.781751,45.60626],[-122.782373,45.606316],[-122.787586,45.614657],[-122.788008,45.615183],[-122.788548,45.61566],[-122.789033,45.616153],[-122.789348,45.616718],[-122.789598,45.6173],[-122.79042,45.620066],[-122.790501,45.622213],[-122.790524,45.624835],[-122.790069,45.62633],[-122.790006,45.627543],[-122.789866,45.62814],[-122.788617,45.631046],[-122.788335,45.631623],[-122.787714,45.632756],[-122.786636,45.634424],[-122.785823,45.634478],[-122.759685,45.63453],[-122.743348,45.634492],[-122.742995,45.634956],[-122.742985,45.635566],[-122.742611,45.635444],[-122.74204,45.634983],[-122.739811,45.633494],[-122.738416,45.632515],[-122.737349,45.631561],[-122.735312,45.630267],[-122.73344,45.629007],[-122.732426,45.628029],[-122.731781,45.627622],[-122.731094,45.627254],[-122.730305,45.6265],[-122.72936,45.625924],[-122.728579,45.625664],[-122.727882,45.625305],[-122.726128,45.624302],[-122.723451,45.62302],[-122.717948,45.61991],[-122.716179,45.61906],[-122.712429,45.61754],[-122.712088,45.617424],[-122.710827,45.617106],[-122.709462,45.616332],[-122.708791,45.616108],[-122.707905,45.615622],[-122.706505,45.615085],[-122.705878,45.614876],[-122.70506,45.61448],[-122.7043,45.61419],[-122.704094,45.613897],[-122.704211,45.613826],[-122.70501,45.612492],[-122.705135,45.612345],[-122.718742,45.601161],[-122.719337,45.600792],[-122.720128,45.601043],[-122.721027,45.60127],[-122.721627,45.601349]]],[[[-122.7308,45.566814],[-122.737099,45.570723],[-122.746399,45.577081],[-122.741249,45.581419],[-122.74014,45.582271],[-122.735535,45.58608],[-122.732029,45.585226],[-122.730025,45.584488],[-122.72924,45.584396],[-122.728029,45.586028],[-122.727319,45.586217],[-122.72644,45.586227],[-122.725596,45.586312],[-122.726011,45.58577],[-122.725561,45.585344],[-122.721697,45.583925],[-122.720868,45.583812],[-122.71999,45.583852],[-122.715474,45.583893],[-122.713887,45.58384],[-122.708055,45.58383],[-122.708091,45.575248],[-122.709203,45.575371],[-122.710074,45.575423],[-122.712684,45.575541],[-122.713563,45.575539],[-122.71443,45.575492],[-122.718637,45.574755],[-122.720213,45.574191],[-122.721429,45.573596],[-122.721545,45.573494],[-122.721927,45.572961],[-122.724099,45.570892],[-122.7308,45.566814]]]]}},{"type":"Feature","properties":{"name":"Atkinson Elementary","school_label":"Atkinson K-5 Neighborhood","cluster":"Franklin","clusters":[{"name":"Franklin","share":1.0}],"level":"K-5","area_sqmi":1.86},"geometry":{"type":"MultiPolygon","coordinates":[[[[-122.599464,45.490807],[-122.598924,45.49055],[-122.598386,45.490339],[-122.598634,45.490289],[-122.59898,45.490275],[-122.610158,45.490321],[-122.618982,45.490311],[-122.618949,45.493093],[-122.619019,45.493252],[-122.619207,45.49334],[-122.622633,45.493345],[-122.622619,45.496082],[-122.624094,45.496092],[-122.624355,45.496118],[-122.624629,45.496197],[-122.625761,45.496648],[-122.625807,45.496716],[-122.625874,45.497081],[-122.626188,45.49706],[-122.626204,45.499102],[-122.628535,45.499097],[-122.62855,45.499813],[-122.626207,45.499811],[-122.6262,45.500527],[-122.6226,45.500525],[-122.622583,45.504085],[-122.622618,45.504808],[-122.619528,45.504812],[-122.619238,45.504886],[-122.618729,45.505208],[-122.61833,45.505276],[-122.611088,45.505318],[-122.611171,45.505538],[-122.611236,45.508037],[-122.611511,45.511934],[-122.611438,45.512026],[-122.60671,45.51203],[-122.606723,45.51177],[-122.606678,45.511718],[-122.601804,45.511921],[-122.601757,45.509895],[-122.597755,45.5099],[-122.597694,45.507172],[-122.59365,45.507201],[-122.593664,45.505394],[-122.582149,45.505398],[-122.581245,45.505277],[-122.578627,45.504837],[-122.578653,45.501437],[-122.583826,45.501458],[-122.584107,45.501453],[-122.584311,45.501396],[-122.584799,45.501387],[-122.585146,45.501388],[-122.585354,45.501453],[-122.594592,45.501452],[-122.594645,45.497595],[-122.594694,45.497464],[-122.595237,45.49747],[-122.59529,45.493948],[-122.59941,45.493964],[-122.599464,45.490807]]]]}},{"type":"Feature","properties":{"name":"Beverly Cleary Elementary","school_label":"Beverly Cleary K-5 Neighborhood","cluster":"Grant","clusters":[{"name":"Grant","share":1.0}],"level":"K-5","area_sqmi":1.78},"geometry":{"type":"MultiPolygon","coordinates":[[[[-122.634392,45.530205],[-122.634429,45.530326],[-122.634793,45.530807],[-122.635588,45.530587],[-122.636419,45.530472],[-122.644759,45.530073],[-122.644716,45.535035],[-122.664595,45.535111],[-122.664587,45.535813],[-122.663567,45.535809],[-122.66356,45.536526],[-122.664081,45.536523],[-122.664068,45.537088],[-122.661529,45.537082],[-122.661464,45.543836],[-122.661493,45.544643],[-122.661343,45.544692],[-122.658456,45.544678],[-122.658418,45.548215],[-122.658464,45.548282],[-122.654318,45.548269],[-122.654347,45.546005],[-122.655367,45.546008],[-122.655371,45.545216],[-122.640959,45.545173],[-122.641013,45.54207],[-122.630672,45.542049],[-122.630554,45.542082],[-122.63055,45.54603],[-122.628521,45.546037],[-122.628499,45.546327],[-122.628305,45.546384],[-122.626999,45.546264],[-122.626834,45.546206],[-122.62648,45.546007],[-122.626152,45.545929],[-122.625827,45.54595],[-122.625485,45.546094],[-122.625387,45.546103],[-122.625315,45.545586],[-122.624987,45.544899],[-122.624861,45.544703],[-122.624495,45.544778],[-122.624246,45.54479],[-122.624049,45.544756],[-122.623467,45.544561],[-122.623153,45.544574],[-122.622625,45.544676],[-122.622287,45.544621],[-122.621957,45.544505],[-122.621871,45.544225],[-122.621803,45.544119],[-122.621658,45.544008],[-122.618928,45.543197],[-122.618815,45.543092],[-122.618774,45.542841],[-122.618624,45.542578],[-122.618134,45.542228],[-122.617748,45.54203],[-122.61582,45.541509],[-122.615096,45.541598],[-122.614836,45.541603],[-122.614869,45.533783],[-122.621184,45.533811],[-122.622151,45.533839],[-122.623734,45.53381],[-122.624805,45.534049],[-122.632326,45.531006],[-122.634392,45.530205]]]]}},{"type":"Feature","properties":{"name":"Boise-Eliot/Humboldt Elementary","school_label":"Boise-Eliot/Humboldt K-5 Mandarin Immersion","cluster":"Jefferson","clusters":[{"name":"Jefferson","share":1.0}],"level":"K-5","area_sqmi":1.6},"geometry":{"type":"MultiPolygon","coordinates":[[[[-122.674123,45.531837],[-122.682891,45.537935],[-122.687297,45.540702],[-122.685667,45.542127],[-122.685273,45.542348],[-122.680785,45.545498],[-122.679504,45.546696],[-122.678683,45.548022],[-122.67865,45.553487],[-122.678594,45.554647],[-122.676445,45.554642],[-122.676432,45.555503],[-122.675304,45.55551],[-122.674796,45.555877],[-122.674782,45.55824],[-122.674853,45.558399],[-122.674822,45.561166],[-122.672792,45.561174],[-122.672782,45.562706],[-122.664609,45.562739],[-122.664644,45.559126],[-122.664426,45.559122],[-122.664537,45.5546],[-122.664544,45.550812],[-122.663524,45.550816],[-122.663523,45.549559],[-122.661449,45.549537],[-122.66146,45.548295],[-122.658464,45.548282],[-122.658418,45.548215],[-122.658456,45.544678],[-122.661343,45.544692],[-122.661493,45.544643],[-122.661464,45.543836],[-122.661529,45.537082],[-122.664068,45.537088],[-122.664081,45.536523],[-122.66356,45.536526],[-122.663567,45.535809],[-122.664587,45.535813],[-122.664595,45.535111],[-122.668316,45.535102],[-122.668721,45.534904],[-122.669719,45.53429],[-122.671367,45.533352],[-122.674123,45.531837]]]]}},{"type":"Feature","properties":{"name":"Bridger Creative Science Elementary","school_label":"Bridger Creative Science K-5 Neighborhood","cluster":"Franklin","clusters":[{"name":"Franklin","share":1.0}],"level":"K-5","area_sqmi":0.61},"geometry":{"type":"MultiPolygon","coordinates":[[[[-122.578598,45.511331],[-122.578627,45.504837],[-122.581245,45.505277],[-122.582149,45.505398],[-122.593664,45.505394],[-122.59365,45.507201],[-122.592447,45.507207],[-122.592447,45.507832],[-122.592411,45.508046],[-122.591812,45.508621],[-122.59078,45.510164],[-122.590541,45.510778],[-122.59047,45.511237],[-122.590458,45.511855],[-122.590672,45.512399],[-122.59069,45.512605],[-122.590646,45.512911],[-122.590645,45.5132],[-122.590686,45.513428],[-122.590855,45.513928],[-122.591091,45.514488],[-122.591319,45.514819],[-122.591522,45.515044],[-122.59179,45.515275],[-122.592067,45.515461],[-122.592192,45.515611],[-122.592129,45.515688],[-122.592131,45.51924],[-122.57895,45.519152],[-122.5789,45.517674],[-122.578673,45.513532],[-122.578598,45.511331]]]]}},{"type":"Feature","properties":{"name":"Bridlemile Elementary","school_label":"Bridlemile K-5 Neighborhood","cluster":"Lincoln","clusters":[{"name":"Lincoln","share":0.51},{"name":"Wells-Barnett","share":0.49}],"level":"K-5","area_sqmi":3.09},"geometry":{"type":"MultiPolygon","coordinates":[[[[-122.713008,45.482886],[-122.716535,45.484487],[-122.717371,45.484821],[-122.718336,45.485138],[-122.719473,45.48539],[-122.72029,45.485504],[-122.722498,45.485698],[-122.725622,45.486056],[-122.726072,45.486215],[-122.727472,45.486836],[-122.728183,45.48702],[-122.728607,45.487065],[-122.737507,45.487052],[-122.743818,45.487096],[-122.74386,45.489999],[-122.743851,45.498002],[-122.746401,45.498044],[-122.746409,45.497967],[-122.746998,45.498062],[-122.747028,45.498008],[-122.747711,45.497995],[-122.747703,45.498071],[-122.750361,45.498111],[-122.75048,45.498124],[-122.750673,45.498348],[-122.750955,45.498351],[-122.75104,45.498014],[-122.751445,45.498105],[-122.751987,45.498391],[-122.752897,45.498686],[-122.753332,45.498121],[-122.753893,45.498339],[-122.754136,45.498166],[-122.754906,45.498181],[-122.755353,45.498226],[-122.757414,45.498254],[-122.757358,45.497638],[-122.757847,45.497643],[-122.757848,45.498261],[-122.758325,45.498274],[-122.758365,45.497587],[-122.759044,45.497765],[-122.760367,45.498348],[-122.761067,45.498525],[-122.762401,45.49824],[-122.762703,45.498203],[-122.763866,45.498279],[-122.763944,45.500953],[-122.764662,45.501007],[-122.76467,45.501823],[-122.764324,45.50183],[-122.764273,45.501937],[-122.764336,45.502165],[-122.76464,45.502166],[-122.764633,45.50257],[-122.764192,45.502671],[-122.76431,45.502912],[-122.764281,45.50507],[-122.764489,45.505104],[-122.764489,45.505409],[-122.764406,45.506096],[-122.761647,45.505975],[-122.75952,45.505933],[-122.758318,45.505965],[-122.758325,45.507908],[-122.751092,45.507928],[-122.751089,45.508416],[-122.747294,45.508453],[-122.747324,45.508681],[-122.74661,45.50871],[-122.746405,45.508455],[-122.746037,45.508462],[-122.745753,45.508117],[-122.745108,45.508274],[-122.745204,45.51235],[-122.743858,45.512323],[-122.743856,45.516675],[-122.743155,45.517093],[-122.742278,45.517705],[-122.741492,45.518162],[-122.740969,45.518393],[-122.738417,45.519213],[-122.73714,45.519588],[-122.736307,45.519635],[-122.73563,45.519519],[-122.733553,45.519072],[-122.73357,45.518949],[-122.733545,45.518866],[-122.733252,45.518262],[-122.732973,45.518039],[-122.732644,45.517954],[-122.731866,45.518022],[-122.731615,45.517996],[-122.731319,45.517903],[-122.731073,45.51771],[-122.730991,45.517536],[-122.730984,45.517346],[-122.731381,45.516042],[-122.731395,45.515821],[-122.731367,45.515669],[-122.731275,45.515518],[-122.73114,45.515376],[-122.730973,45.515265],[-122.730818,45.515184],[-122.730588,45.515128],[-122.730285,45.515126],[-122.730036,45.515161],[-122.728178,45.515663],[-122.727832,45.515684],[-122.727658,45.515657],[-122.727392,45.515525],[-122.727233,45.515315],[-122.727196,45.515194],[-122.727203,45.515079],[-122.727242,45.514957],[-122.727462,45.514762],[-122.727676,45.514681],[-122.727892,45.514647],[-122.728884,45.514803],[-122.729101,45.514791],[-122.729327,45.514733],[-122.729593,45.514614],[-122.729783,45.51445],[-122.729853,45.514296],[-122.72987,45.514166],[-122.729841,45.513976],[-122.729574,45.513196],[-122.729659,45.512844],[-122.729751,45.512698],[-122.730024,45.512441],[-122.730343,45.51229],[-122.730601,45.512216],[-122.731543,45.512175],[-122.73192,45.512107],[-122.732134,45.512019],[-122.732678,45.511467],[-122.732859,45.511379],[-122.733191,45.511282],[-122.733386,45.511263],[-122.734671,45.51142],[-122.734877,45.511401],[-122.735272,45.511249],[-122.735534,45.511],[-122.735616,45.510846],[-122.735632,45.510693],[-122.735363,45.509867],[-122.735373,45.509555],[-122.735536,45.509277],[-122.735996,45.508811],[-122.733955,45.508752],[-122.732633,45.50877],[-122.732027,45.50882],[-122.731348,45.508917],[-122.728334,45.509547],[-122.727643,45.509614],[-122.726808,45.509622],[-122.725872,45.509534],[-122.725118,45.509373],[-122.724405,45.509151],[-122.722927,45.508463],[-122.722897,45.505285],[-122.723415,45.505191],[-122.723891,45.505174],[-122.724434,45.505194],[-122.725283,45.505292],[-122.725467,45.505266],[-122.725873,45.505113],[-122.725872,45.503292],[-122.726034,45.503288],[-122.726234,45.503124],[-122.726364,45.503107],[-122.727215,45.502648],[-122.72771,45.502562],[-122.728565,45.502218],[-122.728553,45.501304],[-122.728618,45.501302],[-122.728617,45.500967],[-122.729734,45.500976],[-122.729706,45.49933],[-122.72972,45.498514],[-122.729748,45.498399],[-122.729135,45.497946],[-122.727856,45.497956],[-122.727267,45.498135],[-122.726437,45.498288],[-122.726134,45.498287],[-122.72561,45.498205],[-122.72466,45.498315],[-122.724007,45.498541],[-122.722896,45.498997],[-122.722448,45.499212],[-122.720564,45.498982],[-122.720304,45.498987],[-122.719992,45.499046],[-122.719272,45.499243],[-122.718836,45.499457],[-122.718316,45.499772],[-122.717784,45.500354],[-122.717697,45.500348],[-122.717091,45.50007],[-122.716862,45.500052],[-122.716283,45.500231],[-122.714911,45.500973],[-122.714204,45.501498],[-122.713622,45.501883],[-122.713455,45.501779],[-122.713016,45.501627],[-122.712949,45.501575],[-122.712654,45.500918],[-122.712314,45.500521],[-122.712277,45.500399],[-122.712258,45.499866],[-122.713022,45.49822],[-122.713058,45.498014],[-122.712953,45.497803],[-122.712241,45.497008],[-122.711649,45.496227],[-122.711632,45.49606],[-122.711662,45.495975],[-122.712048,45.495572],[-122.71213,45.495433],[-122.712186,45.49518],[-122.71218,45.49502],[-122.711995,45.494109],[-122.71184,45.493716],[-122.711758,45.493565],[-122.711578,45.493378],[-122.711356,45.493238],[-122.71084,45.493065],[-122.710717,45.49296],[-122.710669,45.492832],[-122.710696,45.492671],[-122.710817,45.492432],[-122.710831,45.492211],[-122.710703,45.49197],[-122.710431,45.491647],[-122.71038,45.491442],[-122.71038,45.488744],[-122.710412,45.487219],[-122.710382,45.485193],[-122.71051,45.485152],[-122.711212,45.485077],[-122.711425,45.484967],[-122.711655,45.484741],[-122.711896,45.48479],[-122.712851,45.48484],[-122.712897,45.484603],[-122.712967,45.484434],[-122.712958,45.483306],[-122.713008,45.482886]]]]}},{"type":"Feature","properties":{"name":"Capitol Hill Elementary","school_label":"Capitol Hill K-5 Neighborhood","cluster":"Wells-Barnett","clusters":[{"name":"Wells-Barnett","share":1.0}],"level":"K-5","area_sqmi":3.27},"geometry":{"type":"MultiPolygon","coordinates":[[[[-122.674713,45.458277],[-122.674978,45.452922],[-122.675346,45.452915],[-122.677911,45.453148],[-122.678343,45.453124],[-122.680047,45.452886],[-122.680622,45.452913],[-122.681115,45.453072],[-122.681424,45.453233],[-122.682201,45.453745],[-122.682608,45.453927],[-122.683698,45.453198],[-122.683954,45.453094],[-122.684191,45.453059],[-122.689458,45.453095],[-122.689521,45.453041],[-122.689722,45.453197],[-122.689952,45.453589],[-122.690206,45.453714],[-122.691048,45.453926],[-122.691189,45.453931],[-122.691456,45.453827],[-122.691515,45.453666],[-122.691952,45.454054],[-122.692515,45.454355],[-122.693733,45.454774],[-122.695924,45.454862],[-122.696653,45.454932],[-122.698246,45.455259],[-122.699932,45.454823],[-122.700257,45.454817],[-122.700403,45.454974],[-122.700691,45.455144],[-122.702251,45.455449],[-122.702405,45.455522],[-122.70253,45.455657],[-122.702628,45.455678],[-122.702627,45.458064],[-122.70329,45.458104],[-122.704742,45.458115],[-122.705239,45.458074],[-122.707864,45.457574],[-122.707872,45.458694],[-122.712036,45.456373],[-122.715457,45.454508],[-122.718373,45.454551],[-122.719102,45.454644],[-122.720565,45.454653],[-122.721173,45.454695],[-122.726408,45.454731],[-122.726517,45.456245],[-122.72704,45.457515],[-122.727122,45.457986],[-122.727045,45.458529],[-122.726928,45.458905],[-122.726355,45.459823],[-122.726074,45.460133],[-122.725842,45.460305],[-122.725099,45.460739],[-122.724878,45.460903],[-122.724658,45.461136],[-122.724262,45.461845],[-122.724043,45.462078],[-122.723545,45.4624],[-122.72344,45.462501],[-122.723339,45.462686],[-122.723282,45.462908],[-122.723263,45.462398],[-122.723287,45.461872],[-122.707884,45.461712],[-122.707855,45.460897],[-122.707871,45.459853],[-122.705048,45.461477],[-122.702714,45.462879],[-122.70127,45.463692],[-122.699413,45.464795],[-122.698966,45.465017],[-122.69681,45.466232],[-122.689654,45.470355],[-122.68879,45.470737],[-122.687694,45.471002],[-122.686625,45.471106],[-122.685616,45.471087],[-122.685982,45.47041],[-122.684982,45.47033],[-122.684514,45.470255],[-122.684491,45.46963],[-122.684711,45.469413],[-122.684103,45.469081],[-122.683692,45.468799],[-122.683439,45.46898],[-122.682993,45.46863],[-122.68329,45.468472],[-122.682931,45.468128],[-122.681859,45.468446],[-122.681787,45.468851],[-122.681548,45.46884],[-122.681516,45.468544],[-122.681151,45.468657],[-122.680884,45.468457],[-122.680785,45.468108],[-122.680825,45.468008],[-122.680585,45.467982],[-122.680586,45.468302],[-122.680077,45.468304],[-122.68008,45.468388],[-122.678974,45.468386],[-122.678138,45.468334],[-122.678148,45.468006],[-122.675395,45.468005],[-122.675396,45.468317],[-122.674518,45.468311],[-122.672977,45.467959],[-122.672626,45.469345],[-122.672822,45.469372],[-122.672922,45.469462],[-122.673069,45.469924],[-122.673116,45.470022],[-122.673227,45.470119],[-122.673828,45.470252],[-122.674035,45.470271],[-122.674218,45.470237],[-122.674327,45.470266],[-122.674397,45.470394],[-122.674566,45.470581],[-122.67471,45.470678],[-122.674871,45.470918],[-122.67489,45.47117],[-122.675304,45.471512],[-122.675269,45.471765],[-122.675313,45.472076],[-122.675372,45.472212],[-122.675519,45.472392],[-122.675934,45.472781],[-122.676008,45.473031],[-122.677038,45.473034],[-122.677007,45.473706],[-122.677023,45.474445],[-122.679385,45.474422],[-122.680279,45.480335],[-122.680454,45.481917],[-122.680808,45.483625],[-122.680959,45.48392],[-122.684734,45.483985],[-122.68475,45.484122],[-122.684723,45.48429],[-122.68461,45.484444],[-122.683858,45.484939],[-122.683609,45.485249],[-122.683564,45.485524],[-122.683614,45.485691],[-122.683694,45.485826],[-122.683874,45.486006],[-122.684084,45.486108],[-122.685468,45.486616],[-122.685703,45.486824],[-122.685797,45.487036],[-122.685813,45.487173],[-122.68555,45.488001],[-122.68553,45.488344],[-122.685558,45.488542],[-122.685622,45.4888],[-122.686016,45.489517],[-122.686189,45.4901],[-122.686363,45.490417],[-122.684704,45.490403],[-122.684727,45.489556],[-122.682244,45.48952],[-122.68179,45.489879],[-122.68128,45.490148],[-122.680335,45.490402],[-122.67942,45.490595],[-122.678937,45.490734],[-122.67852,45.490894],[-122.678138,45.491122],[-122.677663,45.491474],[-122.677338,45.491808],[-122.677152,45.492048],[-122.676958,45.492379],[-122.676909,45.492525],[-122.676858,45.49293],[-122.676873,45.493349],[-122.677105,45.494381],[-122.677412,45.495099],[-122.677998,45.495698],[-122.678545,45.49645],[-122.678921,45.497258],[-122.68018,45.499444],[-122.680542,45.500162],[-122.678872,45.50014],[-122.676243,45.500304],[-122.674341,45.500493],[-122.666436,45.501085],[-122.665962,45.499028],[-122.666698,45.495333],[-122.668207,45.491715],[-122.669315,45.487807],[-122.669361,45.485756],[-122.66913,45.484746],[-122.669147,45.484624],[-122.669107,45.484411],[-122.668844,45.48341],[-122.666458,45.471154],[-122.665729,45.465551],[-122.663949,45.461507],[-122.67459,45.461526],[-122.674726,45.458627],[-122.674713,45.458277]]]]}},{"type":"Feature","properties":{"name":"Chapman Elementary","school_label":"Chapman K-5 Neighborhood","cluster":"Lincoln","clusters":[{"name":"Lincoln","share":1.0}],"level":"K-5","area_sqmi":6.4},"geometry":{"type":"MultiPolygon","coordinates":[[[[-122.675073,45.512811],[-122.675816,45.511455],[-122.676954,45.511731],[-122.679604,45.512465],[-122.679759,45.512531],[-122.683811,45.513635],[-122.687369,45.514566],[-122.686992,45.515236],[-122.688186,45.515579],[-122.688426,45.515605],[-122.688718,45.515592],[-122.689094,45.515478],[-122.688974,45.51577],[-122.689069,45.515692],[-122.689399,45.515526],[-122.690118,45.515306],[-122.690702,45.515264],[-122.691809,45.515289],[-122.696445,45.516016],[-122.695898,45.516186],[-122.695794,45.51631],[-122.695797,45.516386],[-122.696313,45.517482],[-122.696381,45.517549],[-122.696746,45.517755],[-122.696518,45.518034],[-122.696616,45.518047],[-122.696693,45.518099],[-122.696965,45.518422],[-122.697138,45.518388],[-122.697243,45.51831],[-122.698178,45.519854],[-122.697931,45.519943],[-122.69536,45.519931],[-122.695366,45.521303],[-122.698165,45.52131],[-122.698144,45.523445],[-122.7005,45.523788],[-122.702153,45.524214],[-122.702664,45.524242],[-122.704841,45.524155],[-122.705967,45.52408],[-122.708042,45.52388],[-122.711984,45.52279],[-122.712382,45.522721],[-122.714527,45.522626],[-122.715294,45.522543],[-122.715711,45.522375],[-122.71672,45.521776],[-122.717192,45.52163],[-122.717625,45.521606],[-122.718691,45.521692],[-122.719199,45.52166],[-122.719607,45.52153],[-122.719808,45.521396],[-122.722119,45.519317],[-122.722651,45.519039],[-122.72306,45.518948],[-122.723395,45.518918],[-122.723753,45.518934],[-122.724026,45.518982],[-122.725807,45.519641],[-122.726278,45.519754],[-122.726714,45.519807],[-122.727115,45.519814],[-122.727634,45.519758],[-122.727968,45.519691],[-122.72861,45.51945],[-122.728574,45.519649],[-122.728362,45.52008],[-122.728321,45.520454],[-122.728249,45.520562],[-122.728471,45.520687],[-122.72849,45.520923],[-122.728451,45.526686],[-122.730582,45.526507],[-122.731031,45.526628],[-122.731919,45.527175],[-122.732233,45.527466],[-122.732652,45.52883],[-122.732815,45.529116],[-122.732974,45.529319],[-122.733142,45.529468],[-122.73362,45.529763],[-122.734181,45.529981],[-122.734541,45.530043],[-122.736042,45.530151],[-122.736513,45.530271],[-122.736911,45.530469],[-122.737945,45.531142],[-122.738581,45.531641],[-122.739446,45.532447],[-122.73979,45.532951],[-122.740438,45.534325],[-122.740697,45.534579],[-122.740376,45.535005],[-122.740165,45.535466],[-122.739785,45.536061],[-122.736217,45.5361],[-122.736204,45.537205],[-122.73744,45.537196],[-122.737424,45.538835],[-122.737663,45.538831],[-122.737649,45.540218],[-122.738506,45.539919],[-122.739667,45.540811],[-122.740927,45.541419],[-122.741419,45.541524],[-122.741412,45.541943],[-122.741959,45.542344],[-122.742827,45.542342],[-122.74358,45.543341],[-122.743485,45.543412],[-122.744028,45.543721],[-122.744179,45.543696],[-122.74436,45.542434],[-122.744734,45.541977],[-122.744792,45.541778],[-122.745036,45.541911],[-122.745429,45.542292],[-122.745761,45.54275],[-122.746568,45.542551],[-122.746647,45.542047],[-122.746601,45.541979],[-122.746762,45.541938],[-122.746855,45.541822],[-122.747162,45.541892],[-122.747899,45.54187],[-122.748247,45.541909],[-122.748955,45.542268],[-122.749035,45.542373],[-122.749283,45.543207],[-122.749297,45.543298],[-122.749257,45.543398],[-122.749217,45.543467],[-122.748559,45.543869],[-122.748475,45.543954],[-122.748467,45.544038],[-122.748513,45.544114],[-122.748691,45.544209],[-122.747773,45.544342],[-122.747502,45.544355],[-122.74699,45.544304],[-122.746551,45.544175],[-122.74613,45.543924],[-122.745571,45.543485],[-122.745471,45.543426],[-122.745242,45.543393],[-122.745028,45.543458],[-122.744471,45.543957],[-122.744171,45.544062],[-122.743855,45.544037],[-122.743646,45.543957],[-122.742296,45.543245],[-122.740259,45.541851],[-122.740167,45.54465],[-122.739895,45.544656],[-122.739735,45.54472],[-122.73944,45.544962],[-122.739235,45.544981],[-122.737687,45.544798],[-122.737459,45.544795],[-122.737322,45.544919],[-122.737142,45.545327],[-122.737168,45.545448],[-122.737292,45.54556],[-122.737531,45.545578],[-122.73768,45.545492],[-122.737762,45.545368],[-122.737879,45.54529],[-122.738385,45.545196],[-122.738518,45.545254],[-122.738633,45.54545],[-122.738766,45.545509],[-122.739111,45.545456],[-122.73921,45.545485],[-122.739289,45.545582],[-122.73925,45.54569],[-122.738598,45.545969],[-122.738537,45.546069],[-122.738617,45.546182],[-122.738805,45.546278],[-122.738799,45.546422],[-122.738671,45.546463],[-122.738204,45.546457],[-122.738064,45.546505],[-122.737886,45.546661],[-122.737617,45.546728],[-122.737468,45.546822],[-122.737451,45.546937],[-122.737356,45.547015],[-122.737174,45.547072],[-122.737133,45.547156],[-122.737192,45.547269],[-122.737163,45.547369],[-122.737056,45.547424],[-122.736385,45.547453],[-122.73618,45.547503],[-122.735486,45.547806],[-122.735162,45.547858],[-122.734975,45.547793],[-122.735231,45.547666],[-122.735326,45.54758],[-122.735344,45.547488],[-122.73532,45.54742],[-122.735208,45.547331],[-122.735001,45.547304],[-122.733951,45.547378],[-122.733788,45.547359],[-122.733643,45.547278],[-122.733596,45.547172],[-122.733767,45.546505],[-122.733751,45.546368],[-122.729196,45.549407],[-122.729129,45.549355],[-122.727938,45.550026],[-122.728218,45.550272],[-122.726609,45.552269],[-122.725221,45.551709],[-122.723331,45.554025],[-122.723314,45.557135],[-122.723376,45.562408],[-122.708772,45.554215],[-122.694701,45.54774],[-122.687297,45.540702],[-122.682891,45.537935],[-122.674123,45.531837],[-122.66893,45.527644],[-122.667888,45.52306],[-122.668198,45.520494],[-122.669536,45.517847],[-122.670945,45.513239],[-122.673551,45.513929],[-122.673971,45.513868],[-122.674207,45.513787],[-122.674533,45.513507],[-122.674694,45.513435],[-122.675073,45.512811]]]]}},{"type":"Feature","properties":{"name":"Chief Joseph Elementary","school_label":"Chief Joseph K-5 Neighborhood","cluster":"Jefferson","clusters":[{"name":"Jefferson","share":1.0}],"level":"K-5","area_sqmi":4.4},"geometry":{"type":"MultiPolygon","coordinates":[[[[-122.685667,45.542127],[-122.687297,45.540702],[-122.694701,45.54774],[-122.708772,45.554215],[-122.723376,45.562408],[-122.730789,45.566517],[-122.723854,45.570736],[-122.72162,45.572876],[-122.721048,45.57326],[-122.721238,45.573409],[-122.720086,45.57398],[-122.718392,45.574577],[-122.714087,45.575315],[-122.711991,45.575295],[-122.708847,45.575119],[-122.707766,45.574965],[-122.706671,45.574704],[-122.705673,45.574441],[-122.704345,45.57404],[-122.70363,45.573771],[-122.702621,45.573211],[-122.702619,45.577045],[-122.702569,45.577153],[-122.681895,45.577144],[-122.678435,45.577232],[-122.678511,45.571781],[-122.671573,45.571738],[-122.671562,45.572058],[-122.668587,45.57203],[-122.6686,45.571809],[-122.664138,45.57181],[-122.664139,45.569988],[-122.664529,45.569981],[-122.664609,45.562739],[-122.672782,45.562706],[-122.672792,45.561174],[-122.674822,45.561166],[-122.674853,45.558399],[-122.674782,45.55824],[-122.674796,45.555877],[-122.675304,45.55551],[-122.676432,45.555503],[-122.676445,45.554642],[-122.678594,45.554647],[-122.67865,45.553487],[-122.678683,45.548022],[-122.679504,45.546696],[-122.680785,45.545498],[-122.685273,45.542348],[-122.685667,45.542127]]]]}},{"type":"Feature","properties":{"name":"Clark Elementary","school_label":"Clark K-5 Neighborhood","cluster":"McDaniel","clusters":[{"name":"McDaniel","share":1.0}],"level":"K-5","area_sqmi":1.64},"geometry":{"type":"MultiPolygon","coordinates":[[[[-122.558294,45.491547],[-122.558323,45.489809],[-122.566612,45.490017],[-122.571406,45.490091],[-122.57388,45.490168],[-122.574935,45.490263],[-122.576777,45.490253],[-122.576788,45.491525],[-122.57862,45.49153],[-122.578769,45.491429],[-122.578714,45.496201],[-122.578669,45.497428],[-122.578674,45.499189],[-122.578633,45.500523],[-122.578655,45.502154],[-122.578623,45.503427],[-122.578598,45.511331],[-122.578673,45.513532],[-122.5789,45.517674],[-122.57895,45.519152],[-122.568644,45.519087],[-122.568654,45.518401],[-122.564435,45.518416],[-122.564406,45.514026],[-122.563658,45.514017],[-122.563742,45.511051],[-122.563787,45.507536],[-122.567269,45.507573],[-122.567283,45.504463],[-122.552931,45.504256],[-122.552964,45.50203],[-122.553051,45.502029],[-122.553069,45.499658],[-122.558155,45.499666],[-122.558219,45.497051],[-122.563816,45.497133],[-122.563824,45.496393],[-122.564453,45.496413],[-122.564711,45.495379],[-122.564899,45.493547],[-122.56337,45.493544],[-122.560614,45.493471],[-122.560632,45.493372],[-122.560816,45.493026],[-122.560833,45.491615],[-122.558294,45.491547]]]]}},{"type":"Feature","properties":{"name":"Duniway Elementary","school_label":"Duniway K-5 Neighborhood","cluster":"Cleveland","clusters":[{"name":"Cleveland","share":1.0}],"level":"K-5","area_sqmi":1.49},"geometry":{"type":"MultiPolygon","coordinates":[[[[-122.646626,45.455728],[-122.65267,45.455355],[-122.653006,45.458131],[-122.653033,45.458283],[-122.653089,45.458343],[-122.653304,45.458301],[-122.659445,45.457926],[-122.66135,45.45757],[-122.661982,45.458564],[-122.663949,45.461507],[-122.665199,45.464349],[-122.641846,45.464323],[-122.641336,45.464287],[-122.640626,45.464132],[-122.640181,45.464126],[-122.638799,45.464266],[-122.637251,45.464295],[-122.638273,45.468742],[-122.638933,45.471801],[-122.639573,45.474296],[-122.6377,45.474377],[-122.63589,45.474373],[-122.63547,45.474434],[-122.63503,45.474549],[-122.634816,45.474637],[-122.634488,45.474856],[-122.634445,45.475185],[-122.634505,45.475367],[-122.634734,45.475721],[-122.634806,45.475902],[-122.634841,45.476298],[-122.634813,45.476725],[-122.634734,45.47694],[-122.634641,45.477094],[-122.634359,45.477389],[-122.63418,45.47753],[-122.634066,45.477692],[-122.634117,45.477912],[-122.634207,45.478009],[-122.634561,45.478201],[-122.634651,45.478298],[-122.634698,45.478412],[-122.634599,45.478673],[-122.634409,45.478829],[-122.633202,45.479026],[-122.632796,45.479186],[-122.632365,45.479271],[-122.631384,45.479113],[-122.630984,45.479121],[-122.630272,45.479218],[-122.629904,45.479232],[-122.629349,45.479182],[-122.628861,45.479183],[-122.628269,45.479301],[-122.627621,45.479359],[-122.627382,45.479348],[-122.626587,45.479218],[-122.620625,45.479206],[-122.620664,45.474701],[-122.62126,45.474698],[-122.621258,45.474027],[-122.621223,45.473959],[-122.6212,45.473282],[-122.621211,45.472664],[-122.621111,45.47259],[-122.621082,45.470509],[-122.621058,45.470441],[-122.621062,45.470251],[-122.621181,45.470249],[-122.621132,45.466644],[-122.621035,45.466646],[-122.621023,45.465366],[-122.620926,45.465368],[-122.620925,45.465033],[-122.622582,45.465025],[-122.622558,45.463394],[-122.622483,45.462458],[-122.622448,45.461453],[-122.641509,45.461494],[-122.641487,45.459955],[-122.641358,45.45873],[-122.641432,45.458698],[-122.643599,45.458673],[-122.646991,45.458709],[-122.646626,45.455728]]]]}},{"type":"Feature","properties":{"name":"Faubion Elementary","school_label":"Faubion K-5 Neighborhood","cluster":"Jefferson","clusters":[{"name":"Jefferson","share":1.0}],"level":"K-5","area_sqmi":11.34},"geometry":{"type":"MultiPolygon","coordinates":[[[[-122.627418,45.563907],[-122.627421,45.562764],[-122.63796,45.562713],[-122.637954,45.566287],[-122.641167,45.566273],[-122.64116,45.568232],[-122.643298,45.56823],[-122.643298,45.569145],[-122.646435,45.569139],[-122.646436,45.572569],[-122.643288,45.572574],[-122.643266,45.574122],[-122.643636,45.574123],[-122.643625,45.575068],[-122.643727,45.5755],[-122.643729,45.576468],[-122.643755,45.576605],[-122.643688,45.579639],[-122.646381,45.579642],[-122.64635,45.582166],[-122.647904,45.582182],[-122.647901,45.582716],[-122.649244,45.582919],[-122.649965,45.582738],[-122.650657,45.582672],[-122.651419,45.582711],[-122.652337,45.582884],[-122.653499,45.583198],[-122.657938,45.584677],[-122.661349,45.585626],[-122.66224,45.585937],[-122.663388,45.586457],[-122.66377,45.586526],[-122.663944,45.586522],[-122.664535,45.586367],[-122.664888,45.586192],[-122.665463,45.585587],[-122.66577,45.585345],[-122.666606,45.585055],[-122.667235,45.585028],[-122.667965,45.585098],[-122.668504,45.58527],[-122.670886,45.586612],[-122.671525,45.586859],[-122.67204,45.58701],[-122.672499,45.58707],[-122.673093,45.58699],[-122.674371,45.586592],[-122.674945,45.586536],[-122.675293,45.586567],[-122.675698,45.586651],[-122.676563,45.587153],[-122.677149,45.587446],[-122.677711,45.58768],[-122.678349,45.587889],[-122.679465,45.588142],[-122.680741,45.588285],[-122.682394,45.588353],[-122.683194,45.588536],[-122.684095,45.588846],[-122.684803,45.589199],[-122.685386,45.589409],[-122.688561,45.590126],[-122.689153,45.59029],[-122.693179,45.591699],[-122.694221,45.591992],[-122.695653,45.592551],[-122.698504,45.593594],[-122.700839,45.594205],[-122.701621,45.594494],[-122.702418,45.594624],[-122.703541,45.594724],[-122.704778,45.594693],[-122.705855,45.594741],[-122.706599,45.594894],[-122.707005,45.595016],[-122.708137,45.595383],[-122.709337,45.595817],[-122.709994,45.595972],[-122.71206,45.596344],[-122.712874,45.596618],[-122.714557,45.597492],[-122.715593,45.598204],[-122.716599,45.598985],[-122.718289,45.60005],[-122.718765,45.600315],[-122.719162,45.600475],[-122.704858,45.612213],[-122.704724,45.612391],[-122.703945,45.613694],[-122.702976,45.613339],[-122.702724,45.613573],[-122.703509,45.613961],[-122.703724,45.614178],[-122.703891,45.614297],[-122.704915,45.614681],[-122.705171,45.614837],[-122.705976,45.615179],[-122.706371,45.615294],[-122.707705,45.615809],[-122.708136,45.616014],[-122.708625,45.61631],[-122.709251,45.616503],[-122.70943,45.616637],[-122.709683,45.616716],[-122.710539,45.617248],[-122.711056,45.617444],[-122.712196,45.617712],[-122.713949,45.618395],[-122.71427,45.618564],[-122.715514,45.61902],[-122.717748,45.620089],[-122.723252,45.623207],[-122.72595,45.624488],[-122.728281,45.625823],[-122.72937,45.626175],[-122.730072,45.626664],[-122.730883,45.627434],[-122.732036,45.628044],[-122.733096,45.629098],[-122.735358,45.630609],[-122.737127,45.631733],[-122.738172,45.632673],[-122.739578,45.633659],[-122.741952,45.635251],[-122.743332,45.636421],[-122.743207,45.645846],[-122.73689,45.64373],[-122.727806,45.641009],[-122.713102,45.636719],[-122.706194,45.633813],[-122.69894,45.629364],[-122.691631,45.62557],[-122.68911,45.624145],[-122.682679,45.621291],[-122.674969,45.618207],[-122.668063,45.615614],[-122.660803,45.613525],[-122.648996,45.609758],[-122.643586,45.608354],[-122.63528,45.60707],[-122.635099,45.606993],[-122.635031,45.606927],[-122.634922,45.600967],[-122.635051,45.599364],[-122.635206,45.598211],[-122.635378,45.596279],[-122.635401,45.5957],[-122.635499,45.595416],[-122.635506,45.594356],[-122.630412,45.594352],[-122.63042,45.590541],[-122.620221,45.589259],[-122.620223,45.578665],[-122.622055,45.577633],[-122.622044,45.575461],[-122.624181,45.575086],[-122.624138,45.571665],[-122.624584,45.571367],[-122.624581,45.570049],[-122.624321,45.570054],[-122.624313,45.568278],[-122.624191,45.568197],[-122.624194,45.566421],[-122.624455,45.566416],[-122.624456,45.565204],[-122.624345,45.565122],[-122.624362,45.564672],[-122.62428,45.564506],[-122.624281,45.563912],[-122.627418,45.563907]]]]}},{"type":"Feature","properties":{"name":"Forest Park Elementary","school_label":"Forest Park K-5 Neighborhood","cluster":"Lincoln","clusters":[{"name":"Lincoln","share":1.0}],"level":"K-5","area_sqmi":4.16},"geometry":{"type":"MultiPolygon","coordinates":[[[[-122.743856,45.516675],[-122.743822,45.523116],[-122.759314,45.523155],[-122.759316,45.526737],[-122.762062,45.526752],[-122.762047,45.527537],[-122.763165,45.52753],[-122.763151,45.529787],[-122.763444,45.529788],[-122.763442,45.531191],[-122.764407,45.531195],[-122.764403,45.531378],[-122.76602,45.531376],[-122.766036,45.533853],[-122.774715,45.533818],[-122.774717,45.530411],[-122.774746,45.530312],[-122.778121,45.530321],[-122.779891,45.530362],[-122.7798,45.531987],[-122.779764,45.533924],[-122.784823,45.534014],[-122.784691,45.542332],[-122.782379,45.542324],[-122.783424,45.543576],[-122.782762,45.543849],[-122.782427,45.543612],[-122.782109,45.54409],[-122.779539,45.542404],[-122.780497,45.545365],[-122.780808,45.546151],[-122.780158,45.546187],[-122.777345,45.544673],[-122.776811,45.545187],[-122.778415,45.546008],[-122.778331,45.548388],[-122.784703,45.548429],[-122.784705,45.555715],[-122.783295,45.555743],[-122.782793,45.556516],[-122.782367,45.55673],[-122.782167,45.556909],[-122.780989,45.557634],[-122.779897,45.557168],[-122.779576,45.556991],[-122.779492,45.557054],[-122.779617,45.569947],[-122.774444,45.569814],[-122.774354,45.562758],[-122.763598,45.554929],[-122.763701,45.548068],[-122.74723,45.548155],[-122.747285,45.544344],[-122.747773,45.544342],[-122.748691,45.544209],[-122.748513,45.544114],[-122.748467,45.544038],[-122.748475,45.543954],[-122.748559,45.543869],[-122.749217,45.543467],[-122.749297,45.543298],[-122.749035,45.542373],[-122.748955,45.542268],[-122.748247,45.541909],[-122.747899,45.54187],[-122.747162,45.541892],[-122.746855,45.541822],[-122.746762,45.541938],[-122.746601,45.541979],[-122.746647,45.542047],[-122.746568,45.542551],[-122.745761,45.54275],[-122.745429,45.542292],[-122.745036,45.541911],[-122.744792,45.541778],[-122.744734,45.541977],[-122.74436,45.542434],[-122.744179,45.543696],[-122.744028,45.543721],[-122.743485,45.543412],[-122.74358,45.543341],[-122.742827,45.542342],[-122.741959,45.542344],[-122.741412,45.541943],[-122.741419,45.541524],[-122.740927,45.541419],[-122.739667,45.540811],[-122.738506,45.539919],[-122.737649,45.540218],[-122.737663,45.538831],[-122.737424,45.538835],[-122.73744,45.537196],[-122.736204,45.537205],[-122.736217,45.5361],[-122.739785,45.536061],[-122.740165,45.535466],[-122.740376,45.535005],[-122.740707,45.534579],[-122.74054,45.534453],[-122.740438,45.534325],[-122.73979,45.532951],[-122.739617,45.532672],[-122.739288,45.532282],[-122.738257,45.531365],[-122.736911,45.530469],[-122.736656,45.530329],[-122.736381,45.530228],[-122.736042,45.530151],[-122.734541,45.530043],[-122.734181,45.529981],[-122.73362,45.529763],[-122.733142,45.529468],[-122.732974,45.529319],[-122.732815,45.529116],[-122.732652,45.52883],[-122.732233,45.527466],[-122.731919,45.527175],[-122.731031,45.526628],[-122.730582,45.526507],[-122.730311,45.526512],[-122.728451,45.526686],[-122.728459,45.520969],[-122.72849,45.520915],[-122.728471,45.520687],[-122.728249,45.520562],[-122.728321,45.520454],[-122.728362,45.52008],[-122.728574,45.519649],[-122.72861,45.51945],[-122.729633,45.51895],[-122.729987,45.518836],[-122.730665,45.518701],[-122.731206,45.51866],[-122.731717,45.518711],[-122.736307,45.519635],[-122.73714,45.519588],[-122.738417,45.519213],[-122.740969,45.518393],[-122.741492,45.518162],[-122.742278,45.517705],[-122.743155,45.517093],[-122.743856,45.516675]]]]}},{"type":"Feature","properties":{"name":"Glencoe Elementary","school_label":"Glencoe K-5 Neighborhood","cluster":"Franklin","clusters":[{"name":"Franklin","share":1.0}],"level":"K-5","area_sqmi":1.59},"geometry":{"type":"MultiPolygon","coordinates":[[[[-122.618729,45.505208],[-122.619238,45.504886],[-122.619528,45.504812],[-122.622618,45.504808],[-122.622599,45.505502],[-122.622773,45.512061],[-122.620137,45.512056],[-122.620099,45.515029],[-122.619362,45.515028],[-122.619348,45.516499],[-122.619394,45.516582],[-122.622778,45.516588],[-122.622896,45.51654],[-122.622956,45.518597],[-122.622937,45.519306],[-122.622974,45.519747],[-122.622956,45.521721],[-122.622598,45.521721],[-122.622607,45.521362],[-122.619711,45.521362],[-122.619269,45.521432],[-122.618451,45.521622],[-122.617215,45.521637],[-122.617217,45.521995],[-122.616056,45.521986],[-122.616085,45.523137],[-122.615401,45.523111],[-122.614919,45.52299],[-122.614902,45.523753],[-122.614925,45.524408],[-122.613362,45.524399],[-122.613351,45.524688],[-122.612613,45.524687],[-122.612627,45.525098],[-122.611933,45.525096],[-122.61193,45.524379],[-122.607537,45.524376],[-122.607338,45.524288],[-122.605332,45.524287],[-122.60531,45.526505],[-122.604692,45.526509],[-122.604682,45.52779],[-122.603706,45.52812],[-122.603054,45.528414],[-122.602106,45.528904],[-122.60215,45.527973],[-122.602225,45.522889],[-122.59845,45.522889],[-122.597037,45.523128],[-122.592645,45.523163],[-122.591831,45.523132],[-122.591867,45.522285],[-122.591807,45.522119],[-122.590796,45.521726],[-122.588855,45.520816],[-122.58805,45.520427],[-122.587983,45.520367],[-122.588111,45.520288],[-122.588371,45.520291],[-122.5885,45.520258],[-122.588552,45.520197],[-122.588561,45.520135],[-122.588467,45.519916],[-122.588478,45.519283],[-122.588562,45.519221],[-122.592131,45.51924],[-122.592129,45.515688],[-122.592192,45.515611],[-122.592067,45.515461],[-122.59179,45.515275],[-122.591522,45.515044],[-122.591319,45.514819],[-122.591091,45.514488],[-122.590855,45.513928],[-122.590686,45.513428],[-122.590645,45.5132],[-122.590646,45.512911],[-122.59069,45.512605],[-122.590672,45.512399],[-122.590458,45.511855],[-122.59046,45.511595],[-122.59047,45.511237],[-122.590541,45.510778],[-122.59078,45.510164],[-122.591812,45.508621],[-122.592411,45.508046],[-122.592447,45.507832],[-122.592447,45.507207],[-122.597694,45.507172],[-122.597755,45.5099],[-122.601757,45.509895],[-122.601804,45.511921],[-122.606678,45.511718],[-122.606723,45.51177],[-122.60671,45.51203],[-122.611438,45.512026],[-122.611511,45.511934],[-122.611236,45.508037],[-122.611171,45.505538],[-122.611088,45.505318],[-122.618005,45.50529],[-122.618492,45.505258],[-122.618729,45.505208]]]]}},{"type":"Feature","properties":{"name":"Grout Elementary","school_label":"Grout K-5 Neighborhood","cluster":"Cleveland","clusters":[{"name":"Cleveland","share":1.0}],"level":"K-5","area_sqmi":2.72},"geometry":{"type":"MultiPolygon","coordinates":[[[[-122.6377,45.474377],[-122.640459,45.474242],[-122.641013,45.476747],[-122.641298,45.47777],[-122.641775,45.479926],[-122.642019,45.480706],[-122.642222,45.481236],[-122.64271,45.482172],[-122.643544,45.483406],[-122.644386,45.484214],[-122.645262,45.484784],[-122.64996,45.487074],[-122.650737,45.487578],[-122.65125,45.488002],[-122.651991,45.488705],[-122.669293,45.485376],[-122.669361,45.485756],[-122.669315,45.487807],[-122.668207,45.491715],[-122.666698,45.495333],[-122.665962,45.499028],[-122.666436,45.501085],[-122.662155,45.50144],[-122.66037,45.501557],[-122.659362,45.501584],[-122.656498,45.501554],[-122.655781,45.501491],[-122.653148,45.500939],[-122.650512,45.500287],[-122.649158,45.500007],[-122.646644,45.499765],[-122.645641,45.499608],[-122.643037,45.498918],[-122.640177,45.498072],[-122.639609,45.497953],[-122.637587,45.4978],[-122.637602,45.501961],[-122.628559,45.501954],[-122.628535,45.499097],[-122.626204,45.499102],[-122.626188,45.49706],[-122.625874,45.497081],[-122.625807,45.496716],[-122.625761,45.496648],[-122.624629,45.496197],[-122.624355,45.496118],[-122.624094,45.496092],[-122.622619,45.496082],[-122.622633,45.493345],[-122.619207,45.49334],[-122.619019,45.493252],[-122.618949,45.493093],[-122.618982,45.490311],[-122.617812,45.49031],[-122.617801,45.488115],[-122.620381,45.488113],[-122.620531,45.487767],[-122.620567,45.487561],[-122.620602,45.486691],[-122.622662,45.486699],[-122.622668,45.482796],[-122.623633,45.482801],[-122.623645,45.48066],[-122.623697,45.480582],[-122.62371,45.480033],[-122.623641,45.47992],[-122.623649,45.479211],[-122.626587,45.479218],[-122.627382,45.479348],[-122.627621,45.479359],[-122.628269,45.479301],[-122.628861,45.479183],[-122.629349,45.479182],[-122.629904,45.479232],[-122.630272,45.479218],[-122.630984,45.479121],[-122.631384,45.479113],[-122.632365,45.479271],[-122.632796,45.479186],[-122.633202,45.479026],[-122.634409,45.478829],[-122.634599,45.478673],[-122.634698,45.478412],[-122.634651,45.478298],[-122.634561,45.478201],[-122.634207,45.478009],[-122.634117,45.477912],[-122.634066,45.477692],[-122.63418,45.47753],[-122.634359,45.477389],[-122.634641,45.477094],[-122.634734,45.47694],[-122.634813,45.476725],[-122.634841,45.476298],[-122.634806,45.475902],[-122.634734,45.475721],[-122.634505,45.475367],[-122.634445,45.475185],[-122.634488,45.474856],[-122.634816,45.474637],[-122.63503,45.474549],[-122.63547,45.474434],[-122.63589,45.474373],[-122.6377,45.474377]]]]}},{"type":"Feature","properties":{"name":"Hayhurst Elementary","school_label":"Hayhurst K-5 Neighborhood","cluster":"Wells-Barnett","clusters":[{"name":"Wells-Barnett","share":1.0}],"level":"K-5","area_sqmi":2.56},"geometry":{"type":"MultiPolygon","coordinates":[[[[-122.715581,45.461808],[-122.723287,45.461872],[-122.723263,45.462398],[-122.723284,45.462977],[-122.723267,45.465485],[-122.723623,45.465417],[-122.725616,45.465416],[-122.725917,45.465334],[-122.726517,45.46485],[-122.72665,45.464649],[-122.726621,45.464429],[-122.726263,45.463841],[-122.726267,45.463651],[-122.726371,45.463519],[-122.72653,45.463425],[-122.72682,45.463366],[-122.727049,45.463407],[-122.72852,45.463919],[-122.728774,45.464036],[-122.729355,45.464513],[-122.729487,45.464587],[-122.729957,45.464699],[-122.730238,45.464679],[-122.731354,45.464375],[-122.731678,45.464353],[-122.731973,45.464393],[-122.734411,45.464986],[-122.735514,45.465216],[-122.735773,45.465188],[-122.736923,45.464937],[-122.737194,45.464932],[-122.743776,45.465657],[-122.743774,45.473233],[-122.743801,45.474261],[-122.743761,45.474658],[-122.743748,45.475474],[-122.743888,45.475449],[-122.743879,45.475212],[-122.74506,45.475212],[-122.745059,45.475471],[-122.744918,45.475466],[-122.74492,45.475527],[-122.744626,45.475777],[-122.744484,45.475749],[-122.744398,45.475469],[-122.743953,45.475462],[-122.74395,45.475958],[-122.743733,45.475955],[-122.743729,45.476442],[-122.743794,45.476449],[-122.743802,45.477531],[-122.743762,45.478225],[-122.743798,45.480084],[-122.743782,45.482585],[-122.743818,45.487096],[-122.737507,45.487052],[-122.728607,45.487065],[-122.728183,45.48702],[-122.727472,45.486836],[-122.726072,45.486215],[-122.725622,45.486056],[-122.722498,45.485698],[-122.72029,45.485504],[-122.719473,45.48539],[-122.718336,45.485138],[-122.717371,45.484821],[-122.716535,45.484487],[-122.713008,45.482886],[-122.712958,45.483306],[-122.712967,45.484434],[-122.712897,45.484603],[-122.712851,45.48484],[-122.711896,45.48479],[-122.711644,45.484741],[-122.711425,45.484967],[-122.711212,45.485077],[-122.71051,45.485152],[-122.710382,45.485193],[-122.710207,45.485165],[-122.708114,45.485145],[-122.707982,45.485094],[-122.707948,45.485049],[-122.70795,45.484805],[-122.708013,45.484453],[-122.70829,45.484006],[-122.708338,45.48383],[-122.708342,45.483639],[-122.708213,45.483375],[-122.707961,45.483006],[-122.707764,45.482644],[-122.707812,45.481584],[-122.707241,45.481389],[-122.70636,45.480987],[-122.705074,45.480516],[-122.704363,45.480332],[-122.702586,45.480038],[-122.701995,45.479882],[-122.701333,45.479574],[-122.70099,45.479367],[-122.700711,45.479144],[-122.700278,45.478863],[-122.699496,45.47852],[-122.698355,45.47784],[-122.700457,45.477526],[-122.700887,45.477403],[-122.702383,45.476208],[-122.702489,45.476153],[-122.70293,45.476076],[-122.709867,45.476087],[-122.71168,45.476151],[-122.712969,45.476141],[-122.712959,45.472559],[-122.71292,45.472088],[-122.712958,45.471645],[-122.712941,45.466112],[-122.71297,45.4648],[-122.712946,45.463551],[-122.713081,45.46338],[-122.713636,45.463156],[-122.713819,45.463115],[-122.713988,45.463005],[-122.714756,45.462677],[-122.714948,45.462567],[-122.715294,45.462263],[-122.715581,45.461808]]]]}},{"type":"Feature","properties":{"name":"Laurelhurst Elementary","school_label":"Laurelhurst K-5 Neighborhood","cluster":"Grant","clusters":[{"name":"Grant","share":1.0}],"level":"K-5","area_sqmi":1.0},"geometry":{"type":"MultiPolygon","coordinates":[[[[-122.617217,45.521995],[-122.617215,45.521637],[-122.618451,45.521622],[-122.619269,45.521432],[-122.619711,45.521362],[-122.622607,45.521362],[-122.622598,45.521721],[-122.622956,45.521721],[-122.622939,45.522804],[-122.623481,45.522786],[-122.624237,45.522696],[-122.626176,45.522302],[-122.627408,45.522165],[-122.628005,45.522169],[-122.628659,45.522279],[-122.628919,45.522259],[-122.629425,45.522143],[-122.631615,45.522132],[-122.631606,45.524343],[-122.634426,45.524344],[-122.634392,45.530205],[-122.632326,45.531006],[-122.624805,45.534049],[-122.623734,45.53381],[-122.622151,45.533839],[-122.61081,45.533744],[-122.604865,45.533731],[-122.604888,45.532199],[-122.604955,45.531938],[-122.60498,45.530467],[-122.605034,45.530138],[-122.605039,45.5284],[-122.604682,45.52779],[-122.604692,45.526509],[-122.60531,45.526505],[-122.605332,45.524287],[-122.607338,45.524288],[-122.607537,45.524376],[-122.61193,45.524379],[-122.611933,45.525096],[-122.612627,45.525098],[-122.612613,45.524687],[-122.613351,45.524688],[-122.613362,45.524399],[-122.614925,45.524408],[-122.614902,45.523753],[-122.614919,45.52299],[-122.615401,45.523111],[-122.616085,45.523137],[-122.616056,45.521986],[-122.617217,45.521995]]]]}},{"type":"Feature","properties":{"name":"Lent Elementary","school_label":"Lent K-5 Spanish Immersion","cluster":"Franklin","clusters":[{"name":"Franklin","share":1.0}],"level":"K-5","unclear_between":["Kelly","Lent"],"area_sqmi":2.03},"geometry":{"type":"MultiPolygon","coordinates":[[[[-122.559266,45.464633],[-122.55321,45.464674],[-122.553198,45.461069],[-122.558127,45.461057],[-122.56867,45.461377],[-122.579109,45.461531],[-122.579095,45.472285],[-122.577023,45.472231],[-122.577057,45.472284],[-122.577058,45.475828],[-122.575539,45.475779],[-122.575412,45.479371],[-122.575932,45.479385],[-122.575898,45.480613],[-122.574879,45.4806],[-122.574835,45.482202],[-122.574881,45.482262],[-122.574133,45.482268],[-122.574123,45.485812],[-122.574032,45.490181],[-122.571406,45.490091],[-122.566612,45.490017],[-122.558323,45.489809],[-122.555742,45.489801],[-122.555729,45.489085],[-122.5551,45.489081],[-122.555105,45.488906],[-122.553176,45.48891],[-122.553168,45.488034],[-122.558316,45.488002],[-122.55828,45.483682],[-122.553158,45.48385],[-122.553167,45.482813],[-122.552825,45.482652],[-122.552838,45.481722],[-122.552903,45.481728],[-122.552941,45.478336],[-122.558307,45.478362],[-122.558326,45.476989],[-122.555566,45.47646],[-122.555573,45.475362],[-122.555778,45.475343],[-122.5558,45.471799],[-122.553233,45.471845],[-122.553218,45.471388],[-122.555789,45.471128],[-122.555805,45.470008],[-122.556304,45.470006],[-122.5563,45.469564],[-122.555811,45.46955],[-122.555803,45.468971],[-122.556399,45.468968],[-122.556399,45.468663],[-122.556605,45.46866],[-122.55659,45.468218],[-122.5558,45.468232],[-122.555807,45.467477],[-122.557205,45.467483],[-122.557214,45.467757],[-122.557485,45.467752],[-122.557476,45.467486],[-122.558364,45.467477],[-122.55836,45.465404],[-122.558667,45.465521],[-122.559245,45.46564],[-122.559266,45.464633]]]]}},{"type":"Feature","properties":{"name":"Lewis Elementary","school_label":"Lewis K-5 Neighborhood","cluster":"Cleveland","clusters":[{"name":"Cleveland","share":1.0}],"level":"K-5","area_sqmi":1.33},"geometry":{"type":"MultiPolygon","coordinates":[[[[-122.596591,45.46513],[-122.596673,45.461516],[-122.60236,45.461488],[-122.61091,45.461514],[-122.622448,45.461453],[-122.622483,45.462466],[-122.622558,45.463394],[-122.622582,45.465025],[-122.620925,45.465033],[-122.620926,45.465368],[-122.621023,45.465366],[-122.621035,45.466646],[-122.621132,45.466644],[-122.621181,45.470249],[-122.621062,45.470251],[-122.621058,45.470441],[-122.621082,45.470509],[-122.621111,45.47259],[-122.621211,45.472664],[-122.6212,45.473282],[-122.621223,45.473959],[-122.621258,45.474027],[-122.62126,45.474698],[-122.620664,45.474701],[-122.620625,45.479206],[-122.608755,45.479174],[-122.608771,45.475843],[-122.599699,45.475835],[-122.596199,45.475861],[-122.596223,45.46865],[-122.596884,45.468646],[-122.596882,45.467617],[-122.596948,45.465131],[-122.596591,45.46513]]]]}},{"type":"Feature","properties":{"name":"Llewellyn Elementary","school_label":"Llewellyn K-5 Neighborhood","cluster":"Cleveland","clusters":[{"name":"Cleveland","share":1.0}],"level":"K-5","area_sqmi":2.02},"geometry":{"type":"MultiPolygon","coordinates":[[[[-122.638453,45.46428],[-122.640181,45.464126],[-122.640626,45.464132],[-122.641336,45.464287],[-122.641846,45.464323],[-122.665199,45.464349],[-122.665729,45.465551],[-122.666458,45.471154],[-122.668844,45.48341],[-122.669107,45.484411],[-122.669147,45.484624],[-122.66913,45.484746],[-122.669283,45.485376],[-122.651991,45.488705],[-122.65125,45.488002],[-122.650737,45.487578],[-122.64996,45.487074],[-122.645659,45.48499],[-122.644897,45.48457],[-122.644508,45.48431],[-122.644061,45.48393],[-122.643544,45.483406],[-122.64271,45.482172],[-122.642222,45.481236],[-122.642019,45.480706],[-122.641775,45.479926],[-122.641298,45.47777],[-122.641013,45.476747],[-122.640459,45.474242],[-122.639573,45.474296],[-122.638933,45.471801],[-122.638273,45.468742],[-122.637251,45.464295],[-122.638453,45.46428]]]]}},{"type":"Feature","properties":{"name":"MLK Jr Elementary","school_label":"MLK Jr K-5 Neighborhood","cluster":"Jefferson","clusters":[{"name":"Jefferson","share":1.0}],"level":"K-5","area_sqmi":1.24},"geometry":{"type":"MultiPolygon","coordinates":[[[[-122.640981,45.546712],[-122.640959,45.545173],[-122.655371,45.545216],[-122.655367,45.546008],[-122.654347,45.546005],[-122.654318,45.548269],[-122.66146,45.548295],[-122.661449,45.549537],[-122.663523,45.549559],[-122.663524,45.550816],[-122.664544,45.550812],[-122.664537,45.5546],[-122.664426,45.559122],[-122.664644,45.559126],[-122.664567,45.566444],[-122.661223,45.56643],[-122.661069,45.566388],[-122.65945,45.566349],[-122.655922,45.566332],[-122.655958,45.562749],[-122.654949,45.562753],[-122.654949,45.561831],[-122.652463,45.561824],[-122.652475,45.560025],[-122.65051,45.560016],[-122.650538,45.557729],[-122.642733,45.5577],[-122.642752,45.555444],[-122.633667,45.555415],[-122.633693,45.553067],[-122.638784,45.553087],[-122.638779,45.552957],[-122.640071,45.551112],[-122.64023,45.551002],[-122.640257,45.550841],[-122.640498,45.550593],[-122.640906,45.550784],[-122.640957,45.549456],[-122.640981,45.546712]]]]}},{"type":"Feature","properties":{"name":"Markham Elementary","school_label":"Markham K-5 Neighborhood","cluster":"Wells-Barnett","clusters":[{"name":"Wells-Barnett","share":1.0}],"level":"K-5","area_sqmi":2.6},"geometry":{"type":"MultiPolygon","coordinates":[[[[-122.719489,45.43312],[-122.719693,45.432468],[-122.719681,45.432148],[-122.719553,45.431899],[-122.719395,45.431734],[-122.71835,45.430977],[-122.718627,45.43085],[-122.718885,45.430814],[-122.719234,45.430869],[-122.719717,45.43105],[-122.720137,45.43127],[-122.720404,45.431463],[-122.720954,45.432009],[-122.722189,45.433502],[-122.722566,45.433754],[-122.72307,45.433904],[-122.724516,45.434059],[-122.724735,45.434115],[-122.72545,45.434429],[-122.725843,45.434521],[-122.726266,45.43452],[-122.726599,45.43446],[-122.730068,45.433341],[-122.730507,45.433226],[-122.733658,45.433195],[-122.73536,45.433238],[-122.739086,45.433241],[-122.743961,45.433298],[-122.743913,45.441394],[-122.743881,45.444664],[-122.743851,45.445312],[-122.743802,45.454879],[-122.743825,45.458148],[-122.743801,45.460146],[-122.74384,45.462096],[-122.743776,45.465657],[-122.737194,45.464932],[-122.736923,45.464937],[-122.735773,45.465188],[-122.735514,45.465216],[-122.734411,45.464986],[-122.731973,45.464393],[-122.731678,45.464353],[-122.731354,45.464375],[-122.730238,45.464679],[-122.729957,45.464699],[-122.729487,45.464587],[-122.729355,45.464513],[-122.728774,45.464036],[-122.72852,45.463919],[-122.727049,45.463407],[-122.72682,45.463366],[-122.72653,45.463425],[-122.726371,45.463519],[-122.726267,45.463651],[-122.726263,45.463841],[-122.726621,45.464429],[-122.72665,45.464649],[-122.726517,45.46485],[-122.725917,45.465334],[-122.725616,45.465416],[-122.723623,45.465417],[-122.723267,45.465485],[-122.723282,45.462908],[-122.723389,45.462579],[-122.723545,45.4624],[-122.724043,45.462078],[-122.724262,45.461845],[-122.724658,45.461136],[-122.724878,45.460903],[-122.725099,45.460739],[-122.725842,45.460305],[-122.726074,45.460133],[-122.726252,45.459954],[-122.726928,45.458905],[-122.726997,45.458713],[-122.727107,45.458154],[-122.727105,45.457796],[-122.72704,45.457515],[-122.726517,45.456245],[-122.726408,45.454731],[-122.721173,45.454695],[-122.720565,45.454653],[-122.719102,45.454644],[-122.718373,45.454551],[-122.715457,45.454508],[-122.712036,45.456373],[-122.707872,45.458694],[-122.707864,45.457574],[-122.709832,45.457163],[-122.710132,45.457066],[-122.710194,45.456683],[-122.710329,45.456513],[-122.711383,45.456005],[-122.711551,45.455842],[-122.7119,45.455027],[-122.712034,45.454841],[-122.712411,45.454468],[-122.712629,45.454205],[-122.712813,45.453912],[-122.712923,45.45365],[-122.712976,45.453314],[-122.712977,45.446477],[-122.713031,45.444685],[-122.712977,45.443802],[-122.712975,45.441043],[-122.713011,45.440234],[-122.715026,45.440249],[-122.715309,45.440297],[-122.72726,45.440393],[-122.727275,45.43992],[-122.727241,45.43957],[-122.727219,45.438366],[-122.727106,45.437964],[-122.726967,45.4377],[-122.726671,45.437317],[-122.726492,45.437145],[-122.726024,45.436796],[-122.725614,45.436553],[-122.725164,45.436371],[-122.724748,45.436249],[-122.724312,45.436174],[-122.721451,45.435841],[-122.72108,45.435757],[-122.720772,45.435633],[-122.720406,45.435396],[-122.720338,45.435321],[-122.720121,45.435013],[-122.719935,45.434651],[-122.719533,45.433721],[-122.719454,45.433334],[-122.719489,45.43312]]]]}},{"type":"Feature","properties":{"name":"Rieke Elementary","school_label":"Rieke K-5 Neighborhood","cluster":"Wells-Barnett","clusters":[{"name":"Wells-Barnett","share":1.0}],"level":"K-5","area_sqmi":2.57},"geometry":{"type":"MultiPolygon","coordinates":[[[[-122.705048,45.461477],[-122.707871,45.459853],[-122.707855,45.460897],[-122.707884,45.461712],[-122.712795,45.461778],[-122.713347,45.461759],[-122.715581,45.461808],[-122.715294,45.462263],[-122.714948,45.462567],[-122.714756,45.462677],[-122.713988,45.463005],[-122.713819,45.463115],[-122.713636,45.463156],[-122.713081,45.46338],[-122.712946,45.463551],[-122.71297,45.4648],[-122.712941,45.466112],[-122.712958,45.471645],[-122.71292,45.472088],[-122.712959,45.472559],[-122.712969,45.476141],[-122.71168,45.476151],[-122.709867,45.476087],[-122.70293,45.476076],[-122.702489,45.476153],[-122.702383,45.476208],[-122.700887,45.477403],[-122.700457,45.477526],[-122.698355,45.47784],[-122.699496,45.47852],[-122.700278,45.478863],[-122.700711,45.479144],[-122.70099,45.479367],[-122.701333,45.479574],[-122.701995,45.479882],[-122.702586,45.480038],[-122.704363,45.480332],[-122.705074,45.480516],[-122.70636,45.480987],[-122.707241,45.481389],[-122.707812,45.481584],[-122.707764,45.482644],[-122.707961,45.483006],[-122.708213,45.483375],[-122.708342,45.483639],[-122.708338,45.48383],[-122.70829,45.484006],[-122.708013,45.484453],[-122.70795,45.484805],[-122.707948,45.485049],[-122.707982,45.485094],[-122.708114,45.485145],[-122.710207,45.485165],[-122.710382,45.485193],[-122.710412,45.487219],[-122.71038,45.488744],[-122.71038,45.491442],[-122.710431,45.491647],[-122.710703,45.49197],[-122.710831,45.492211],[-122.710817,45.492432],[-122.710667,45.492755],[-122.710717,45.49296],[-122.710918,45.493101],[-122.711356,45.493238],[-122.711645,45.493438],[-122.71184,45.493716],[-122.711995,45.494109],[-122.71218,45.49502],[-122.712168,45.495295],[-122.712048,45.495572],[-122.711662,45.495975],[-122.711632,45.49606],[-122.711649,45.496227],[-122.712241,45.497008],[-122.712953,45.497803],[-122.713058,45.498014],[-122.713022,45.49822],[-122.712258,45.499866],[-122.712277,45.500399],[-122.712349,45.500573],[-122.712654,45.500918],[-122.712723,45.501039],[-122.712949,45.501575],[-122.713016,45.501627],[-122.713455,45.501779],[-122.713622,45.501883],[-122.713232,45.502195],[-122.712117,45.501645],[-122.711821,45.501574],[-122.711289,45.501554],[-122.711157,45.501488],[-122.711022,45.501369],[-122.710883,45.501112],[-122.710975,45.500973],[-122.710967,45.500135],[-122.711031,45.499524],[-122.711005,45.49941],[-122.710657,45.498487],[-122.710003,45.497471],[-122.709248,45.496982],[-122.708643,45.496453],[-122.708355,45.496298],[-122.707983,45.496191],[-122.707416,45.496095],[-122.707111,45.496056],[-122.706264,45.496034],[-122.706088,45.495961],[-122.70603,45.49584],[-122.706097,45.495595],[-122.706245,45.495516],[-122.706733,45.49492],[-122.706764,45.494858],[-122.706682,45.494692],[-122.706462,45.494605],[-122.706005,45.494568],[-122.70541,45.49461],[-122.704809,45.494758],[-122.704591,45.49474],[-122.704404,45.494652],[-122.704321,45.494471],[-122.704417,45.494126],[-122.704424,45.494027],[-122.704389,45.493936],[-122.704266,45.493831],[-122.703646,45.493782],[-122.703513,45.493701],[-122.703464,45.493565],[-122.703554,45.493052],[-122.703517,45.492908],[-122.703278,45.492608],[-122.702988,45.49237],[-122.702581,45.492218],[-122.702255,45.492193],[-122.702103,45.492204],[-122.701439,45.492407],[-122.700833,45.492457],[-122.700831,45.492388],[-122.700606,45.492179],[-122.70061,45.491989],[-122.700748,45.49159],[-122.70073,45.491399],[-122.700573,45.491258],[-122.699959,45.491071],[-122.699723,45.490817],[-122.699573,45.490576],[-122.699551,45.490264],[-122.699514,45.490135],[-122.699434,45.490037],[-122.699333,45.489948],[-122.698906,45.489826],[-122.698466,45.489644],[-122.698347,45.489357],[-122.695051,45.489344],[-122.695056,45.489481],[-122.694398,45.48957],[-122.692458,45.489569],[-122.692456,45.489515],[-122.691642,45.489508],[-122.691265,45.489279],[-122.691032,45.489428],[-122.690543,45.489384],[-122.690138,45.49049],[-122.686592,45.490466],[-122.686558,45.490421],[-122.686363,45.490417],[-122.686189,45.4901],[-122.686016,45.489517],[-122.685622,45.4888],[-122.685558,45.488542],[-122.68553,45.488344],[-122.68555,45.488001],[-122.685813,45.487173],[-122.685797,45.487036],[-122.685703,45.486824],[-122.685468,45.486616],[-122.684084,45.486108],[-122.683874,45.486006],[-122.683694,45.485826],[-122.683614,45.485691],[-122.683564,45.485524],[-122.683609,45.485249],[-122.683858,45.484939],[-122.68461,45.484444],[-122.684723,45.48429],[-122.68475,45.484122],[-122.684734,45.483985],[-122.680959,45.48392],[-122.680808,45.483625],[-122.680454,45.481917],[-122.680279,45.480335],[-122.679385,45.474422],[-122.677023,45.474445],[-122.677007,45.473706],[-122.677038,45.473034],[-122.676008,45.473031],[-122.675934,45.472781],[-122.675519,45.472392],[-122.675372,45.472212],[-122.675313,45.472076],[-122.675269,45.471765],[-122.675304,45.471512],[-122.67489,45.47117],[-122.674871,45.470918],[-122.67471,45.470678],[-122.674566,45.470581],[-122.674397,45.470394],[-122.674327,45.470266],[-122.674218,45.470237],[-122.674035,45.470271],[-122.673828,45.470252],[-122.673227,45.470119],[-122.673116,45.470022],[-122.673069,45.469924],[-122.672922,45.469462],[-122.672822,45.469372],[-122.672626,45.469345],[-122.672977,45.467959],[-122.674518,45.468311],[-122.675396,45.468317],[-122.675395,45.468005],[-122.678148,45.468006],[-122.678138,45.468334],[-122.678974,45.468386],[-122.68008,45.468388],[-122.680077,45.468304],[-122.680586,45.468302],[-122.680585,45.467982],[-122.680825,45.468008],[-122.680785,45.468108],[-122.680884,45.468457],[-122.681151,45.468657],[-122.681516,45.468544],[-122.681548,45.46884],[-122.681787,45.468851],[-122.681859,45.468446],[-122.682931,45.468128],[-122.68329,45.468472],[-122.682993,45.46863],[-122.683439,45.46898],[-122.683692,45.468799],[-122.684103,45.469081],[-122.684711,45.469413],[-122.684491,45.46963],[-122.684514,45.470255],[-122.684982,45.47033],[-122.685982,45.47041],[-122.685616,45.471087],[-122.686625,45.471106],[-122.687694,45.471002],[-122.688468,45.470827],[-122.689079,45.470625],[-122.689654,45.470355],[-122.69681,45.466232],[-122.698966,45.465017],[-122.699413,45.464795],[-122.70127,45.463692],[-122.702714,45.462879],[-122.705048,45.461477]]]]}},{"type":"Feature","properties":{"name":"Rosa Parks Elementary","school_label":"Rosa Parks K-5 Neighborhood","cluster":"Roosevelt","clusters":[{"name":"Roosevelt","share":1.0}],"level":"K-5","area_sqmi":2.39},"geometry":{"type":"MultiPolygon","coordinates":[[[[-122.702619,45.577045],[-122.702621,45.573211],[-122.70363,45.573771],[-122.704093,45.573961],[-122.705673,45.574441],[-122.707766,45.574965],[-122.707727,45.584058],[-122.714351,45.584067],[-122.715471,45.584122],[-122.720248,45.584075],[-122.721223,45.584034],[-122.72174,45.584199],[-122.725724,45.585661],[-122.725124,45.586466],[-122.725116,45.58655],[-122.726093,45.586538],[-122.726427,45.586456],[-122.728088,45.586439],[-122.729484,45.584544],[-122.731895,45.585442],[-122.735632,45.586345],[-122.728843,45.591934],[-122.727864,45.592776],[-122.724509,45.595494],[-122.723506,45.596268],[-122.718765,45.600315],[-122.718289,45.60005],[-122.716599,45.598985],[-122.715593,45.598204],[-122.714557,45.597492],[-122.712874,45.596618],[-122.71206,45.596344],[-122.709994,45.595972],[-122.709337,45.595817],[-122.708137,45.595383],[-122.707005,45.595016],[-122.706599,45.594894],[-122.705855,45.594741],[-122.704778,45.594693],[-122.703541,45.594724],[-122.702418,45.594624],[-122.701621,45.594494],[-122.700839,45.594205],[-122.698504,45.593594],[-122.695653,45.592551],[-122.694221,45.591992],[-122.693179,45.591699],[-122.689153,45.59029],[-122.688561,45.590126],[-122.685386,45.589409],[-122.684803,45.589199],[-122.684095,45.588846],[-122.683194,45.588536],[-122.682394,45.588353],[-122.680817,45.588284],[-122.678694,45.583561],[-122.678492,45.58249],[-122.678392,45.581189],[-122.678435,45.577232],[-122.681895,45.577144],[-122.702569,45.577153],[-122.702619,45.577045]]]]}},{"type":"Feature","properties":{"name":"Rose City Park Elementary","school_label":"Rose City Park K-5 Vietnamese Immersion","cluster":"McDaniel","clusters":[{"name":"McDaniel","share":1.0}],"level":"K-5","area_sqmi":0.99},"geometry":{"type":"MultiPolygon","coordinates":[[[[-122.604682,45.52779],[-122.605039,45.5284],[-122.605034,45.530138],[-122.60498,45.530467],[-122.604955,45.531938],[-122.604888,45.532199],[-122.604865,45.533731],[-122.614869,45.533783],[-122.614836,45.541603],[-122.613816,45.541599],[-122.613493,45.541666],[-122.613354,45.541737],[-122.612921,45.541753],[-122.612256,45.541674],[-122.611829,45.541567],[-122.611536,45.541573],[-122.611129,45.54171],[-122.610822,45.541929],[-122.610767,45.541602],[-122.610631,45.541437],[-122.610509,45.541371],[-122.610269,45.541329],[-122.607502,45.541312],[-122.607514,45.541029],[-122.60442,45.54226],[-122.604458,45.542419],[-122.604438,45.543723],[-122.600694,45.543708],[-122.588732,45.548362],[-122.588906,45.54201],[-122.590111,45.542018],[-122.591917,45.541848],[-122.590394,45.541747],[-122.590209,45.541704],[-122.58992,45.541527],[-122.589804,45.541285],[-122.58942,45.540232],[-122.58943,45.539889],[-122.589575,45.539353],[-122.589599,45.539094],[-122.589295,45.538451],[-122.589204,45.538019],[-122.58917,45.537341],[-122.589214,45.536395],[-122.589336,45.535859],[-122.587913,45.536106],[-122.587036,45.536168],[-122.587042,45.535718],[-122.587951,45.535633],[-122.588878,45.535464],[-122.589855,45.535164],[-122.590433,45.53494],[-122.591789,45.534283],[-122.599496,45.530301],[-122.603054,45.528414],[-122.603706,45.52812],[-122.604682,45.52779]]]]}},{"type":"Feature","properties":{"name":"Scott Elementary","school_label":"Scott K-5 Neighborhood","cluster":"McDaniel","clusters":[{"name":"McDaniel","share":1.0}],"level":"K-5","unclear_between":["Rigler","Scott"],"area_sqmi":4.78},"geometry":{"type":"MultiPolygon","coordinates":[[[[-122.600694,45.543708],[-122.604438,45.543723],[-122.604388,45.548258],[-122.609468,45.548287],[-122.609536,45.548377],[-122.60955,45.549413],[-122.609515,45.551868],[-122.61478,45.551901],[-122.61473,45.555468],[-122.614692,45.555629],[-122.614638,45.559098],[-122.614699,45.55928],[-122.614684,45.560438],[-122.614044,45.560435],[-122.613995,45.562791],[-122.620238,45.56282],[-122.627421,45.562764],[-122.627418,45.563907],[-122.624281,45.563912],[-122.62428,45.564506],[-122.624362,45.564672],[-122.624345,45.565122],[-122.624456,45.565204],[-122.624455,45.566416],[-122.624194,45.566421],[-122.624191,45.568197],[-122.624313,45.568278],[-122.624321,45.570054],[-122.624581,45.570049],[-122.624584,45.571367],[-122.624138,45.571665],[-122.624181,45.575086],[-122.622044,45.575461],[-122.622055,45.577633],[-122.620223,45.578658],[-122.620221,45.589259],[-122.61936,45.589153],[-122.618787,45.588615],[-122.61828,45.588388],[-122.617363,45.58826],[-122.616615,45.588289],[-122.615162,45.588659],[-122.615042,45.588661],[-122.615069,45.586298],[-122.615043,45.585216],[-122.615063,45.579858],[-122.613989,45.579863],[-122.612717,45.580755],[-122.611448,45.579864],[-122.60477,45.579864],[-122.602314,45.57885],[-122.59942,45.578057],[-122.598042,45.578082],[-122.596218,45.578695],[-122.597423,45.579968],[-122.595696,45.579962],[-122.595699,45.579508],[-122.596047,45.578661],[-122.595706,45.577609],[-122.595708,45.577127],[-122.586394,45.577182],[-122.57508,45.577143],[-122.575095,45.573424],[-122.573672,45.573427],[-122.565385,45.573302],[-122.565395,45.56975],[-122.566742,45.569772],[-122.567101,45.5685],[-122.567927,45.568523],[-122.56797,45.562738],[-122.57828,45.562689],[-122.578486,45.55245],[-122.58463,45.549953],[-122.585659,45.549576],[-122.600694,45.543708]]]]}},{"type":"Feature","properties":{"name":"Sitton Elementary","school_label":"Sitton K-5 Neighborhood","cluster":"Roosevelt","clusters":[{"name":"Roosevelt","share":1.0}],"level":"K-5","area_sqmi":3.73},"geometry":{"type":"MultiPolygon","coordinates":[[[[-122.746906,45.57701],[-122.755935,45.580956],[-122.755863,45.581079],[-122.757009,45.581522],[-122.764133,45.585329],[-122.767433,45.587917],[-122.767241,45.588019],[-122.77164,45.591819],[-122.77825,45.599508],[-122.782397,45.605798],[-122.779928,45.606586],[-122.775339,45.606479],[-122.767887,45.606474],[-122.766504,45.606989],[-122.766304,45.606871],[-122.765754,45.606958],[-122.764712,45.607001],[-122.764135,45.606967],[-122.763458,45.606874],[-122.762735,45.606713],[-122.762185,45.606533],[-122.760553,45.605879],[-122.75985,45.605664],[-122.759511,45.605602],[-122.75853,45.605507],[-122.757868,45.605536],[-122.757262,45.605601],[-122.75614,45.605806],[-122.755559,45.605954],[-122.7549,45.606044],[-122.754524,45.606455],[-122.755891,45.608753],[-122.753506,45.610362],[-122.752448,45.609941],[-122.751622,45.60966],[-122.749636,45.609409],[-122.748934,45.609224],[-122.748469,45.609005],[-122.74721,45.608138],[-122.746623,45.607837],[-122.74615,45.607694],[-122.745463,45.607616],[-122.745017,45.607609],[-122.744165,45.607466],[-122.743387,45.607283],[-122.741002,45.607124],[-122.740718,45.607083],[-122.740081,45.606905],[-122.739748,45.606714],[-122.739067,45.606216],[-122.737772,45.604976],[-122.736902,45.604368],[-122.736218,45.604062],[-122.735056,45.603787],[-122.734106,45.603638],[-122.732754,45.603527],[-122.730795,45.603428],[-122.730107,45.603327],[-122.729524,45.603109],[-122.728959,45.602823],[-122.727837,45.602144],[-122.726534,45.601544],[-122.725538,45.601365],[-122.724525,45.601271],[-122.722251,45.60117],[-122.721138,45.601046],[-122.719801,45.600706],[-122.718765,45.600315],[-122.723506,45.596268],[-122.724509,45.595494],[-122.727864,45.592776],[-122.728843,45.591934],[-122.740637,45.582208],[-122.741451,45.581605],[-122.746906,45.57701]]]]}},{"type":"Feature","properties":{"name":"Skyline K-8","school_label":"Skyline K-8 Neighborhood","cluster":"Roosevelt","clusters":[{"name":"Roosevelt","share":1.0}],"level":"K-8","area_sqmi":39.5},"geometry":{"type":"MultiPolygon","coordinates":[[[[-122.736447,45.54768],[-122.736751,45.547667],[-122.73748,45.547424],[-122.737505,45.547218],[-122.737737,45.547045],[-122.737776,45.54693],[-122.738571,45.546694],[-122.738809,45.546674],[-122.739033,45.546586],[-122.739096,45.546516],[-122.739133,45.54634],[-122.739345,45.545916],[-122.739473,45.545861],[-122.739546,45.545783],[-122.739614,45.545545],[-122.73951,45.545395],[-122.738807,45.545157],[-122.739189,45.545203],[-122.739535,45.545173],[-122.740347,45.544845],[-122.740463,45.544744],[-122.740492,45.544659],[-122.74056,45.542379],[-122.742141,45.543453],[-122.743689,45.544239],[-122.743809,45.544267],[-122.74463,45.544159],[-122.744821,45.544034],[-122.745177,45.543684],[-122.745785,45.543992],[-122.746131,45.544237],[-122.74644,45.544391],[-122.746953,45.544754],[-122.746902,45.547804],[-122.747108,45.548364],[-122.747228,45.548384],[-122.763373,45.548295],[-122.763268,45.554532],[-122.763399,45.555116],[-122.773641,45.562566],[-122.774029,45.563061],[-122.774117,45.569767],[-122.774735,45.570052],[-122.779071,45.570164],[-122.779893,45.570079],[-122.779924,45.57004],[-122.779947,45.569476],[-122.779819,45.557405],[-122.780878,45.557849],[-122.781117,45.557845],[-122.781362,45.557733],[-122.782391,45.55708],[-122.78259,45.556893],[-122.782728,45.556829],[-122.783254,45.556369],[-122.78351,45.555968],[-122.784714,45.555944],[-122.804576,45.555912],[-122.805074,45.556177],[-122.805036,45.562885],[-122.805707,45.563123],[-122.81786,45.563267],[-122.820322,45.563217],[-122.821895,45.563233],[-122.8219,45.563577],[-122.825014,45.563606],[-122.824975,45.565132],[-122.825144,45.572553],[-122.825209,45.577018],[-122.825236,45.577631],[-122.82546,45.577906],[-122.825864,45.578065],[-122.836789,45.578025],[-122.845839,45.578078],[-122.845728,45.585096],[-122.845755,45.591031],[-122.846213,45.592417],[-122.846401,45.592469],[-122.865216,45.592466],[-122.866461,45.593091],[-122.866414,45.605001],[-122.866418,45.606266],[-122.866423,45.606378],[-122.86648,45.60647],[-122.868375,45.60682],[-122.87753,45.606739],[-122.88683,45.606933],[-122.886839,45.611808],[-122.886778,45.619234],[-122.886793,45.620722],[-122.886881,45.620925],[-122.886991,45.621016],[-122.887262,45.62114],[-122.887555,45.62119],[-122.890839,45.621195],[-122.890944,45.621174],[-122.89121,45.621206],[-122.90339,45.621226],[-122.907761,45.621281],[-122.908069,45.628011],[-122.908033,45.633612],[-122.908051,45.634579],[-122.908821,45.635773],[-122.918415,45.635921],[-122.927865,45.635829],[-122.927932,45.637279],[-122.928021,45.643232],[-122.928079,45.664053],[-122.928121,45.66554],[-122.928168,45.670005],[-122.928152,45.670824],[-122.919085,45.670721],[-122.918742,45.670766],[-122.918381,45.672132],[-122.918523,45.672929],[-122.91818,45.673532],[-122.918011,45.675043],[-122.917737,45.678305],[-122.917773,45.678527],[-122.917968,45.678728],[-122.918239,45.678852],[-122.918559,45.678901],[-122.927414,45.678953],[-122.92802,45.680019],[-122.928164,45.692353],[-122.920288,45.692299],[-122.909675,45.692116],[-122.888486,45.691934],[-122.88728,45.692816],[-122.887408,45.703233],[-122.88741,45.70621],[-122.885455,45.706363],[-122.883334,45.706371],[-122.876992,45.706263],[-122.874872,45.706289],[-122.873057,45.706029],[-122.872301,45.702212],[-122.872181,45.70013],[-122.871947,45.699056],[-122.871649,45.697164],[-122.871742,45.695693],[-122.872262,45.693114],[-122.872272,45.692741],[-122.870989,45.691931],[-122.868866,45.691883],[-122.868238,45.690296],[-122.867207,45.686819],[-122.866817,45.684632],[-122.866868,45.681654],[-122.86736,45.68021],[-122.867998,45.678485],[-122.868289,45.677307],[-122.868303,45.675855],[-122.868241,45.675652],[-122.868155,45.675505],[-122.867396,45.674535],[-122.866305,45.673255],[-122.862962,45.671408],[-122.861381,45.670418],[-122.860057,45.669274],[-122.859421,45.668673],[-122.859045,45.667974],[-122.858216,45.666614],[-122.85754,45.665735],[-122.857255,45.665276],[-122.856114,45.664053],[-122.855346,45.663474],[-122.851736,45.660963],[-122.849557,45.659631],[-122.848541,45.658834],[-122.843221,45.6542],[-122.840803,45.652836],[-122.835863,45.651357],[-122.832119,45.649964],[-122.829558,45.648956],[-122.828655,45.648305],[-122.827255,45.647199],[-122.826453,45.646434],[-122.826087,45.645958],[-122.82481,45.644031],[-122.823889,45.64178],[-122.822908,45.638777],[-122.822936,45.640815],[-122.82166,45.636801],[-122.820469,45.633243],[-122.820154,45.632677],[-122.818775,45.630441],[-122.816749,45.627746],[-122.815246,45.626252],[-122.809696,45.622629],[-122.805245,45.62044],[-122.804515,45.620119],[-122.802048,45.619528],[-122.801206,45.619393],[-122.798613,45.619201],[-122.797744,45.619218],[-122.796888,45.619281],[-122.794313,45.619576],[-122.793459,45.6197],[-122.792359,45.619913],[-122.792252,45.619968],[-122.79219,45.620046],[-122.791818,45.620846],[-122.791363,45.622028],[-122.79119,45.622619],[-122.791083,45.620373],[-122.790995,45.619765],[-122.790113,45.616825],[-122.789496,45.615747],[-122.788373,45.614771],[-122.782755,45.605791],[-122.778528,45.599388],[-122.772066,45.591872],[-122.771559,45.591379],[-122.767721,45.588071],[-122.76742,45.587566],[-122.765104,45.585745],[-122.764522,45.585291],[-122.763867,45.5849],[-122.757652,45.581578],[-122.756944,45.581226],[-122.756261,45.580965],[-122.756258,45.580904],[-122.755593,45.580536],[-122.746764,45.576685],[-122.736797,45.569898],[-122.731332,45.566521],[-122.724108,45.562523],[-122.7237,45.562051],[-122.723639,45.557128],[-122.72366,45.554133],[-122.724064,45.553591],[-122.725341,45.552019],[-122.726509,45.552492],[-122.726694,45.552496],[-122.726812,45.552456],[-122.728525,45.55035],[-122.728544,45.550265],[-122.72881,45.549826],[-122.72915,45.549636],[-122.72927,45.549634],[-122.729419,45.549578],[-122.733296,45.546987],[-122.733522,45.547509],[-122.733643,45.547567],[-122.733829,45.547602],[-122.73436,45.547591],[-122.734689,45.547684],[-122.734649,45.547761],[-122.734687,45.547905],[-122.734842,45.548001],[-122.735095,45.54808],[-122.735955,45.547873],[-122.736447,45.54768]]]]}},{"type":"Feature","properties":{"name":"Stephenson Elementary","school_label":"Stephenson K-5 Neighborhood","cluster":"Wells-Barnett","clusters":[{"name":"Wells-Barnett","share":1.0}],"level":"K-5","area_sqmi":3.15},"geometry":{"type":"MultiPolygon","coordinates":[[[[-122.702603,45.432181],[-122.703975,45.432368],[-122.704206,45.43247],[-122.704586,45.432798],[-122.705169,45.433038],[-122.707216,45.433647],[-122.707628,45.433669],[-122.707876,45.433626],[-122.708154,45.433522],[-122.708471,45.43331],[-122.708947,45.43359],[-122.709332,45.433751],[-122.709594,45.433829],[-122.71027,45.433954],[-122.710953,45.433963],[-122.711525,45.433907],[-122.712296,45.433678],[-122.712619,45.433619],[-122.713303,45.433674],[-122.713577,45.43376],[-122.713776,45.433863],[-122.714342,45.434233],[-122.715275,45.434589],[-122.715663,45.434825],[-122.716397,45.434171],[-122.716562,45.433923],[-122.716601,45.433808],[-122.716575,45.433702],[-122.716315,45.433402],[-122.716141,45.433086],[-122.719489,45.43312],[-122.719454,45.433334],[-122.719533,45.433721],[-122.719935,45.434651],[-122.720121,45.435013],[-122.720338,45.435321],[-122.720406,45.435396],[-122.720772,45.435633],[-122.72108,45.435757],[-122.721451,45.435841],[-122.724312,45.436174],[-122.724748,45.436249],[-122.725164,45.436371],[-122.725614,45.436553],[-122.726024,45.436796],[-122.726492,45.437145],[-122.726671,45.437317],[-122.726967,45.4377],[-122.727106,45.437964],[-122.727219,45.438366],[-122.727241,45.43957],[-122.727275,45.43992],[-122.72726,45.440393],[-122.715309,45.440297],[-122.715026,45.440249],[-122.713011,45.440234],[-122.712975,45.441043],[-122.712977,45.443802],[-122.713031,45.444685],[-122.712977,45.446477],[-122.712976,45.453314],[-122.712923,45.45365],[-122.712813,45.453912],[-122.712629,45.454205],[-122.712411,45.454468],[-122.712034,45.454841],[-122.7119,45.455027],[-122.711551,45.455842],[-122.711383,45.456005],[-122.710329,45.456513],[-122.710194,45.456683],[-122.710132,45.457066],[-122.709832,45.457163],[-122.707864,45.457574],[-122.705239,45.458074],[-122.704742,45.458115],[-122.70329,45.458104],[-122.702627,45.458064],[-122.702628,45.455678],[-122.70253,45.455657],[-122.702405,45.455522],[-122.702251,45.455449],[-122.700691,45.455144],[-122.700403,45.454974],[-122.700257,45.454817],[-122.699932,45.454823],[-122.698246,45.455259],[-122.696653,45.454932],[-122.695924,45.454862],[-122.693733,45.454774],[-122.692515,45.454355],[-122.691952,45.454054],[-122.691515,45.453666],[-122.691456,45.453827],[-122.691189,45.453931],[-122.691048,45.453926],[-122.690206,45.453714],[-122.689952,45.453589],[-122.689722,45.453197],[-122.689521,45.453041],[-122.689458,45.453095],[-122.684191,45.453059],[-122.683954,45.453094],[-122.683698,45.453198],[-122.682608,45.453927],[-122.682201,45.453745],[-122.681424,45.453233],[-122.681115,45.453072],[-122.680622,45.452913],[-122.680047,45.452886],[-122.678343,45.453124],[-122.677911,45.453148],[-122.675346,45.452915],[-122.674978,45.452922],[-122.6746,45.452662],[-122.672951,45.451367],[-122.672759,45.45115],[-122.672688,45.450976],[-122.672851,45.447055],[-122.672864,45.446811],[-122.672895,45.44675],[-122.673081,45.442546],[-122.67359,45.432804],[-122.685581,45.432858],[-122.702232,45.432981],[-122.702387,45.432787],[-122.702603,45.432181]]]]}},{"type":"Feature","properties":{"name":"Sunnyside Environmental Elementary","school_label":"Sunnyside Environmental K-5 Neighborhood","cluster":"Cleveland","clusters":[{"name":"Cleveland","share":1.0}],"level":"K-5","area_sqmi":2.02},"geometry":{"type":"MultiPolygon","coordinates":[[[[-122.620099,45.515029],[-122.620137,45.512056],[-122.643499,45.512094],[-122.643473,45.51291],[-122.643408,45.512904],[-122.6434,45.513621],[-122.642467,45.513615],[-122.642445,45.516984],[-122.639071,45.516979],[-122.639034,45.519334],[-122.641431,45.519335],[-122.641376,45.521463],[-122.643415,45.521463],[-122.643389,45.522888],[-122.661701,45.522949],[-122.667888,45.52306],[-122.66893,45.527644],[-122.674123,45.531837],[-122.671367,45.533352],[-122.669719,45.53429],[-122.668721,45.534904],[-122.668316,45.535102],[-122.665615,45.535115],[-122.644716,45.535035],[-122.644759,45.530073],[-122.636419,45.530472],[-122.635588,45.530587],[-122.634793,45.530807],[-122.634429,45.530326],[-122.634392,45.530205],[-122.634426,45.524344],[-122.631606,45.524343],[-122.631615,45.522132],[-122.629425,45.522143],[-122.628919,45.522259],[-122.628659,45.522279],[-122.628005,45.522169],[-122.627408,45.522165],[-122.626176,45.522302],[-122.624237,45.522696],[-122.623481,45.522786],[-122.622939,45.522804],[-122.622974,45.519747],[-122.622937,45.519306],[-122.622956,45.518597],[-122.622896,45.51654],[-122.622778,45.516588],[-122.619394,45.516582],[-122.619348,45.516499],[-122.619362,45.515028],[-122.620099,45.515029]]]]}},{"type":"Feature","properties":{"name":"Sunrise Elementary","school_label":"Sunrise K-5 Neighborhood","cluster":"McDaniel","clusters":[{"name":"McDaniel","share":1.0}],"level":"K-5","area_sqmi":1.5},"geometry":{"type":"MultiPolygon","coordinates":[[[[-122.5703,45.531502],[-122.571581,45.53151],[-122.572092,45.531546],[-122.572658,45.53162],[-122.573816,45.531835],[-122.574736,45.532116],[-122.578895,45.533504],[-122.581685,45.534497],[-122.582291,45.534783],[-122.583521,45.535218],[-122.584212,45.535427],[-122.585336,45.535643],[-122.586033,45.535698],[-122.587042,45.535718],[-122.587036,45.536168],[-122.587913,45.536106],[-122.589336,45.535859],[-122.589214,45.536395],[-122.58917,45.537341],[-122.589204,45.538019],[-122.589295,45.538451],[-122.589599,45.539094],[-122.589575,45.539353],[-122.58943,45.539889],[-122.58942,45.540232],[-122.589804,45.541285],[-122.58992,45.541527],[-122.590209,45.541704],[-122.590394,45.541747],[-122.591917,45.541848],[-122.590111,45.542018],[-122.588906,45.54201],[-122.588732,45.548362],[-122.583592,45.550368],[-122.576606,45.553215],[-122.5764,45.553222],[-122.576399,45.553299],[-122.575799,45.553543],[-122.575847,45.551111],[-122.578495,45.551116],[-122.578524,45.551024],[-122.578532,45.549987],[-122.569405,45.549962],[-122.569371,45.552813],[-122.569165,45.552816],[-122.568062,45.5526],[-122.568089,45.552127],[-122.56569,45.551134],[-122.565469,45.551016],[-122.563563,45.549526],[-122.56303,45.549162],[-122.56287,45.548936],[-122.56284,45.548685],[-122.562952,45.548462],[-122.563068,45.548354],[-122.563345,45.548219],[-122.563712,45.548167],[-122.564333,45.548232],[-122.564699,45.548134],[-122.567238,45.548134],[-122.567446,45.547871],[-122.567517,45.547709],[-122.567631,45.54725],[-122.568148,45.546471],[-122.568153,45.546311],[-122.568323,45.546209],[-122.568374,45.546109],[-122.568382,45.546025],[-122.568253,45.54541],[-122.568299,45.544845],[-122.568147,45.544512],[-122.562949,45.544499],[-122.562975,45.542388],[-122.559513,45.542366],[-122.559662,45.541304],[-122.559814,45.539366],[-122.559955,45.53809],[-122.560184,45.537156],[-122.560355,45.536757],[-122.560766,45.536071],[-122.561108,45.5356],[-122.561537,45.53512],[-122.561894,45.534763],[-122.562338,45.534412],[-122.563599,45.533521],[-122.568414,45.53348],[-122.568451,45.53168],[-122.568796,45.531621],[-122.5703,45.531502]],[[-122.562975,45.542388],[-122.564668,45.542388],[-122.564704,45.540878],[-122.563,45.540878],[-122.562975,45.542388]]]]}},{"type":"Feature","properties":{"name":"Vernon Elementary","school_label":"Vernon K-5 Neighborhood","cluster":"Jefferson","clusters":[{"name":"Jefferson","share":1.0}],"level":"K-5","area_sqmi":1.22},"geometry":{"type":"MultiPolygon","coordinates":[[[[-122.614757,45.553753],[-122.620119,45.553776],[-122.620388,45.553718],[-122.630514,45.553698],[-122.630508,45.555405],[-122.642752,45.555444],[-122.642733,45.5577],[-122.650538,45.557729],[-122.65051,45.560016],[-122.652475,45.560025],[-122.652463,45.561824],[-122.654949,45.561831],[-122.654949,45.562753],[-122.655958,45.562749],[-122.655922,45.566332],[-122.650992,45.566303],[-122.649851,45.566271],[-122.649813,45.566409],[-122.649802,45.568253],[-122.649841,45.56845],[-122.646444,45.568453],[-122.646435,45.569139],[-122.643298,45.569145],[-122.643298,45.56823],[-122.64116,45.568232],[-122.641167,45.566273],[-122.637954,45.566287],[-122.63796,45.562713],[-122.629461,45.562741],[-122.621236,45.562817],[-122.613995,45.562791],[-122.614044,45.560435],[-122.614684,45.560438],[-122.614699,45.55928],[-122.614638,45.559098],[-122.614692,45.555629],[-122.61473,45.555468],[-122.614757,45.553753]]]]}},{"type":"Feature","properties":{"name":"Vestal Elementary","school_label":"Vestal K-5 Neighborhood","cluster":"McDaniel","clusters":[{"name":"McDaniel","share":1.0}],"level":"K-5","area_sqmi":1.42},"geometry":{"type":"MultiPolygon","coordinates":[[[[-122.568625,45.520123],[-122.568644,45.519087],[-122.588562,45.519221],[-122.588478,45.519283],[-122.588467,45.519916],[-122.588561,45.520135],[-122.588552,45.520197],[-122.5885,45.520258],[-122.588371,45.520291],[-122.588111,45.520288],[-122.587983,45.520367],[-122.58805,45.520427],[-122.588855,45.520816],[-122.590796,45.521726],[-122.591807,45.522119],[-122.591867,45.522285],[-122.591831,45.523132],[-122.592645,45.523163],[-122.597037,45.523128],[-122.59845,45.522889],[-122.602225,45.522889],[-122.60215,45.527973],[-122.602106,45.528904],[-122.599496,45.530301],[-122.591789,45.534283],[-122.590433,45.53494],[-122.589855,45.535164],[-122.588878,45.535464],[-122.588436,45.535556],[-122.587497,45.535687],[-122.587042,45.535718],[-122.58575,45.535681],[-122.584987,45.535588],[-122.584212,45.535427],[-122.583521,45.535218],[-122.582291,45.534783],[-122.581685,45.534497],[-122.578895,45.533504],[-122.574736,45.532116],[-122.573509,45.531764],[-122.572658,45.53162],[-122.571581,45.53151],[-122.5703,45.531502],[-122.568796,45.531621],[-122.568451,45.53168],[-122.568602,45.522662],[-122.568589,45.522586],[-122.567363,45.522585],[-122.567404,45.520275],[-122.567795,45.520283],[-122.567805,45.520237],[-122.567978,45.520227],[-122.567996,45.52012],[-122.568625,45.520123]]]]}},{"type":"Feature","properties":{"name":"Whitman Elementary","school_label":"Whitman K-5 Neighborhood","cluster":"Franklin","clusters":[{"name":"Franklin","share":1.0}],"level":"K-5","area_sqmi":1.29},"geometry":{"type":"MultiPolygon","coordinates":[[[[-122.579109,45.461531],[-122.585555,45.461498],[-122.587063,45.461539],[-122.596673,45.461516],[-122.596591,45.46513],[-122.596948,45.465131],[-122.596882,45.467617],[-122.596884,45.468646],[-122.596223,45.46865],[-122.596199,45.475861],[-122.599699,45.475835],[-122.608771,45.475843],[-122.608755,45.479174],[-122.592096,45.479167],[-122.591502,45.479544],[-122.589312,45.47953],[-122.588025,45.479615],[-122.581512,45.479627],[-122.579025,45.479489],[-122.578954,45.482821],[-122.577449,45.482253],[-122.574859,45.481614],[-122.574879,45.4806],[-122.575898,45.480613],[-122.575932,45.479385],[-122.575412,45.479371],[-122.575539,45.475779],[-122.577058,45.475828],[-122.577057,45.472284],[-122.577023,45.472231],[-122.579095,45.472285],[-122.579109,45.461531]]]]}},{"type":"Feature","properties":{"name":"Woodlawn Elementary","school_label":"Woodlawn K-5 Neighborhood","cluster":"Jefferson","clusters":[{"name":"Jefferson","share":1.0}],"level":"K-5","area_sqmi":1.81},"geometry":{"type":"MultiPolygon","coordinates":[[[[-122.649813,45.566409],[-122.649851,45.566271],[-122.657171,45.566354],[-122.65945,45.566349],[-122.661069,45.566388],[-122.661223,45.56643],[-122.664567,45.566444],[-122.664529,45.569981],[-122.664139,45.569988],[-122.664138,45.57181],[-122.6686,45.571809],[-122.668587,45.57203],[-122.671562,45.572058],[-122.671573,45.571738],[-122.678511,45.571781],[-122.678392,45.581189],[-122.678492,45.58249],[-122.678694,45.583561],[-122.680817,45.588284],[-122.679465,45.588142],[-122.678349,45.587889],[-122.677711,45.58768],[-122.677149,45.587446],[-122.676563,45.587153],[-122.675698,45.586651],[-122.675293,45.586567],[-122.674945,45.586536],[-122.674371,45.586592],[-122.673093,45.58699],[-122.672499,45.58707],[-122.67204,45.58701],[-122.671525,45.586859],[-122.670886,45.586612],[-122.668504,45.58527],[-122.667965,45.585098],[-122.667235,45.585028],[-122.666606,45.585055],[-122.666145,45.585201],[-122.66577,45.585345],[-122.665463,45.585587],[-122.664888,45.586192],[-122.664535,45.586367],[-122.663944,45.586522],[-122.66377,45.586526],[-122.663388,45.586457],[-122.66224,45.585937],[-122.661349,45.585626],[-122.657938,45.584677],[-122.653499,45.583198],[-122.652337,45.582884],[-122.651419,45.582711],[-122.650657,45.582672],[-122.649965,45.582738],[-122.649244,45.582919],[-122.647901,45.582716],[-122.647904,45.582182],[-122.64635,45.582166],[-122.646381,45.579642],[-122.643688,45.579639],[-122.643755,45.576605],[-122.643729,45.576468],[-122.643727,45.5755],[-122.643625,45.575068],[-122.643636,45.574123],[-122.643266,45.574122],[-122.643288,45.572574],[-122.646436,45.572569],[-122.646444,45.568453],[-122.649841,45.56845],[-122.649802,45.568253],[-122.649813,45.566409]]]]}},{"type":"Feature","properties":{"name":"Woodstock Elementary","school_label":"Woodstock K-5 Mandarin Immersion","cluster":"Cleveland","clusters":[{"name":"Cleveland","share":1.0}],"level":"K-5","area_sqmi":0.79},"geometry":{"type":"MultiPolygon","coordinates":[[[[-122.597048,45.480075],[-122.597071,45.479168],[-122.623649,45.479211],[-122.623641,45.47992],[-122.62371,45.480033],[-122.623697,45.480582],[-122.623645,45.48066],[-122.623633,45.482801],[-122.622668,45.482796],[-122.622662,45.486699],[-122.620602,45.486691],[-122.620567,45.487561],[-122.620531,45.487767],[-122.620381,45.488113],[-122.617801,45.488115],[-122.617812,45.49031],[-122.601301,45.490294],[-122.60136,45.485407],[-122.60212,45.485424],[-122.602158,45.483068],[-122.599589,45.483062],[-122.599628,45.480081],[-122.597048,45.480075]]]]}}]}