{"type":"FeatureCollection","features":[{"type":"Feature","properties":{"name":"Abernethy Elementary","school_label":"Abernethy K-5 Neighborhood","cluster":"Cleveland","clusters":[{"name":"Cleveland","share":1.0}],"level":"K-5","area_sqmi":1.75},"geometry":{"type":"MultiPolygon","coordinates":[[[[-122.670551,45.51314],[-122.667268,45.512303],[-122.665813,45.512247],[-122.660738,45.512259],[-122.64552,45.512202],[-122.645192,45.512116],[-122.643499,45.512095],[-122.622773,45.512061],[-122.6226,45.505502],[-122.6226,45.500526],[-122.6262,45.500528],[-122.626208,45.499811],[-122.62855,45.499813],[-122.628559,45.501955],[-122.637603,45.501962],[-122.637587,45.497801],[-122.639609,45.497953],[-122.640177,45.498072],[-122.644636,45.499369],[-122.645642,45.499609],[-122.646645,45.499765],[-122.649147,45.500008],[-122.650469,45.500281],[-122.653388,45.500988],[-122.655781,45.501492],[-122.656781,45.501557],[-122.660197,45.501576],[-122.66542,45.50118],[-122.665368,45.502149],[-122.665482,45.502924],[-122.66774,45.506357],[-122.669747,45.510046],[-122.67057,45.512439],[-122.670551,45.51314]]]]}},{"type":"Feature","properties":{"name":"Ainsworth Elementary","school_label":"Ainsworth K-5 Spanish Immersion","cluster":"Lincoln","clusters":[{"name":"Lincoln","share":1.0}],"level":"K-5","area_sqmi":4.66},"geometry":{"type":"MultiPolygon","coordinates":[[[[-122.702469,45.524254],[-122.702164,45.524221],[-122.700511,45.523804],[-122.698244,45.523489],[-122.698181,45.523254],[-122.698177,45.521326],[-122.695378,45.521318],[-122.695372,45.519939],[-122.697943,45.519951],[-122.698189,45.519862],[-122.697256,45.51834],[-122.697063,45.518428],[-122.696988,45.518429],[-122.69691,45.518385],[-122.696694,45.518107],[-122.696583,45.518048],[-122.696757,45.517763],[-122.696492,45.517623],[-122.696314,45.517482],[-122.695867,45.516515],[-122.695807,45.516356],[-122.695856,45.516233],[-122.696016,45.516146],[-122.696445,45.516016],[-122.691854,45.515327],[-122.691039,45.515273],[-122.690367,45.515286],[-122.689946,45.515355],[-122.6894,45.515533],[-122.688985,45.515778],[-122.689105,45.515486],[-122.688719,45.515607],[-122.688198,45.515587],[-122.687003,45.515244],[-122.68738,45.514574],[-122.683822,45.513643],[-122.67977,45.512546],[-122.679605,45.512473],[-122.676954,45.511746],[-122.675827,45.511463],[-122.674694,45.513451],[-122.674471,45.513562],[-122.674219,45.513795],[-122.674058,45.513859],[-122.673552,45.513945],[-122.670552,45.513156],[-122.67057,45.512454],[-122.669747,45.510054],[-122.66774,45.506365],[-122.665482,45.502932],[-122.665368,45.502157],[-122.66541,45.501188],[-122.674331,45.500501],[-122.676784,45.500279],[-122.677076,45.500243],[-122.677559,45.50012],[-122.677577,45.500013],[-122.677803,45.499955],[-122.677976,45.499952],[-122.678249,45.500007],[-122.678448,45.500103],[-122.678515,45.50017],[-122.678617,45.500298],[-122.678678,45.500487],[-122.678702,45.50086],[-122.678839,45.500431],[-122.678872,45.50014],[-122.680532,45.50017],[-122.680181,45.499452],[-122.679754,45.498736],[-122.678467,45.496383],[-122.678271,45.496059],[-122.677499,45.495098],[-122.677361,45.494872],[-122.677182,45.494411],[-122.676915,45.493295],[-122.676907,45.492777],[-122.677062,45.492248],[-122.677349,45.491793],[-122.677663,45.491482],[-122.678053,45.49117],[-122.678509,45.490895],[-122.679055,45.490694],[-122.680969,45.490246],[-122.681408,45.490093],[-122.681801,45.489879],[-122.682244,45.48952],[-122.684728,45.489572],[-122.684715,45.490403],[-122.690106,45.490491],[-122.69016,45.49049],[-122.690543,45.489385],[-122.691043,45.489429],[-122.691266,45.48928],[-122.691632,45.489509],[-122.693487,45.489565],[-122.694398,45.489563],[-122.694808,45.489524],[-122.695056,45.489481],[-122.695062,45.489344],[-122.698347,45.489357],[-122.698397,45.489539],[-122.698466,45.489645],[-122.698917,45.489827],[-122.699158,45.489875],[-122.699334,45.489948],[-122.699434,45.490038],[-122.699514,45.490143],[-122.699551,45.490264],[-122.699584,45.490591],[-122.699722,45.49081],[-122.69997,45.491072],[-122.70043,45.4912],[-122.700673,45.491325],[-122.70073,45.4914],[-122.700748,45.49159],[-122.700621,45.491981],[-122.700606,45.492172],[-122.700632,45.492271],[-122.700745,45.492413],[-122.700833,45.492457],[-122.701213,45.492465],[-122.702082,45.492205],[-122.702277,45.492193],[-122.702581,45.492226],[-122.702988,45.49237],[-122.703155,45.492497],[-122.703573,45.492961],[-122.703589,45.493098],[-122.703486,45.49355],[-122.703524,45.493709],[-122.703734,45.493812],[-122.70419,45.493826],[-122.704344,45.493899],[-122.704414,45.494027],[-122.704338,45.494326],[-122.704354,45.494463],[-122.704457,45.494636],[-122.704602,45.49474],[-122.704895,45.49475],[-122.705518,45.494593],[-122.706016,45.494576],[-122.706561,45.494641],[-122.706715,45.494715],[-122.706775,45.494858],[-122.706744,45.494912],[-122.706256,45.495508],[-122.706107,45.495595],[-122.706003,45.495712],[-122.705973,45.495773],[-122.705988,45.495879],[-122.706055,45.495947],[-122.706264,45.496034],[-122.707176,45.49607],[-122.70818,45.496234],[-122.708532,45.496387],[-122.709103,45.496871],[-122.710003,45.497471],[-122.710254,45.497817],[-122.710668,45.498487],[-122.711016,45.49941],[-122.711038,45.4997],[-122.710975,45.500074],[-122.710987,45.500981],[-122.710894,45.501112],[-122.711033,45.501369],[-122.711179,45.501496],[-122.7113,45.501554],[-122.711832,45.501575],[-122.712128,45.501645],[-122.713243,45.502195],[-122.713633,45.501883],[-122.714215,45.501498],[-122.714922,45.500974],[-122.716509,45.500166],[-122.716884,45.500052],[-122.717135,45.500093],[-122.717565,45.500282],[-122.717794,45.500316],[-122.717953,45.500229],[-122.718295,45.499788],[-122.718942,45.499402],[-122.719283,45.499243],[-122.720003,45.499046],[-122.720293,45.498987],[-122.720683,45.49898],[-122.722459,45.499212],[-122.722907,45.498998],[-122.72421,45.498462],[-122.724671,45.498315],[-122.72548,45.498201],[-122.725795,45.498217],[-122.726145,45.498287],[-122.726459,45.498288],[-122.726965,45.498195],[-122.727986,45.497939],[-122.729125,45.497962],[-122.729748,45.498392],[-122.729745,45.500968],[-122.728617,45.500967],[-122.728564,45.501304],[-122.728576,45.502211],[-122.727924,45.502482],[-122.727526,45.502574],[-122.726621,45.503026],[-122.726256,45.503124],[-122.726045,45.503289],[-122.725883,45.503292],[-122.725896,45.505128],[-122.725489,45.505273],[-122.725295,45.5053],[-122.724575,45.505192],[-122.724076,45.505179],[-122.723425,45.505192],[-122.723048,45.505252],[-122.722921,45.505338],[-122.722942,45.508288],[-122.722982,45.508493],[-122.724437,45.509135],[-122.725523,45.50948],[-122.725993,45.509577],[-122.726788,45.509654],[-122.727709,45.509636],[-122.728346,45.50957],[-122.729036,45.509442],[-122.731036,45.508976],[-122.731585,45.508882],[-122.732655,45.50877],[-122.733955,45.508752],[-122.73591,45.508813],[-122.735606,45.509093],[-122.735465,45.509401],[-122.735391,45.509753],[-122.73541,45.509974],[-122.735602,45.510473],[-122.735653,45.510693],[-122.735534,45.510985],[-122.735293,45.51121],[-122.73508,45.511321],[-122.734671,45.511398],[-122.734421,45.511403],[-122.733408,45.511262],[-122.733052,45.511323],[-122.732699,45.511467],[-122.732219,45.511964],[-122.731942,45.512114],[-122.731727,45.512164],[-122.730645,45.512231],[-122.730216,45.512369],[-122.730067,45.512448],[-122.729899,45.512596],[-122.729713,45.512851],[-122.729634,45.513043],[-122.729622,45.51331],[-122.729852,45.513976],[-122.729881,45.514166],[-122.729875,45.514304],[-122.729804,45.51445],[-122.729637,45.514621],[-122.729306,45.514764],[-122.728906,45.514803],[-122.728175,45.51468],[-122.727839,45.514686],[-122.727496,45.5148],[-122.727276,45.515002],[-122.727239,45.515178],[-122.727313,45.515428],[-122.727537,45.515607],[-122.727854,45.515692],[-122.728189,45.515663],[-122.730058,45.515161],[-122.730307,45.515134],[-122.7306,45.515151],[-122.730995,45.515265],[-122.731307,45.515511],[-122.731411,45.515669],[-122.73146,45.51582],[-122.731436,45.516049],[-122.731065,45.517177],[-122.731042,45.517444],[-122.731103,45.517618],[-122.731216,45.517761],[-122.731373,45.51788],[-122.73167,45.517996],[-122.731888,45.51803],[-122.732666,45.517961],[-122.732994,45.518039],[-122.733285,45.518262],[-122.733567,45.518866],[-122.733592,45.518949],[-122.733575,45.519079],[-122.731739,45.518711],[-122.730946,45.518673],[-122.730267,45.518778],[-122.729655,45.518957],[-122.728504,45.519513],[-122.72799,45.519698],[-122.727473,45.519792],[-122.726964,45.519817],[-122.7263,45.519762],[-122.725829,45.519641],[-122.724048,45.51899],[-122.723775,45.518934],[-122.723082,45.518955],[-122.722673,45.519047],[-122.722141,45.519324],[-122.71983,45.521404],[-122.719629,45.521537],[-122.719436,45.52161],[-122.718984,45.521695],[-122.718778,45.521699],[-122.717613,45.521584],[-122.717094,45.52164],[-122.716709,45.521784],[-122.715712,45.52239],[-122.715316,45.52255],[-122.714538,45.522634],[-122.712405,45.522729],[-122.711995,45.522798],[-122.709719,45.523451],[-122.708064,45.523887],[-122.705978,45.524095],[-122.704842,45.52417],[-122.702469,45.524254]]]]}},{"type":"Feature","properties":{"name":"Alameda Elementary","school_label":"Alameda K-5 Neighborhood","cluster":"Grant","clusters":[{"name":"Grant","share":1.0}],"level":"K-5","area_sqmi":1.2},"geometry":{"type":"MultiPolygon","coordinates":[[[[-122.633667,45.555415],[-122.630509,45.555405],[-122.630514,45.553698],[-122.625359,45.553687],[-122.621246,45.553717],[-122.620389,45.553725],[-122.620131,45.553776],[-122.614758,45.553753],[-122.61478,45.551901],[-122.612088,45.551882],[-122.612074,45.551798],[-122.609513,45.551792],[-122.609483,45.551541],[-122.609488,45.550748],[-122.609116,45.550664],[-122.608928,45.550576],[-122.60845,45.550219],[-122.608442,45.550013],[-122.608325,45.549756],[-122.608517,45.549341],[-122.608601,45.549248],[-122.609456,45.548562],[-122.609515,45.548378],[-122.609468,45.548287],[-122.604388,45.548258],[-122.604459,45.542419],[-122.604421,45.54226],[-122.607514,45.541029],[-122.607513,45.541311],[-122.610281,45.541329],[-122.61051,45.541371],[-122.61071,45.541512],[-122.610805,45.541739],[-122.610822,45.541929],[-122.611129,45.54171],[-122.611537,45.541573],[-122.61183,45.541567],[-122.612409,45.541694],[-122.612921,45.541753],[-122.613355,45.541737],[-122.613568,45.541642],[-122.613816,45.541599],[-122.615097,45.541599],[-122.615604,45.541528],[-122.61594,45.541522],[-122.617748,45.54203],[-122.618135,45.542228],[-122.618624,45.542578],[-122.618775,45.542842],[-122.618793,45.543047],[-122.618928,45.543197],[-122.621647,45.544],[-122.621882,45.544202],[-122.621919,45.544338],[-122.622017,45.544336],[-122.622094,45.544388],[-122.622133,45.544555],[-122.622265,45.544614],[-122.622625,45.544676],[-122.623154,45.544574],[-122.623479,45.544561],[-122.62405,45.544756],[-122.624246,45.54479],[-122.624495,45.544778],[-122.624862,45.544703],[-122.624953,45.544831],[-122.625292,45.545526],[-122.625442,45.546094],[-122.625827,45.54595],[-122.626152,45.545929],[-122.62648,45.546007],[-122.626835,45.546206],[-122.627087,45.546285],[-122.628306,45.546384],[-122.628499,45.546327],[-122.628522,45.546045],[-122.630551,45.54603],[-122.630554,45.542082],[-122.630672,45.54205],[-122.641014,45.542078],[-122.64096,45.545173],[-122.640981,45.546712],[-122.640958,45.549456],[-122.640906,45.550776],[-122.640499,45.550593],[-122.640258,45.550841],[-122.640231,45.551002],[-122.640072,45.551112],[-122.63878,45.552957],[-122.638784,45.553087],[-122.633694,45.553067],[-122.633667,45.555415]]]]}},{"type":"Feature","properties":{"name":"Arleta Elementary","school_label":"Arleta K-5 Neighborhood","cluster":"Franklin","clusters":[{"name":"Franklin","share":1.0}],"level":"K-5","area_sqmi":0.84},"geometry":{"type":"MultiPolygon","coordinates":[[[[-122.601334,45.490301],[-122.598537,45.490307],[-122.598408,45.490347],[-122.59951,45.490853],[-122.599438,45.490991],[-122.599459,45.491601],[-122.59941,45.493964],[-122.59529,45.493948],[-122.595237,45.49747],[-122.594651,45.497465],[-122.594593,45.501452],[-122.589801,45.501479],[-122.588445,45.50145],[-122.578654,45.501461],[-122.57868,45.497429],[-122.589089,45.49746],[-122.589182,45.486514],[-122.589312,45.479531],[-122.591502,45.479544],[-122.592215,45.479135],[-122.597071,45.479153],[-122.597048,45.480075],[-122.599628,45.480082],[-122.599589,45.483062],[-122.602159,45.483068],[-122.60212,45.485417],[-122.601339,45.4854],[-122.601334,45.490301]]]]}},{"type":"Feature","properties":{"name":"Astor K-8","school_label":"Astor K-8 Neighborhood","cluster":"Roosevelt","clusters":[{"name":"Roosevelt","share":1.0}],"level":"K-8","area_sqmi":1.42},"geometry":{"type":"MultiPolygon","coordinates":[[[[-122.725597,45.586319],[-122.725804,45.586048],[-122.725946,45.585489],[-122.722083,45.584063],[-122.721281,45.583819],[-122.715496,45.583893],[-122.713419,45.583826],[-122.708174,45.583813],[-122.708068,45.583281],[-122.708093,45.575301],[-122.71151,45.575494],[-122.712717,45.57554],[-122.714161,45.575542],[-122.718034,45.574873],[-122.719173,45.574554],[-122.719956,45.57428],[-122.720886,45.573881],[-122.721194,45.573692],[-122.721408,45.573604],[-122.721748,45.573109],[-122.72411,45.570891],[-122.731033,45.566657],[-122.731615,45.566836],[-122.735236,45.569959],[-122.738474,45.572396],[-122.74535,45.576888],[-122.746192,45.577344],[-122.735557,45.586087],[-122.732227,45.585299],[-122.73105,45.584895],[-122.72963,45.584358],[-122.729444,45.584331],[-122.729219,45.58442],[-122.728225,45.585727],[-122.727765,45.586216],[-122.726886,45.586225],[-122.726031,45.586311],[-122.725597,45.586319]]]]}},{"type":"Feature","properties":{"name":"Atkinson Elementary","school_label":"Atkinson K-5 Spanish Immersion","cluster":"Franklin","clusters":[{"name":"Franklin","share":1.0}],"level":"K-5","area_sqmi":0.91},"geometry":{"type":"MultiPolygon","coordinates":[[[[-122.606723,45.51177],[-122.606678,45.511718],[-122.601805,45.511922],[-122.601757,45.509895],[-122.597951,45.509896],[-122.597646,45.509872],[-122.597612,45.509819],[-122.597645,45.509513],[-122.597629,45.509369],[-122.597559,45.509241],[-122.597553,45.509065],[-122.597405,45.508862],[-122.597369,45.508756],[-122.597427,45.508549],[-122.59771,45.508255],[-122.597684,45.507173],[-122.593651,45.507201],[-122.593665,45.505394],[-122.581998,45.505416],[-122.578627,45.50483],[-122.578654,45.501461],[-122.588445,45.50145],[-122.589801,45.501479],[-122.594593,45.501452],[-122.594651,45.497465],[-122.609029,45.497499],[-122.608994,45.501524],[-122.609203,45.501588],[-122.611003,45.501609],[-122.610961,45.505085],[-122.611172,45.505546],[-122.611236,45.508037],[-122.61151,45.511888],[-122.611544,45.511941],[-122.61133,45.512029],[-122.606721,45.51203],[-122.606723,45.51177]]]]}},{"type":"Feature","properties":{"name":"Beach Elementary","school_label":"Beach K-5 Spanish Immersion","cluster":"Jefferson","clusters":[{"name":"Jefferson","share":1.0}],"level":"K-5","area_sqmi":3.31},"geometry":{"type":"MultiPolygon","coordinates":[[[[-122.714087,45.575315],[-122.711991,45.575295],[-122.709826,45.575184],[-122.708847,45.575119],[-122.707767,45.574972],[-122.705674,45.574441],[-122.704093,45.57396],[-122.70363,45.573771],[-122.702622,45.573211],[-122.701774,45.572572],[-122.700735,45.571472],[-122.700322,45.570855],[-122.699892,45.570078],[-122.699791,45.569988],[-122.699671,45.569953],[-122.699659,45.569625],[-122.699323,45.56874],[-122.699195,45.568216],[-122.699176,45.567394],[-122.699076,45.566405],[-122.682225,45.566322],[-122.681412,45.566353],[-122.681001,45.566407],[-122.677951,45.566419],[-122.677974,45.565542],[-122.671614,45.565563],[-122.67157,45.565549],[-122.671586,45.565099],[-122.671195,45.565099],[-122.671079,45.565185],[-122.664576,45.565155],[-122.66461,45.562746],[-122.672782,45.562706],[-122.672792,45.561174],[-122.674822,45.561166],[-122.674854,45.558399],[-122.674783,45.55824],[-122.674796,45.555877],[-122.675304,45.55551],[-122.676433,45.555503],[-122.676445,45.554642],[-122.678594,45.554647],[-122.67865,45.55348],[-122.678684,45.548037],[-122.679504,45.546696],[-122.680997,45.545349],[-122.686898,45.54106],[-122.690937,45.544153],[-122.69498,45.54794],[-122.697834,45.550355],[-122.700144,45.551492],[-122.702669,45.552289],[-122.708885,45.554609],[-122.711336,45.555469],[-122.718311,45.558337],[-122.722521,45.560366],[-122.729998,45.565069],[-122.731298,45.566194],[-122.723865,45.570729],[-122.721631,45.572868],[-122.72126,45.573126],[-122.721092,45.573282],[-122.721238,45.573409],[-122.720992,45.573513],[-122.720673,45.573702],[-122.720022,45.573996],[-122.71837,45.574554],[-122.714087,45.575315]]]]}},{"type":"Feature","properties":{"name":"Beverly Cleary K-8","school_label":"Beverly Cleary K-8 Neighborhood","cluster":"Grant","clusters":[{"name":"Grant","share":1.0}],"level":"K-8","area_sqmi":0.74},"geometry":{"type":"MultiPolygon","coordinates":[[[[-122.6282,45.546142],[-122.62734,45.546082],[-122.626592,45.545791],[-122.626351,45.545727],[-122.626057,45.545702],[-122.625744,45.545731],[-122.625174,45.544628],[-122.624205,45.544555],[-122.62382,45.544402],[-122.623612,45.544353],[-122.622617,45.54444],[-122.622486,45.544427],[-122.622421,45.544405],[-122.62235,45.544239],[-122.622194,45.544143],[-122.622182,45.544105],[-122.621539,45.543713],[-122.619172,45.54304],[-122.619128,45.543018],[-122.618858,45.542421],[-122.618257,45.542005],[-122.617488,45.541714],[-122.615867,45.541287],[-122.615164,45.541353],[-122.615203,45.534013],[-122.622138,45.534068],[-122.623688,45.53404],[-122.624933,45.53426],[-122.630988,45.531808],[-122.63422,45.530536],[-122.634538,45.530942],[-122.635328,45.530897],[-122.635844,45.530773],[-122.636168,45.530729],[-122.636706,45.530917],[-122.636636,45.533548],[-122.636377,45.533583],[-122.636281,45.533653],[-122.636232,45.533784],[-122.636275,45.535025],[-122.636264,45.541831],[-122.630675,45.541821],[-122.630374,45.541887],[-122.630289,45.54195],[-122.630223,45.542553],[-122.630221,45.545617],[-122.629621,45.545811],[-122.628752,45.545812],[-122.6282,45.546142]]]]}},{"type":"Feature","properties":{"name":"Boise-Eliot/Humboldt Elementary","school_label":"Boise-Eliot/Humboldt K-5 Neighborhood","cluster":"Jefferson","clusters":[{"name":"Jefferson","share":1.0}],"level":"K-5","area_sqmi":1.59},"geometry":{"type":"MultiPolygon","coordinates":[[[[-122.672782,45.562706],[-122.66461,45.562746],[-122.664644,45.559126],[-122.664438,45.559129],[-122.664538,45.5546],[-122.664544,45.550813],[-122.663524,45.550817],[-122.663523,45.549559],[-122.66145,45.549537],[-122.66146,45.548295],[-122.658454,45.548283],[-122.658418,45.548207],[-122.658456,45.544678],[-122.661343,45.544692],[-122.661493,45.544643],[-122.661465,45.543836],[-122.661529,45.537082],[-122.664069,45.537088],[-122.664081,45.536523],[-122.66356,45.536526],[-122.663578,45.535809],[-122.664588,45.535813],[-122.664595,45.535111],[-122.668316,45.535102],[-122.671368,45.533352],[-122.67406,45.531869],[-122.674396,45.532159],[-122.678563,45.535236],[-122.682841,45.538058],[-122.684444,45.539178],[-122.686898,45.54106],[-122.680997,45.545349],[-122.679504,45.546696],[-122.678684,45.548037],[-122.67865,45.55348],[-122.678594,45.554647],[-122.676445,45.554642],[-122.676433,45.555503],[-122.675304,45.55551],[-122.674796,45.555877],[-122.674783,45.55824],[-122.674854,45.558399],[-122.674822,45.561166],[-122.672792,45.561174],[-122.672782,45.562706]]]]}},{"type":"Feature","properties":{"name":"Bridger Creative Science K-8","school_label":"Bridger Creative Science K-8 Neighborhood","cluster":"Franklin","clusters":[{"name":"Franklin","share":1.0}],"level":"K-8","area_sqmi":0.55},"geometry":{"type":"MultiPolygon","coordinates":[[[[-122.593336,45.505621],[-122.593329,45.506978],[-122.592235,45.507036],[-122.592151,45.507114],[-122.592122,45.507198],[-122.592103,45.507618],[-122.591884,45.508186],[-122.591516,45.508513],[-122.590332,45.510356],[-122.590189,45.510953],[-122.590091,45.511557],[-122.59036,45.512756],[-122.590353,45.513213],[-122.590543,45.514003],[-122.590779,45.514547],[-122.591177,45.515088],[-122.591535,45.515425],[-122.591735,45.515551],[-122.591809,45.516136],[-122.59181,45.519009],[-122.57942,45.518922],[-122.579262,45.518407],[-122.578999,45.513534],[-122.578937,45.511706],[-122.578947,45.505609],[-122.579115,45.505149],[-122.581635,45.505591],[-122.582494,45.505644],[-122.593336,45.505621]]]]}},{"type":"Feature","properties":{"name":"Bridlemile Elementary","school_label":"Bridlemile K-5 Neighborhood","cluster":"Lincoln","clusters":[{"name":"Lincoln","share":0.54},{"name":"Wells-Barnett","share":0.46}],"level":"K-5","area_sqmi":3.09},"geometry":{"type":"MultiPolygon","coordinates":[[[[-122.713008,45.482886],[-122.716535,45.484487],[-122.717349,45.484815],[-122.718391,45.485153],[-122.719964,45.485488],[-122.72314,45.485777],[-122.725251,45.486003],[-122.725733,45.486115],[-122.726161,45.48626],[-122.72745,45.486844],[-122.728008,45.486986],[-122.72839,45.487047],[-122.728814,45.487069],[-122.737507,45.487052],[-122.743829,45.487096],[-122.743833,45.488682],[-122.744217,45.488796],[-122.743959,45.489152],[-122.743838,45.489124],[-122.743847,45.49141],[-122.743644,45.49149],[-122.743705,45.491679],[-122.744045,45.491795],[-122.743851,45.492119],[-122.743862,45.498002],[-122.746401,45.498044],[-122.746409,45.497968],[-122.746998,45.498063],[-122.747028,45.498009],[-122.747711,45.497996],[-122.747703,45.498072],[-122.750383,45.498118],[-122.75048,45.498124],[-122.750694,45.498333],[-122.750988,45.49835],[-122.75104,45.498014],[-122.751445,45.498105],[-122.751987,45.498392],[-122.752897,45.498686],[-122.753322,45.498152],[-122.753936,45.498338],[-122.754136,45.498167],[-122.754993,45.49818],[-122.755201,45.498222],[-122.756058,45.498243],[-122.757414,45.498247],[-122.757358,45.497638],[-122.757847,45.497644],[-122.757836,45.498246],[-122.758347,45.498274],[-122.758365,45.497588],[-122.759044,45.497765],[-122.760246,45.498305],[-122.761088,45.498517],[-122.762703,45.498188],[-122.763866,45.49828],[-122.763922,45.500954],[-122.764662,45.501008],[-122.76467,45.501823],[-122.764334,45.50183],[-122.764273,45.501938],[-122.764336,45.502165],[-122.76464,45.502167],[-122.764633,45.502571],[-122.764192,45.502679],[-122.764297,45.502867],[-122.764281,45.50507],[-122.764488,45.505081],[-122.764489,45.505409],[-122.764406,45.506089],[-122.761289,45.505968],[-122.759163,45.505949],[-122.758318,45.50598],[-122.758325,45.507909],[-122.751092,45.507929],[-122.751089,45.508417],[-122.747294,45.508453],[-122.747324,45.508681],[-122.74661,45.50871],[-122.746405,45.508455],[-122.746037,45.508462],[-122.745753,45.508117],[-122.745108,45.508275],[-122.745204,45.512351],[-122.743858,45.512324],[-122.743861,45.517704],[-122.741492,45.518162],[-122.740969,45.518394],[-122.738418,45.519213],[-122.73742,45.519522],[-122.736924,45.519608],[-122.735991,45.519596],[-122.733553,45.519072],[-122.73357,45.51895],[-122.733545,45.518866],[-122.733252,45.518262],[-122.732973,45.518039],[-122.732852,45.517988],[-122.732633,45.517954],[-122.731866,45.518022],[-122.731648,45.517989],[-122.731351,45.517872],[-122.731194,45.517753],[-122.731081,45.517619],[-122.73102,45.517444],[-122.731043,45.517177],[-122.731414,45.516042],[-122.731438,45.51582],[-122.731389,45.515661],[-122.731286,45.515511],[-122.730973,45.515266],[-122.730578,45.515151],[-122.730285,45.515126],[-122.730037,45.515162],[-122.728179,45.515663],[-122.727832,45.515685],[-122.727658,45.515658],[-122.727393,45.515526],[-122.727244,45.515323],[-122.727217,45.515178],[-122.727235,45.515079],[-122.727369,45.514878],[-122.727613,45.514729],[-122.727817,45.514679],[-122.728153,45.51468],[-122.728885,45.514803],[-122.729284,45.514765],[-122.729626,45.514613],[-122.729783,45.51445],[-122.729853,45.514296],[-122.72987,45.514159],[-122.729841,45.513977],[-122.7296,45.513311],[-122.729612,45.513044],[-122.729692,45.512852],[-122.729878,45.512596],[-122.730195,45.512369],[-122.730623,45.512231],[-122.731705,45.512165],[-122.731921,45.512115],[-122.732208,45.511957],[-122.732678,45.511467],[-122.732859,45.51138],[-122.733191,45.511282],[-122.733386,45.511263],[-122.7344,45.511403],[-122.734649,45.511398],[-122.735058,45.511322],[-122.735271,45.511211],[-122.735512,45.510985],[-122.735632,45.510693],[-122.73558,45.510473],[-122.735388,45.509974],[-122.735369,45.509753],[-122.735443,45.509401],[-122.735595,45.509093],[-122.735899,45.508813],[-122.733934,45.508752],[-122.732655,45.50877],[-122.732028,45.508828],[-122.731014,45.508984],[-122.729036,45.509442],[-122.728346,45.50957],[-122.727709,45.509636],[-122.726788,45.509654],[-122.726385,45.509631],[-122.725512,45.50948],[-122.724415,45.509136],[-122.722971,45.508493],[-122.722931,45.508288],[-122.72291,45.505339],[-122.723026,45.505253],[-122.723415,45.505192],[-122.724054,45.505179],[-122.724553,45.505193],[-122.725273,45.5053],[-122.725478,45.505274],[-122.725885,45.505129],[-122.725872,45.503292],[-122.726034,45.503289],[-122.726234,45.503125],[-122.72661,45.503026],[-122.727516,45.502574],[-122.727913,45.502483],[-122.728565,45.502218],[-122.728553,45.501304],[-122.728595,45.500968],[-122.729723,45.500969],[-122.729737,45.498392],[-122.729104,45.497963],[-122.727975,45.497946],[-122.726437,45.498289],[-122.726264,45.4983],[-122.725773,45.498218],[-122.725459,45.498209],[-122.72465,45.498324],[-122.724199,45.498462],[-122.722896,45.498998],[-122.722448,45.499212],[-122.720673,45.49898],[-122.720282,45.498987],[-122.719992,45.499046],[-122.719273,45.499243],[-122.718836,45.499458],[-122.718284,45.499788],[-122.717942,45.500229],[-122.717783,45.500316],[-122.717554,45.500283],[-122.717124,45.500093],[-122.717004,45.500072],[-122.716787,45.500061],[-122.716487,45.500166],[-122.714912,45.500974],[-122.714204,45.501498],[-122.713622,45.501883],[-122.713455,45.501779],[-122.713005,45.501628],[-122.712949,45.501576],[-122.712654,45.500918],[-122.712314,45.500521],[-122.712277,45.500392],[-122.712261,45.499958],[-122.712298,45.499767],[-122.713022,45.498213],[-122.713062,45.498106],[-122.713058,45.498007],[-122.712953,45.497803],[-122.712241,45.497017],[-122.711695,45.496288],[-122.711625,45.496152],[-122.711632,45.49606],[-122.711703,45.495914],[-122.711954,45.495681],[-122.71213,45.495433],[-122.712186,45.495181],[-122.71218,45.495021],[-122.711995,45.49411],[-122.711829,45.493709],[-122.711702,45.493498],[-122.711511,45.493326],[-122.711257,45.493202],[-122.710841,45.493065],[-122.710717,45.492961],[-122.710682,45.492893],[-122.710667,45.492756],[-122.710818,45.492433],[-122.71082,45.492204],[-122.710784,45.492091],[-122.710431,45.491648],[-122.710381,45.491443],[-122.71038,45.488745],[-122.710412,45.48722],[-122.710382,45.485193],[-122.71051,45.485153],[-122.711212,45.485078],[-122.711414,45.484967],[-122.711623,45.484735],[-122.711896,45.48479],[-122.71284,45.484841],[-122.712956,45.484435],[-122.712959,45.483314],[-122.713008,45.482886]]]]}},{"type":"Feature","properties":{"name":"Buckman Elementary","school_label":"Buckman K-5 Neighborhood","cluster":"Cleveland","clusters":[{"name":"Cleveland","share":1.0}],"level":"K-5","area_sqmi":2.28},"geometry":{"type":"MultiPolygon","coordinates":[[[[-122.668316,45.535102],[-122.644727,45.535035],[-122.644759,45.530073],[-122.636149,45.530493],[-122.635265,45.530662],[-122.634793,45.530808],[-122.634429,45.530327],[-122.634393,45.530205],[-122.634419,45.522888],[-122.641361,45.522881],[-122.641432,45.519336],[-122.639034,45.519327],[-122.639072,45.516979],[-122.642445,45.516985],[-122.642468,45.513615],[-122.643411,45.513621],[-122.643411,45.512988],[-122.643484,45.512911],[-122.643499,45.512095],[-122.645192,45.512116],[-122.64552,45.512202],[-122.666724,45.512268],[-122.667268,45.512303],[-122.667487,45.512353],[-122.670551,45.51314],[-122.670534,45.513568],[-122.670407,45.514256],[-122.669964,45.516154],[-122.66948,45.517779],[-122.66838,45.519789],[-122.667762,45.52224],[-122.667552,45.523974],[-122.667867,45.52643],[-122.67406,45.531869],[-122.671368,45.533352],[-122.668316,45.535102]]]]}},{"type":"Feature","properties":{"name":"Capitol Hill Elementary","school_label":"Capitol Hill K-5 Neighborhood","cluster":"Wells-Barnett","clusters":[{"name":"Wells-Barnett","share":1.0}],"level":"K-5","area_sqmi":3.28},"geometry":{"type":"MultiPolygon","coordinates":[[[[-122.66542,45.50118],[-122.665463,45.500234],[-122.666558,45.495961],[-122.669257,45.489523],[-122.669791,45.485954],[-122.669564,45.482323],[-122.669087,45.480464],[-122.667975,45.478763],[-122.666568,45.477288],[-122.665991,45.475691],[-122.666403,45.472939],[-122.666558,45.46847],[-122.66602,45.465515],[-122.665332,45.463532],[-122.664999,45.462997],[-122.66461,45.461503],[-122.67458,45.461527],[-122.674978,45.452922],[-122.676844,45.453009],[-122.677424,45.453158],[-122.677934,45.453202],[-122.67856,45.453129],[-122.679874,45.452898],[-122.680361,45.452889],[-122.680611,45.452914],[-122.680884,45.452978],[-122.681115,45.453072],[-122.681424,45.453234],[-122.682201,45.453745],[-122.682608,45.453928],[-122.683698,45.453199],[-122.683965,45.453094],[-122.684202,45.453059],[-122.689458,45.453096],[-122.689521,45.453049],[-122.689722,45.453198],[-122.689952,45.45359],[-122.690206,45.453714],[-122.691048,45.453927],[-122.691189,45.453932],[-122.691456,45.453828],[-122.691496,45.453743],[-122.692548,45.454371],[-122.693733,45.454775],[-122.695968,45.454869],[-122.696653,45.454932],[-122.698246,45.45526],[-122.69991,45.454832],[-122.700257,45.454825],[-122.700403,45.454975],[-122.700691,45.455145],[-122.702251,45.45545],[-122.702405,45.455523],[-122.702595,45.455672],[-122.702633,45.455831],[-122.702627,45.458065],[-122.70329,45.458113],[-122.704926,45.458104],[-122.705228,45.458075],[-122.707864,45.457575],[-122.707872,45.458688],[-122.715457,45.454509],[-122.716437,45.454056],[-122.717615,45.45369],[-122.718675,45.453616],[-122.721128,45.453744],[-122.720565,45.454654],[-122.720674,45.454667],[-122.722279,45.45472],[-122.726408,45.454731],[-122.726451,45.455028],[-122.726507,45.456269],[-122.727018,45.457509],[-122.727105,45.45782],[-122.727082,45.458361],[-122.726968,45.458806],[-122.726366,45.459816],[-122.726251,45.459955],[-122.726085,45.460134],[-122.725852,45.460298],[-122.724878,45.460912],[-122.724618,45.461222],[-122.72422,45.4619],[-122.723969,45.462149],[-122.723641,45.462353],[-122.723441,45.462525],[-122.723309,45.462771],[-122.723263,45.462399],[-122.723266,45.461881],[-122.723212,45.461874],[-122.707873,45.461713],[-122.707883,45.459884],[-122.702714,45.46288],[-122.689484,45.470443],[-122.689079,45.470626],[-122.688468,45.470828],[-122.687695,45.47101],[-122.687036,45.471091],[-122.685617,45.471088],[-122.685961,45.470411],[-122.685287,45.470363],[-122.684525,45.470263],[-122.684492,45.469631],[-122.684711,45.469406],[-122.684303,45.4692],[-122.683704,45.468808],[-122.683439,45.46898],[-122.683317,45.468899],[-122.683004,45.46863],[-122.68328,45.468473],[-122.682931,45.468129],[-122.681859,45.468446],[-122.681776,45.468852],[-122.681559,45.468833],[-122.681505,45.468552],[-122.681151,45.46865],[-122.680874,45.468465],[-122.680785,45.468116],[-122.680825,45.468009],[-122.680596,45.467983],[-122.680575,45.468303],[-122.680077,45.468305],[-122.680069,45.468389],[-122.678671,45.468385],[-122.678679,45.468301],[-122.678136,45.468289],[-122.678138,45.468014],[-122.675406,45.468005],[-122.675394,45.46828],[-122.674442,45.468305],[-122.672978,45.467967],[-122.672625,45.469338],[-122.672811,45.469373],[-122.672922,45.469462],[-122.672968,45.46953],[-122.673105,45.470015],[-122.673228,45.47012],[-122.673338,45.470171],[-122.673817,45.470253],[-122.674046,45.470272],[-122.674261,45.470237],[-122.674327,45.470266],[-122.674566,45.470574],[-122.67471,45.470678],[-122.674812,45.470798],[-122.674871,45.470927],[-122.674877,45.471094],[-122.674925,45.471215],[-122.675304,45.471528],[-122.675269,45.471765],[-122.675302,45.472069],[-122.675361,45.472205],[-122.675429,45.472303],[-122.675934,45.472781],[-122.675994,45.472933],[-122.675997,45.473032],[-122.677038,45.473035],[-122.677023,45.474438],[-122.679385,45.474423],[-122.680707,45.483224],[-122.680808,45.483626],[-122.680949,45.48392],[-122.683281,45.483967],[-122.684747,45.484038],[-122.684742,45.484214],[-122.68461,45.484445],[-122.684069,45.484775],[-122.683858,45.48494],[-122.683691,45.485126],[-122.683609,45.485257],[-122.683564,45.485524],[-122.683683,45.485819],[-122.683885,45.486014],[-122.685468,45.486616],[-122.685703,45.486833],[-122.685798,45.487059],[-122.685803,45.487181],[-122.685539,45.487994],[-122.685525,45.4882],[-122.685559,45.488543],[-122.685622,45.488801],[-122.686016,45.489517],[-122.686189,45.490101],[-122.686363,45.490417],[-122.684715,45.490403],[-122.684728,45.489572],[-122.682244,45.48952],[-122.681717,45.489934],[-122.681258,45.490149],[-122.680367,45.490394],[-122.679259,45.490637],[-122.67852,45.490895],[-122.678053,45.49117],[-122.677663,45.491475],[-122.677349,45.491793],[-122.677133,45.492117],[-122.676963,45.492532],[-122.6769,45.492892],[-122.676909,45.493128],[-122.676925,45.493295],[-122.677255,45.494645],[-122.677499,45.495098],[-122.677897,45.495616],[-122.678111,45.495841],[-122.678374,45.496217],[-122.679754,45.498729],[-122.680181,45.499445],[-122.680532,45.500162],[-122.678872,45.50014],[-122.678839,45.500423],[-122.678702,45.50086],[-122.678678,45.500487],[-122.678617,45.50029],[-122.678515,45.500162],[-122.678447,45.500095],[-122.678249,45.500007],[-122.677802,45.499947],[-122.677577,45.500005],[-122.677559,45.50012],[-122.677075,45.500236],[-122.67433,45.500493],[-122.66542,45.50118]]]]}},{"type":"Feature","properties":{"name":"Chapman Elementary","school_label":"Chapman K-5 Neighborhood","cluster":"Lincoln","clusters":[{"name":"Lincoln","share":1.0}],"level":"K-5","area_sqmi":6.36},"geometry":{"type":"MultiPolygon","coordinates":[[[[-122.722521,45.560366],[-122.718311,45.558337],[-122.711336,45.555469],[-122.708885,45.554609],[-122.702669,45.552289],[-122.700144,45.551492],[-122.697834,45.550355],[-122.69498,45.54794],[-122.690893,45.544116],[-122.684444,45.539178],[-122.682841,45.538058],[-122.678563,45.535236],[-122.674396,45.532159],[-122.667867,45.52643],[-122.667552,45.523974],[-122.667762,45.52224],[-122.66838,45.519789],[-122.66948,45.517779],[-122.669964,45.516154],[-122.670407,45.514256],[-122.670534,45.513568],[-122.670551,45.51314],[-122.673551,45.51393],[-122.674058,45.513844],[-122.674282,45.51374],[-122.67447,45.513554],[-122.674683,45.513436],[-122.675073,45.512811],[-122.675816,45.511455],[-122.676954,45.511731],[-122.679605,45.512466],[-122.679759,45.512531],[-122.683811,45.513636],[-122.687369,45.514566],[-122.686992,45.515236],[-122.688187,45.515579],[-122.688426,45.515605],[-122.688718,45.515592],[-122.689094,45.515478],[-122.688974,45.51577],[-122.689069,45.515692],[-122.689399,45.515526],[-122.689935,45.515348],[-122.690355,45.515271],[-122.691028,45.515266],[-122.691843,45.515319],[-122.696445,45.516016],[-122.696016,45.516146],[-122.695856,45.516233],[-122.695807,45.516356],[-122.695878,45.516538],[-122.696314,45.517482],[-122.696481,45.517616],[-122.696757,45.517763],[-122.696583,45.518048],[-122.696638,45.518063],[-122.696761,45.518175],[-122.69691,45.518385],[-122.696976,45.518422],[-122.697117,45.518396],[-122.697244,45.51831],[-122.698189,45.519862],[-122.697943,45.519951],[-122.695372,45.519939],[-122.695366,45.521303],[-122.698177,45.521326],[-122.698171,45.523284],[-122.698222,45.523482],[-122.7005,45.523788],[-122.702153,45.524214],[-122.702664,45.524242],[-122.70482,45.524155],[-122.706454,45.52404],[-122.708053,45.52388],[-122.711984,45.52279],[-122.712383,45.522721],[-122.714527,45.522627],[-122.715294,45.522543],[-122.715881,45.52228],[-122.716687,45.521777],[-122.717169,45.521615],[-122.717721,45.521582],[-122.718756,45.521691],[-122.718973,45.521687],[-122.719414,45.521602],[-122.719607,45.52153],[-122.719808,45.521397],[-122.722119,45.519317],[-122.722651,45.51904],[-122.72306,45.518948],[-122.723395,45.518919],[-122.723753,45.518935],[-122.724026,45.518983],[-122.725808,45.519642],[-122.726278,45.519754],[-122.726714,45.519807],[-122.727116,45.519814],[-122.727634,45.519759],[-122.727968,45.519691],[-122.728674,45.519418],[-122.728668,45.519548],[-122.728422,45.519934],[-122.728362,45.52008],[-122.728283,45.520584],[-122.72846,45.520695],[-122.728462,45.526686],[-122.730582,45.526507],[-122.731031,45.526628],[-122.731919,45.527175],[-122.732234,45.527466],[-122.732652,45.52883],[-122.732974,45.529319],[-122.733142,45.529468],[-122.73362,45.529764],[-122.734181,45.529981],[-122.734541,45.530043],[-122.736042,45.530151],[-122.736513,45.530271],[-122.736922,45.530469],[-122.737945,45.531143],[-122.738581,45.531641],[-122.739447,45.532447],[-122.739791,45.532951],[-122.740438,45.534318],[-122.740719,45.534594],[-122.740376,45.535005],[-122.74033,45.535532],[-122.740026,45.535812],[-122.739818,45.536068],[-122.736217,45.5361],[-122.736214,45.537198],[-122.73744,45.537197],[-122.737435,45.538828],[-122.737652,45.538831],[-122.73766,45.54021],[-122.738506,45.539919],[-122.739678,45.540811],[-122.740927,45.541427],[-122.741419,45.541532],[-122.741413,45.541943],[-122.741959,45.542344],[-122.742827,45.542343],[-122.74358,45.543334],[-122.743485,45.543412],[-122.744017,45.543714],[-122.744179,45.543696],[-122.744361,45.542435],[-122.744724,45.541978],[-122.744792,45.541786],[-122.745036,45.541918],[-122.745441,45.542299],[-122.745761,45.54275],[-122.746568,45.542551],[-122.746646,45.542039],[-122.746855,45.541822],[-122.747162,45.541892],[-122.747899,45.54187],[-122.748259,45.541916],[-122.748955,45.542268],[-122.74899,45.542313],[-122.749071,45.542449],[-122.749286,45.543298],[-122.749227,45.54346],[-122.748569,45.543861],[-122.748475,45.543954],[-122.748467,45.544038],[-122.748502,45.544106],[-122.74868,45.54421],[-122.747892,45.544324],[-122.747285,45.544344],[-122.746761,45.544247],[-122.74633,45.54405],[-122.745471,45.543426],[-122.745242,45.543393],[-122.745113,45.543418],[-122.744943,45.543513],[-122.744471,45.543957],[-122.744333,45.544028],[-122.744171,45.544062],[-122.743976,45.544058],[-122.743635,45.54395],[-122.742296,45.543245],[-122.740259,45.541844],[-122.740131,45.542494],[-122.739673,45.54274],[-122.739181,45.542932],[-122.738427,45.543374],[-122.737977,45.54352],[-122.737491,45.54359],[-122.737278,45.543716],[-122.737086,45.543781],[-122.736955,45.543783],[-122.735352,45.544142],[-122.735007,45.5445],[-122.734639,45.544819],[-122.734353,45.545008],[-122.733583,45.545617],[-122.733189,45.546128],[-122.733008,45.546215],[-122.732766,45.546418],[-122.732067,45.546904],[-122.731492,45.547205],[-122.731101,45.547495],[-122.730739,45.547677],[-122.730235,45.548144],[-122.729807,45.54861],[-122.729255,45.548925],[-122.729026,45.549189],[-122.728369,45.549629],[-122.728031,45.549894],[-122.727949,45.550025],[-122.728208,45.550272],[-122.72662,45.552269],[-122.725222,45.551717],[-122.723331,45.554025],[-122.723365,45.560891],[-122.722521,45.560366]]]]}},{"type":"Feature","properties":{"name":"Chief Joseph Elementary","school_label":"Chief Joseph K-5 Neighborhood","cluster":"Jefferson","clusters":[{"name":"Jefferson","share":1.0}],"level":"K-5","area_sqmi":1.12},"geometry":{"type":"MultiPolygon","coordinates":[[[[-122.702569,45.577145],[-122.685044,45.577137],[-122.681994,45.577149],[-122.678533,45.57723],[-122.678577,45.57178],[-122.671573,45.571738],[-122.671563,45.572058],[-122.668587,45.57203],[-122.668601,45.571809],[-122.664139,45.571809],[-122.664139,45.56998],[-122.66453,45.569981],[-122.664576,45.565155],[-122.671079,45.565185],[-122.671195,45.565099],[-122.671586,45.565099],[-122.67157,45.565549],[-122.671614,45.565563],[-122.677974,45.565542],[-122.677951,45.566419],[-122.681001,45.566407],[-122.681412,45.566353],[-122.682225,45.566322],[-122.699076,45.566405],[-122.699176,45.567394],[-122.699195,45.568216],[-122.699323,45.56874],[-122.699659,45.569625],[-122.699671,45.569953],[-122.699791,45.569988],[-122.699892,45.570078],[-122.700322,45.570855],[-122.700735,45.571472],[-122.701774,45.572572],[-122.702622,45.573211],[-122.702619,45.577045],[-122.702569,45.577145]]]]}},{"type":"Feature","properties":{"name":"Clark Elementary","school_label":"Clark K-5 Mandarin Immersion","cluster":"McDaniel","clusters":[{"name":"McDaniel","share":1.0}],"level":"K-5","area_sqmi":1.64},"geometry":{"type":"MultiPolygon","coordinates":[[[[-122.576778,45.490253],[-122.57677,45.490977],[-122.576799,45.491526],[-122.578621,45.491531],[-122.578769,45.491429],[-122.578644,45.500523],[-122.578596,45.511247],[-122.578673,45.513532],[-122.578972,45.519152],[-122.571248,45.519101],[-122.568647,45.519163],[-122.568654,45.518401],[-122.564436,45.518416],[-122.564407,45.514027],[-122.563647,45.514017],[-122.563743,45.511051],[-122.563787,45.507537],[-122.567269,45.507573],[-122.567284,45.504463],[-122.552931,45.504256],[-122.552965,45.50203],[-122.553052,45.502029],[-122.55307,45.499658],[-122.558177,45.499673],[-122.558219,45.497051],[-122.563816,45.497133],[-122.563824,45.496394],[-122.564453,45.496413],[-122.564711,45.495379],[-122.564899,45.493547],[-122.563392,45.493544],[-122.560614,45.493479],[-122.560633,45.49338],[-122.560827,45.493026],[-122.560834,45.491616],[-122.558295,45.491547],[-122.558323,45.489809],[-122.566601,45.490018],[-122.571406,45.490091],[-122.573902,45.490168],[-122.574946,45.490264],[-122.576778,45.490253]]]]}},{"type":"Feature","properties":{"name":"Creston Elementary","school_label":"Creston K-5 Neighborhood","cluster":"Franklin","clusters":[{"name":"Franklin","share":1.0}],"level":"K-5","area_sqmi":0.95},"geometry":{"type":"MultiPolygon","coordinates":[[[[-122.610961,45.505085],[-122.611003,45.501609],[-122.609203,45.501588],[-122.608994,45.501524],[-122.609029,45.497499],[-122.595237,45.49747],[-122.59529,45.493948],[-122.59941,45.493964],[-122.599459,45.491601],[-122.599438,45.490991],[-122.59951,45.490853],[-122.598408,45.490347],[-122.598537,45.490307],[-122.601334,45.490301],[-122.618983,45.490311],[-122.618949,45.493094],[-122.61902,45.493252],[-122.619207,45.493341],[-122.622633,45.493346],[-122.62263,45.496082],[-122.624105,45.496093],[-122.624443,45.49614],[-122.625762,45.496649],[-122.625807,45.496716],[-122.625874,45.497081],[-122.626188,45.49706],[-122.626205,45.499102],[-122.628557,45.499097],[-122.62855,45.499813],[-122.626208,45.499811],[-122.6262,45.500528],[-122.6226,45.500526],[-122.622597,45.504809],[-122.619539,45.504812],[-122.619238,45.504886],[-122.618729,45.505208],[-122.618492,45.505258],[-122.618005,45.50529],[-122.611088,45.505319],[-122.610961,45.505085]]]]}},{"type":"Feature","properties":{"name":"C\u00e9sar Ch\u00e1vez K-8","school_label":"C\u00e9sar Ch\u00e1vez K-8 Spanish Immersion","cluster":"Roosevelt","clusters":[{"name":"Roosevelt","share":1.0}],"level":"K-8","area_sqmi":0.52},"geometry":{"type":"MultiPolygon","coordinates":[[[[-122.718141,45.599549],[-122.714937,45.597485],[-122.713994,45.596924],[-122.713605,45.596703],[-122.712887,45.596366],[-122.712393,45.596208],[-122.712388,45.596071],[-122.712514,45.595375],[-122.712662,45.59496],[-122.712831,45.59482],[-122.713468,45.594411],[-122.713983,45.594234],[-122.715129,45.594097],[-122.715291,45.594086],[-122.71598,45.594195],[-122.716737,45.594104],[-122.716781,45.593829],[-122.71691,45.593506],[-122.71691,45.592904],[-122.716873,45.592783],[-122.717139,45.592938],[-122.717467,45.592993],[-122.717998,45.592655],[-122.718046,45.588919],[-122.718296,45.588922],[-122.718414,45.588882],[-122.71853,45.58878],[-122.718559,45.588688],[-122.718516,45.586616],[-122.718552,45.584321],[-122.721102,45.584272],[-122.721893,45.584508],[-122.725283,45.585753],[-122.725045,45.586078],[-122.724827,45.586646],[-122.724994,45.586765],[-122.725624,45.586776],[-122.726468,45.586683],[-122.728203,45.586627],[-122.728487,45.586362],[-122.729481,45.585039],[-122.730134,45.585065],[-122.73196,45.585723],[-122.735104,45.586462],[-122.718793,45.599857],[-122.718141,45.599549]]]]}},{"type":"Feature","properties":{"name":"Duniway Elementary","school_label":"Duniway K-5 Neighborhood","cluster":"Cleveland","clusters":[{"name":"Cleveland","share":1.0}],"level":"K-5","area_sqmi":1.49},"geometry":{"type":"MultiPolygon","coordinates":[[[[-122.627383,45.479348],[-122.626826,45.479237],[-122.626587,45.479218],[-122.620625,45.479207],[-122.620664,45.474702],[-122.62126,45.474699],[-122.621211,45.472657],[-122.621111,45.47259],[-122.621063,45.470251],[-122.621171,45.470249],[-122.62118,45.470211],[-122.621133,45.466645],[-122.620938,45.466649],[-122.620928,45.466054],[-122.621025,45.466053],[-122.621027,45.465778],[-122.621012,45.465367],[-122.620926,45.465361],[-122.620914,45.465041],[-122.622583,45.465025],[-122.622546,45.461459],[-122.64048,45.461499],[-122.641508,45.46148],[-122.641494,45.460154],[-122.641357,45.458716],[-122.643241,45.458673],[-122.646991,45.458702],[-122.646626,45.455721],[-122.65267,45.455356],[-122.653034,45.458322],[-122.658473,45.457991],[-122.66106,45.457629],[-122.66245,45.459234],[-122.663938,45.4615],[-122.66461,45.461503],[-122.664999,45.462997],[-122.665332,45.463532],[-122.665598,45.464296],[-122.662249,45.464291],[-122.661081,45.464336],[-122.641911,45.464323],[-122.641347,45.464287],[-122.640626,45.464133],[-122.640203,45.464126],[-122.638778,45.464267],[-122.637273,45.464302],[-122.638933,45.471802],[-122.639605,45.474289],[-122.637722,45.474377],[-122.635859,45.474389],[-122.63547,45.474435],[-122.635019,45.474557],[-122.634816,45.474637],[-122.634499,45.474857],[-122.634445,45.475193],[-122.634806,45.475903],[-122.634838,45.476504],[-122.634794,45.476795],[-122.634642,45.477095],[-122.63437,45.477389],[-122.63418,45.47753],[-122.634066,45.477692],[-122.634082,45.477814],[-122.634208,45.47801],[-122.634561,45.478194],[-122.634651,45.478299],[-122.634699,45.478412],[-122.63466,45.478558],[-122.634568,45.478712],[-122.63441,45.478829],[-122.633203,45.479027],[-122.632796,45.479187],[-122.632366,45.479271],[-122.631504,45.479127],[-122.631136,45.479119],[-122.629904,45.479233],[-122.628959,45.479174],[-122.627914,45.479346],[-122.627383,45.479348]]]]}},{"type":"Feature","properties":{"name":"Faubion K-8","school_label":"Faubion K-8 Neighborhood","cluster":"Jefferson","clusters":[{"name":"Jefferson","share":1.0}],"level":"K-8","area_sqmi":17.62},"geometry":{"type":"MultiPolygon","coordinates":[[[[-122.639027,45.566519],[-122.64084,45.566515],[-122.640837,45.567986],[-122.641168,45.56846],[-122.64297,45.568457],[-122.642968,45.569021],[-122.64348,45.56937],[-122.646086,45.569374],[-122.646106,45.571797],[-122.646016,45.57234],[-122.643411,45.572343],[-122.642958,45.57274],[-122.642943,45.574158],[-122.642989,45.574241],[-122.643078,45.574308],[-122.643308,45.57435],[-122.6433,45.575074],[-122.643404,45.575552],[-122.64342,45.576619],[-122.643372,45.579287],[-122.643544,45.579848],[-122.646053,45.579877],[-122.646025,45.582164],[-122.646073,45.582293],[-122.646162,45.582352],[-122.647576,45.582409],[-122.647583,45.58263],[-122.648139,45.582986],[-122.64899,45.583114],[-122.650689,45.582938],[-122.65181,45.583016],[-122.653222,45.583332],[-122.656692,45.584433],[-122.657925,45.584898],[-122.66115,45.58582],[-122.66192,45.586088],[-122.662628,45.586448],[-122.663112,45.586637],[-122.663417,45.586669],[-122.664273,45.586607],[-122.664683,45.586531],[-122.665046,45.586349],[-122.665751,45.585718],[-122.66623,45.585458],[-122.667026,45.585245],[-122.667756,45.585299],[-122.668646,45.58561],[-122.670198,45.58648],[-122.671414,45.587082],[-122.672126,45.587275],[-122.672235,45.587288],[-122.673079,45.587196],[-122.674715,45.586784],[-122.675097,45.586822],[-122.675493,45.586982],[-122.67617,45.587389],[-122.676878,45.587741],[-122.677912,45.58811],[-122.679291,45.588404],[-122.681893,45.588583],[-122.683105,45.588774],[-122.685033,45.589552],[-122.68649,45.58989],[-122.688053,45.590166],[-122.689534,45.590587],[-122.690691,45.591045],[-122.696115,45.592984],[-122.70007,45.594242],[-122.702384,45.594853],[-122.703561,45.594968],[-122.705113,45.59493],[-122.705787,45.594963],[-122.706872,45.595232],[-122.708357,45.595737],[-122.70995,45.596232],[-122.712333,45.596666],[-122.713184,45.597054],[-122.714582,45.597873],[-122.71732,45.599672],[-122.718652,45.600477],[-122.719028,45.60066],[-122.720664,45.601132],[-122.721496,45.601306],[-122.723326,45.601438],[-122.724957,45.601483],[-122.725819,45.601596],[-122.726631,45.601816],[-122.726995,45.601969],[-122.728026,45.602528],[-122.729358,45.60331],[-122.729962,45.603497],[-122.731031,45.603621],[-122.733504,45.603809],[-122.734475,45.60392],[-122.735317,45.604079],[-122.736139,45.604276],[-122.736702,45.604532],[-122.737483,45.605088],[-122.738,45.605536],[-122.738969,45.606485],[-122.739659,45.606936],[-122.740035,45.607112],[-122.74031,45.607205],[-122.74126,45.607347],[-122.74321,45.607492],[-122.744645,45.607814],[-122.745515,45.607828],[-122.746324,45.607987],[-122.74701,45.608309],[-122.747914,45.60897],[-122.74827,45.609191],[-122.749052,45.609489],[-122.749524,45.609594],[-122.750986,45.609771],[-122.751577,45.609881],[-122.752358,45.610155],[-122.753098,45.610469],[-122.753847,45.610454],[-122.755722,45.609175],[-122.756204,45.6087],[-122.75522,45.607051],[-122.755285,45.607057],[-122.755957,45.606724],[-122.756019,45.606639],[-122.756015,45.60654],[-122.755969,45.606457],[-122.755603,45.606266],[-122.756084,45.606051],[-122.756926,45.605897],[-122.758298,45.605702],[-122.759948,45.605944],[-122.761831,45.606646],[-122.762975,45.607012],[-122.764296,45.607192],[-122.765014,45.607224],[-122.766183,45.607109],[-122.76638,45.607136],[-122.766853,45.607012],[-122.767785,45.606666],[-122.775118,45.606651],[-122.776451,45.606571],[-122.778523,45.60621],[-122.778849,45.606203],[-122.782278,45.605815],[-122.782957,45.605954],[-122.785,45.609434],[-122.787963,45.614261],[-122.789313,45.61665],[-122.789574,45.617224],[-122.790305,45.61961],[-122.790395,45.619685],[-122.792111,45.620237],[-122.791451,45.621744],[-122.79008,45.626314],[-122.789984,45.62781],[-122.789756,45.628394],[-122.788538,45.631245],[-122.78754,45.633026],[-122.786595,45.634478],[-122.759283,45.63453],[-122.751456,45.634493],[-122.743197,45.63451],[-122.743059,45.634596],[-122.742998,45.63472],[-122.742896,45.645201],[-122.736688,45.643127],[-122.728697,45.640729],[-122.713437,45.636276],[-122.712666,45.636001],[-122.70622,45.63329],[-122.698774,45.628738],[-122.688298,45.623291],[-122.682686,45.620745],[-122.674948,45.617645],[-122.667999,45.615041],[-122.660754,45.61296],[-122.649678,45.609418],[-122.648076,45.60896],[-122.643471,45.607766],[-122.635356,45.606507],[-122.635255,45.601144],[-122.635386,45.599312],[-122.63555,45.598097],[-122.635748,45.595662],[-122.635826,45.595417],[-122.635832,45.59435],[-122.635807,45.594267],[-122.635684,45.594162],[-122.635563,45.594126],[-122.630741,45.594124],[-122.630745,45.590497],[-122.630654,45.590376],[-122.630543,45.590325],[-122.620421,45.589049],[-122.620542,45.58439],[-122.620536,45.578896],[-122.621074,45.578467],[-122.621756,45.578088],[-122.622349,45.577666],[-122.622372,45.575828],[-122.622949,45.575536],[-122.62379,45.575368],[-122.624496,45.575073],[-122.624466,45.572025],[-122.62488,45.571453],[-122.62491,45.571361],[-122.624907,45.57005],[-122.624883,45.569967],[-122.624815,45.569892],[-122.62465,45.569827],[-122.624639,45.568569],[-122.624521,45.567985],[-122.624518,45.566643],[-122.624689,45.566579],[-122.624781,45.566417],[-122.624781,45.56516],[-122.62469,45.56504],[-122.624604,45.564439],[-122.624604,45.564134],[-122.626786,45.564132],[-122.627631,45.564078],[-122.627745,45.563947],[-122.627751,45.563489],[-122.627896,45.562983],[-122.637458,45.562943],[-122.637638,45.563435],[-122.637626,45.565874],[-122.637654,45.566384],[-122.637744,45.566466],[-122.639027,45.566519]]]]}},{"type":"Feature","properties":{"name":"Forest Park Elementary","school_label":"Forest Park K-5 Neighborhood","cluster":"Lincoln","clusters":[{"name":"Lincoln","share":1.0}],"level":"K-5","area_sqmi":4.16},"geometry":{"type":"MultiPolygon","coordinates":[[[[-122.779639,45.569947],[-122.774455,45.569806],[-122.774354,45.562758],[-122.763599,45.554945],[-122.763699,45.548015],[-122.74723,45.548148],[-122.747256,45.544428],[-122.747285,45.544344],[-122.747762,45.544342],[-122.74868,45.54421],[-122.748502,45.544106],[-122.748467,45.544038],[-122.748475,45.543954],[-122.748569,45.543861],[-122.749227,45.54346],[-122.749286,45.543298],[-122.749071,45.542449],[-122.748955,45.542268],[-122.748259,45.541916],[-122.747899,45.54187],[-122.747162,45.541892],[-122.746855,45.541822],[-122.746646,45.542039],[-122.746568,45.542551],[-122.745761,45.54275],[-122.745441,45.542299],[-122.745036,45.541918],[-122.744792,45.541786],[-122.744724,45.541978],[-122.744361,45.542435],[-122.744179,45.543696],[-122.744017,45.543714],[-122.743485,45.543412],[-122.74358,45.543334],[-122.742827,45.542343],[-122.741959,45.542344],[-122.741413,45.541943],[-122.741419,45.541532],[-122.740927,45.541427],[-122.739678,45.540811],[-122.738506,45.539919],[-122.73766,45.54021],[-122.737652,45.538831],[-122.737435,45.538828],[-122.73744,45.537197],[-122.736214,45.537198],[-122.736217,45.5361],[-122.739818,45.536068],[-122.740026,45.535812],[-122.74033,45.535532],[-122.740376,45.535005],[-122.740719,45.534594],[-122.740438,45.534318],[-122.739791,45.532951],[-122.739447,45.532447],[-122.738581,45.531641],[-122.737945,45.531143],[-122.736922,45.530469],[-122.736513,45.530271],[-122.736042,45.530151],[-122.734541,45.530043],[-122.734181,45.529981],[-122.73362,45.529764],[-122.733142,45.529468],[-122.732974,45.529319],[-122.732652,45.52883],[-122.732234,45.527466],[-122.731919,45.527175],[-122.731031,45.526628],[-122.730582,45.526507],[-122.728462,45.526686],[-122.72846,45.520695],[-122.728283,45.520584],[-122.728362,45.52008],[-122.728422,45.519934],[-122.728668,45.519548],[-122.728674,45.519418],[-122.729633,45.51895],[-122.729987,45.518836],[-122.730665,45.518701],[-122.731206,45.51866],[-122.731816,45.518725],[-122.735991,45.519596],[-122.736924,45.519608],[-122.73742,45.519522],[-122.738418,45.519213],[-122.740969,45.518394],[-122.741492,45.518162],[-122.743861,45.517704],[-122.743822,45.523117],[-122.759314,45.523155],[-122.759317,45.526745],[-122.762062,45.526752],[-122.762047,45.527537],[-122.763165,45.527531],[-122.76314,45.529795],[-122.763466,45.529803],[-122.763442,45.531191],[-122.764419,45.531202],[-122.764414,45.531378],[-122.76602,45.531376],[-122.766026,45.533869],[-122.774715,45.533819],[-122.774735,45.530312],[-122.779662,45.530344],[-122.77989,45.530347],[-122.779793,45.532102],[-122.779763,45.533916],[-122.784845,45.534014],[-122.78474,45.539305],[-122.784712,45.542324],[-122.782368,45.542325],[-122.783425,45.543577],[-122.782762,45.543849],[-122.782427,45.543604],[-122.782109,45.544083],[-122.779562,45.542426],[-122.780496,45.545357],[-122.780809,45.546159],[-122.78018,45.546187],[-122.777313,45.544689],[-122.776811,45.545171],[-122.778416,45.546008],[-122.778331,45.54838],[-122.784703,45.548421],[-122.784706,45.555715],[-122.782793,45.556516],[-122.782367,45.55673],[-122.78099,45.557634],[-122.779492,45.557054],[-122.779547,45.564019],[-122.779639,45.569947]]]]}},{"type":"Feature","properties":{"name":"Glencoe Elementary","school_label":"Glencoe K-5 Neighborhood","cluster":"Franklin","clusters":[{"name":"Franklin","share":1.0}],"level":"K-5","area_sqmi":1.59},"geometry":{"type":"MultiPolygon","coordinates":[[[[-122.591831,45.523132],[-122.591852,45.522172],[-122.591532,45.522002],[-122.590807,45.521733],[-122.589793,45.521264],[-122.587984,45.520367],[-122.588111,45.520289],[-122.588372,45.520292],[-122.588501,45.520259],[-122.588553,45.520197],[-122.588562,45.520136],[-122.588467,45.519916],[-122.588478,45.519284],[-122.588563,45.519221],[-122.592132,45.51924],[-122.59213,45.515688],[-122.592192,45.515611],[-122.592079,45.515461],[-122.59179,45.515275],[-122.591522,45.515044],[-122.591319,45.514819],[-122.591091,45.51448],[-122.590771,45.513678],[-122.590678,45.513192],[-122.590673,45.5124],[-122.59053,45.512021],[-122.590416,45.511566],[-122.590496,45.511031],[-122.590648,45.510403],[-122.59077,45.510165],[-122.591812,45.508614],[-122.592097,45.50838],[-122.592411,45.508047],[-122.592447,45.507208],[-122.597684,45.507173],[-122.59771,45.508255],[-122.597427,45.508549],[-122.597369,45.508756],[-122.597405,45.508862],[-122.597553,45.509065],[-122.597559,45.509241],[-122.597629,45.509369],[-122.597645,45.509513],[-122.597612,45.509819],[-122.597646,45.509872],[-122.597951,45.509896],[-122.601757,45.509895],[-122.601805,45.511922],[-122.606678,45.511718],[-122.606723,45.51177],[-122.606721,45.51203],[-122.61133,45.512029],[-122.611544,45.511941],[-122.61151,45.511888],[-122.611236,45.508037],[-122.611172,45.505546],[-122.611088,45.505319],[-122.61833,45.505277],[-122.618729,45.505208],[-122.619238,45.504886],[-122.619539,45.504812],[-122.622597,45.504809],[-122.622773,45.512061],[-122.620137,45.512057],[-122.6201,45.51503],[-122.619362,45.515028],[-122.619348,45.516499],[-122.619394,45.516582],[-122.622778,45.516588],[-122.622896,45.51654],[-122.62297,45.519313],[-122.622957,45.521722],[-122.622599,45.521721],[-122.622608,45.521362],[-122.619701,45.521363],[-122.61942,45.521398],[-122.618624,45.521596],[-122.618289,45.521633],[-122.617346,45.521635],[-122.617336,45.521993],[-122.616056,45.521979],[-122.616074,45.523137],[-122.615488,45.523133],[-122.614898,45.522991],[-122.614903,45.524401],[-122.613352,45.524399],[-122.613351,45.524689],[-122.612624,45.524687],[-122.612617,45.525098],[-122.611933,45.525096],[-122.61193,45.524379],[-122.607537,45.524376],[-122.607339,45.524289],[-122.605332,45.524287],[-122.605311,45.526506],[-122.604693,45.526509],[-122.604704,45.527782],[-122.60421,45.527928],[-122.603707,45.52812],[-122.603066,45.528414],[-122.602139,45.528896],[-122.602214,45.522881],[-122.598428,45.522874],[-122.596941,45.523153],[-122.592461,45.523166],[-122.591831,45.523132]]]]}},{"type":"Feature","properties":{"name":"Grout Elementary","school_label":"Grout K-5 Neighborhood","cluster":"Cleveland","clusters":[{"name":"Cleveland","share":1.0}],"level":"K-5","area_sqmi":2.73},"geometry":{"type":"MultiPolygon","coordinates":[[[[-122.659362,45.501584],[-122.656781,45.501557],[-122.655781,45.501492],[-122.653388,45.500988],[-122.650469,45.500281],[-122.649147,45.500008],[-122.646645,45.499765],[-122.645642,45.499609],[-122.644636,45.499369],[-122.640177,45.498072],[-122.639609,45.497953],[-122.637587,45.497801],[-122.637603,45.501962],[-122.628559,45.501955],[-122.628557,45.499097],[-122.626205,45.499102],[-122.626188,45.49706],[-122.625874,45.497081],[-122.625807,45.496716],[-122.625762,45.496649],[-122.624443,45.49614],[-122.624105,45.496093],[-122.62263,45.496082],[-122.622633,45.493346],[-122.619207,45.493341],[-122.61902,45.493252],[-122.618949,45.493094],[-122.618983,45.490311],[-122.617812,45.49031],[-122.617801,45.488115],[-122.620381,45.488113],[-122.620532,45.487768],[-122.620568,45.487561],[-122.620603,45.486692],[-122.622663,45.486699],[-122.622668,45.482797],[-122.623633,45.482802],[-122.623649,45.479212],[-122.626587,45.479218],[-122.6276,45.47936],[-122.62827,45.479302],[-122.628959,45.479174],[-122.629904,45.479233],[-122.631136,45.479119],[-122.631504,45.479127],[-122.632366,45.479271],[-122.632796,45.479187],[-122.633203,45.479027],[-122.63441,45.478829],[-122.634568,45.478712],[-122.63466,45.478558],[-122.634699,45.478412],[-122.634651,45.478299],[-122.634561,45.478194],[-122.634208,45.47801],[-122.634082,45.477814],[-122.634066,45.477692],[-122.63418,45.47753],[-122.63437,45.477389],[-122.634642,45.477095],[-122.634794,45.476795],[-122.634838,45.476504],[-122.634806,45.475903],[-122.634445,45.475193],[-122.634499,45.474857],[-122.634646,45.47474],[-122.634816,45.474637],[-122.635191,45.474501],[-122.635859,45.474389],[-122.637722,45.474377],[-122.640427,45.474235],[-122.641654,45.479578],[-122.641949,45.480563],[-122.642306,45.481464],[-122.642538,45.481909],[-122.643411,45.483303],[-122.64421,45.484134],[-122.645086,45.484719],[-122.645529,45.48497],[-122.648374,45.48635],[-122.649465,45.486847],[-122.650349,45.487319],[-122.651219,45.488026],[-122.651926,45.488722],[-122.669746,45.485284],[-122.669791,45.485954],[-122.669257,45.489523],[-122.666558,45.495961],[-122.665463,45.500234],[-122.66542,45.50118],[-122.660565,45.501554],[-122.659362,45.501584]]]]}},{"type":"Feature","properties":{"name":"Hayhurst Elementary","school_label":"Hayhurst K-5 Neighborhood","cluster":"Wells-Barnett","clusters":[{"name":"Wells-Barnett","share":1.0}],"level":"K-5","area_sqmi":1.42},"geometry":{"type":"MultiPolygon","coordinates":[[[[-122.743829,45.487096],[-122.737507,45.487052],[-122.728814,45.487069],[-122.72839,45.487047],[-122.728008,45.486986],[-122.72745,45.486844],[-122.726161,45.48626],[-122.725733,45.486115],[-122.725251,45.486003],[-122.72314,45.485777],[-122.719964,45.485488],[-122.718391,45.485153],[-122.717349,45.484815],[-122.716535,45.484487],[-122.713008,45.482886],[-122.712959,45.483314],[-122.712956,45.484435],[-122.71284,45.484841],[-122.711896,45.48479],[-122.711623,45.484735],[-122.711414,45.484967],[-122.711212,45.485078],[-122.71051,45.485153],[-122.710382,45.485193],[-122.710207,45.485166],[-122.708114,45.485145],[-122.707982,45.485095],[-122.707948,45.485049],[-122.70795,45.484806],[-122.708013,45.484454],[-122.70829,45.484006],[-122.708338,45.48383],[-122.708342,45.48364],[-122.708213,45.483375],[-122.707789,45.482736],[-122.707764,45.482652],[-122.707812,45.481584],[-122.706769,45.481208],[-122.70569,45.480764],[-122.705065,45.480555],[-122.704342,45.480355],[-122.702247,45.479969],[-122.701841,45.479824],[-122.701455,45.479649],[-122.701101,45.479442],[-122.700278,45.478863],[-122.699496,45.47852],[-122.698633,45.478041],[-122.698366,45.477848],[-122.69965,45.477664],[-122.700468,45.477526],[-122.70078,45.477444],[-122.701014,45.477325],[-122.701676,45.476764],[-122.702319,45.476256],[-122.702489,45.476153],[-122.702645,45.475968],[-122.702615,45.469734],[-122.70265,45.468292],[-122.706919,45.468279],[-122.707193,45.468373],[-122.70773,45.468835],[-122.708944,45.46885],[-122.70912,45.468907],[-122.708116,45.469628],[-122.707899,45.469899],[-122.70781,45.470137],[-122.707817,45.473322],[-122.707786,45.473681],[-122.707783,45.474786],[-122.707819,45.476097],[-122.743751,45.47645],[-122.743779,45.476915],[-122.743782,45.482585],[-122.743829,45.487096]]]]}},{"type":"Feature","properties":{"name":"Irvington Elementary","school_label":"Irvington K-5 Neighborhood","cluster":"Grant","clusters":[{"name":"Grant","share":1.0}],"level":"K-5","area_sqmi":0.98},"geometry":{"type":"MultiPolygon","coordinates":[[[[-122.658454,45.548283],[-122.654318,45.548269],[-122.654347,45.546012],[-122.655356,45.546009],[-122.655372,45.545216],[-122.64096,45.545173],[-122.641014,45.542078],[-122.636586,45.542061],[-122.636595,45.535179],[-122.636557,45.533778],[-122.636958,45.533778],[-122.637037,45.530438],[-122.644759,45.530073],[-122.644727,45.535035],[-122.664595,45.535111],[-122.664588,45.535813],[-122.663578,45.535809],[-122.66356,45.536526],[-122.664081,45.536523],[-122.664069,45.537088],[-122.661529,45.537082],[-122.661465,45.543836],[-122.661493,45.544643],[-122.661343,45.544692],[-122.658456,45.544678],[-122.658418,45.548207],[-122.658454,45.548283]]]]}},{"type":"Feature","properties":{"name":"James John Elementary","school_label":"James John K-5 Spanish Immersion","cluster":"Roosevelt","clusters":[{"name":"Roosevelt","share":1.0}],"level":"K-5","area_sqmi":1.81},"geometry":{"type":"MultiPolygon","coordinates":[[[[-122.736902,45.604353],[-122.736471,45.60414],[-122.735976,45.603982],[-122.734466,45.603684],[-122.730128,45.603296],[-122.729414,45.603066],[-122.728147,45.602297],[-122.72725,45.601812],[-122.726852,45.601637],[-122.726347,45.601479],[-122.725909,45.601373],[-122.725297,45.601278],[-122.724436,45.601219],[-122.723035,45.6012],[-122.721324,45.60105],[-122.719382,45.600524],[-122.718985,45.600371],[-122.718763,45.600231],[-122.746678,45.577296],[-122.749557,45.578802],[-122.754862,45.580733],[-122.759968,45.582546],[-122.763951,45.584814],[-122.767614,45.587806],[-122.765249,45.589042],[-122.76352,45.589868],[-122.763097,45.590166],[-122.757324,45.592917],[-122.757262,45.59301],[-122.756953,45.593168],[-122.750327,45.596385],[-122.749781,45.596602],[-122.749534,45.59666],[-122.748906,45.59671],[-122.748251,45.596632],[-122.738094,45.594223],[-122.73664,45.597209],[-122.736906,45.597371],[-122.736914,45.604093],[-122.736902,45.604353]]]]}},{"type":"Feature","properties":{"name":"Kelly Elementary","school_label":"Kelly K-5 Russian Immersion","cluster":"Franklin","clusters":[{"name":"Franklin","share":1.0}],"level":"K-5","area_sqmi":1.33},"geometry":{"type":"MultiPolygon","coordinates":[[[[-122.553229,45.471396],[-122.555789,45.471129],[-122.555806,45.470008],[-122.556304,45.470007],[-122.5563,45.469565],[-122.555812,45.469551],[-122.555814,45.468972],[-122.556399,45.468969],[-122.556476,45.468663],[-122.556606,45.46866],[-122.556591,45.468218],[-122.5558,45.468233],[-122.555807,45.467478],[-122.557205,45.467483],[-122.557215,45.467758],[-122.557485,45.467753],[-122.557476,45.467486],[-122.558365,45.467478],[-122.558371,45.465412],[-122.558679,45.465529],[-122.559246,45.46564],[-122.559266,45.464634],[-122.55321,45.464674],[-122.553198,45.46107],[-122.558313,45.461077],[-122.56879,45.461383],[-122.572106,45.461407],[-122.579196,45.46153],[-122.5791,45.463483],[-122.579095,45.472286],[-122.577046,45.472262],[-122.577059,45.475829],[-122.57555,45.47578],[-122.575412,45.47938],[-122.575944,45.4794],[-122.575898,45.480613],[-122.574879,45.480601],[-122.574859,45.481615],[-122.573286,45.481247],[-122.568621,45.47983],[-122.562572,45.478186],[-122.56028,45.477389],[-122.558319,45.477424],[-122.558326,45.47699],[-122.555567,45.47646],[-122.555573,45.475363],[-122.555779,45.475359],[-122.555801,45.471799],[-122.553234,45.471845],[-122.553229,45.471396]]]]}},{"type":"Feature","properties":{"name":"Laurelhurst K-8","school_label":"Laurelhurst K-8 Neighborhood","cluster":"Grant","clusters":[{"name":"Grant","share":1.0}],"level":"K-8","area_sqmi":0.93},"geometry":{"type":"MultiPolygon","coordinates":[[[[-122.622154,45.533611],[-122.620851,45.533581],[-122.605194,45.533504],[-122.605207,45.532323],[-122.605282,45.531971],[-122.605307,45.530499],[-122.605362,45.529896],[-122.605365,45.528402],[-122.605213,45.528085],[-122.60502,45.527502],[-122.605009,45.526892],[-122.605596,45.526615],[-122.605627,45.526553],[-122.605653,45.524792],[-122.606132,45.524517],[-122.606999,45.524516],[-122.607838,45.524607],[-122.611613,45.524606],[-122.611605,45.525003],[-122.612158,45.525328],[-122.612679,45.525326],[-122.612808,45.525285],[-122.612923,45.525177],[-122.613531,45.524883],[-122.613647,45.524782],[-122.613685,45.524629],[-122.614965,45.524628],[-122.615179,45.524533],[-122.615229,45.524402],[-122.615235,45.52332],[-122.615768,45.523364],[-122.616399,45.5231],[-122.616388,45.522491],[-122.616856,45.522216],[-122.617399,45.522221],[-122.617517,45.522188],[-122.617632,45.522079],[-122.618221,45.521863],[-122.618611,45.521833],[-122.619904,45.521588],[-122.622279,45.521589],[-122.622285,45.521749],[-122.622627,45.522216],[-122.622626,45.522825],[-122.623338,45.523018],[-122.624116,45.52295],[-122.625473,45.522666],[-122.626703,45.52246],[-122.627211,45.522405],[-122.627557,45.522383],[-122.628678,45.522507],[-122.629261,45.52242],[-122.630116,45.522359],[-122.630984,45.522365],[-122.63129,45.522756],[-122.631282,45.52438],[-122.631373,45.5245],[-122.63145,45.524536],[-122.632308,45.524566],[-122.634098,45.524571],[-122.634071,45.530013],[-122.633377,45.530339],[-122.625097,45.53367],[-122.624305,45.533693],[-122.623781,45.533581],[-122.622154,45.533611]]]]}},{"type":"Feature","properties":{"name":"Lent Elementary","school_label":"Lent K-5 Spanish Immersion","cluster":"Franklin","clusters":[{"name":"Franklin","share":1.0}],"level":"K-5","area_sqmi":0.69},"geometry":{"type":"MultiPolygon","coordinates":[[[[-122.574033,45.490181],[-122.558323,45.489809],[-122.555743,45.489802],[-122.55573,45.489086],[-122.555101,45.489082],[-122.555106,45.488906],[-122.554477,45.48891],[-122.553174,45.488842],[-122.553172,45.488148],[-122.553537,45.488035],[-122.558316,45.487988],[-122.55829,45.483994],[-122.55828,45.483682],[-122.553158,45.483835],[-122.553167,45.482814],[-122.552826,45.482652],[-122.552838,45.481722],[-122.552903,45.481729],[-122.552914,45.481408],[-122.552942,45.478344],[-122.558307,45.478362],[-122.558319,45.477424],[-122.56028,45.477389],[-122.562572,45.478186],[-122.568621,45.47983],[-122.573286,45.481247],[-122.574859,45.481615],[-122.574846,45.482194],[-122.574881,45.482262],[-122.574133,45.482268],[-122.574122,45.485767],[-122.574048,45.48839],[-122.574071,45.488443],[-122.574033,45.490181]]]]}},{"type":"Feature","properties":{"name":"Lewis Elementary","school_label":"Lewis K-5 Neighborhood","cluster":"Cleveland","clusters":[{"name":"Cleveland","share":1.0}],"level":"K-5","area_sqmi":0.69},"geometry":{"type":"MultiPolygon","coordinates":[[[[-122.608752,45.475928],[-122.609978,45.472491],[-122.610084,45.471795],[-122.61012,45.461521],[-122.622546,45.461459],[-122.622583,45.465025],[-122.620914,45.465041],[-122.620926,45.465361],[-122.621012,45.465367],[-122.621027,45.465778],[-122.621025,45.466053],[-122.620928,45.466054],[-122.620938,45.466649],[-122.621133,45.466645],[-122.62118,45.470211],[-122.621171,45.470249],[-122.621063,45.470251],[-122.621111,45.47259],[-122.621211,45.472657],[-122.62126,45.474699],[-122.620664,45.474702],[-122.620625,45.479207],[-122.608756,45.479175],[-122.608752,45.475928]]]]}},{"type":"Feature","properties":{"name":"Llewellyn Elementary","school_label":"Llewellyn K-5 Neighborhood","cluster":"Cleveland","clusters":[{"name":"Cleveland","share":1.0}],"level":"K-5","area_sqmi":2.03},"geometry":{"type":"MultiPolygon","coordinates":[[[[-122.651219,45.488026],[-122.650349,45.487319],[-122.649972,45.487105],[-122.645529,45.48497],[-122.644499,45.484349],[-122.644087,45.484029],[-122.643411,45.483303],[-122.642735,45.482256],[-122.642306,45.481464],[-122.642069,45.480889],[-122.641767,45.480003],[-122.640427,45.474235],[-122.639605,45.474289],[-122.638933,45.471802],[-122.637273,45.464302],[-122.638778,45.464267],[-122.640203,45.464126],[-122.640626,45.464133],[-122.641347,45.464287],[-122.641911,45.464323],[-122.661081,45.464336],[-122.662249,45.464291],[-122.665598,45.464296],[-122.66602,45.465515],[-122.666558,45.46847],[-122.666403,45.472939],[-122.665991,45.475691],[-122.666568,45.477288],[-122.667975,45.478763],[-122.669087,45.480464],[-122.669564,45.482323],[-122.669746,45.485284],[-122.651926,45.488722],[-122.651219,45.488026]]]]}},{"type":"Feature","properties":{"name":"MLK Jr Elementary","school_label":"MLK Jr K-5 Mandarin Immersion","cluster":"Jefferson","clusters":[{"name":"Jefferson","share":1.0}],"level":"K-5","area_sqmi":0.47},"geometry":{"type":"MultiPolygon","coordinates":[[[[-122.664567,45.566444],[-122.661223,45.56643],[-122.661069,45.566365],[-122.655923,45.56634],[-122.655959,45.562749],[-122.654949,45.562753],[-122.654949,45.561831],[-122.652463,45.561824],[-122.652476,45.560025],[-122.650511,45.560016],[-122.650539,45.557729],[-122.651548,45.557733],[-122.651588,45.555484],[-122.66139,45.555521],[-122.66145,45.549537],[-122.663523,45.549559],[-122.663524,45.550817],[-122.664544,45.550813],[-122.664538,45.5546],[-122.664438,45.559129],[-122.664644,45.559126],[-122.664567,45.566444]]]]}},{"type":"Feature","properties":{"name":"Maplewood Elementary","school_label":"Maplewood K-5 Neighborhood","cluster":"Wells-Barnett","clusters":[{"name":"Wells-Barnett","share":1.0}],"level":"K-5","area_sqmi":1.7},"geometry":{"type":"MultiPolygon","coordinates":[[[[-122.743951,45.475402],[-122.74395,45.475959],[-122.743733,45.475955],[-122.743751,45.47645],[-122.707819,45.476097],[-122.707783,45.474786],[-122.707786,45.473681],[-122.707817,45.473322],[-122.70781,45.470137],[-122.707899,45.469899],[-122.708116,45.469628],[-122.70912,45.468907],[-122.708944,45.46885],[-122.70773,45.468835],[-122.707193,45.468373],[-122.706919,45.468279],[-122.70006,45.468296],[-122.700078,45.466711],[-122.700039,45.466506],[-122.69989,45.466303],[-122.699616,45.466209],[-122.698022,45.466171],[-122.697681,45.46604],[-122.697501,45.465861],[-122.707883,45.459884],[-122.707873,45.461713],[-122.723266,45.461881],[-122.723263,45.462399],[-122.723309,45.462771],[-122.723282,45.462909],[-122.723278,45.465478],[-122.723612,45.465418],[-122.725584,45.465418],[-122.725906,45.465335],[-122.726506,45.464859],[-122.72662,45.464704],[-122.726648,45.464574],[-122.726621,45.46443],[-122.726299,45.463918],[-122.726248,45.463713],[-122.72636,45.46352],[-122.726434,45.463473],[-122.726562,45.463409],[-122.72682,45.463366],[-122.727039,45.463408],[-122.72852,45.46392],[-122.728774,45.464037],[-122.729498,45.464595],[-122.729957,45.4647],[-122.730238,45.464679],[-122.731182,45.464409],[-122.731657,45.464347],[-122.731973,45.464394],[-122.735252,45.465184],[-122.735535,45.465216],[-122.736923,45.464945],[-122.737204,45.464932],[-122.741241,45.465379],[-122.743795,45.465566],[-122.743758,45.475162],[-122.745048,45.475175],[-122.745064,45.475312],[-122.745057,45.475419],[-122.744895,45.475422],[-122.744886,45.475483],[-122.744613,45.475732],[-122.744472,45.475712],[-122.744385,45.475417],[-122.743951,45.475402]]]]}},{"type":"Feature","properties":{"name":"Markham Elementary","school_label":"Markham K-5 Neighborhood","cluster":"Wells-Barnett","clusters":[{"name":"Wells-Barnett","share":1.0}],"level":"K-5","area_sqmi":2.59},"geometry":{"type":"MultiPolygon","coordinates":[[[[-122.743795,45.465566],[-122.741241,45.465379],[-122.737204,45.464932],[-122.736923,45.464945],[-122.735535,45.465216],[-122.735252,45.465184],[-122.731973,45.464394],[-122.731657,45.464347],[-122.731182,45.464409],[-122.730238,45.464679],[-122.729957,45.4647],[-122.729498,45.464595],[-122.728774,45.464037],[-122.72852,45.46392],[-122.727039,45.463408],[-122.72682,45.463366],[-122.726562,45.463409],[-122.726434,45.463473],[-122.72636,45.46352],[-122.726248,45.463713],[-122.726299,45.463918],[-122.726621,45.46443],[-122.726648,45.464574],[-122.72662,45.464704],[-122.726506,45.464859],[-122.725906,45.465335],[-122.725584,45.465418],[-122.723612,45.465418],[-122.723278,45.465478],[-122.723282,45.462909],[-122.723359,45.462649],[-122.723578,45.4624],[-122.723969,45.462149],[-122.72422,45.4619],[-122.724618,45.461222],[-122.724878,45.460912],[-122.725852,45.460298],[-122.726085,45.460134],[-122.726251,45.459955],[-122.726366,45.459816],[-122.726928,45.458906],[-122.727027,45.458629],[-122.727106,45.458148],[-122.727105,45.45782],[-122.727018,45.457509],[-122.726507,45.456269],[-122.726451,45.455028],[-122.726408,45.454731],[-122.722279,45.45472],[-122.720674,45.454667],[-122.720565,45.454654],[-122.721128,45.453744],[-122.718675,45.453616],[-122.717615,45.45369],[-122.716437,45.454056],[-122.715457,45.454509],[-122.707872,45.458688],[-122.707864,45.457575],[-122.709542,45.45723],[-122.710132,45.457066],[-122.710194,45.456684],[-122.710276,45.456561],[-122.710414,45.456466],[-122.711235,45.456092],[-122.711362,45.456021],[-122.711498,45.455889],[-122.711641,45.455642],[-122.71192,45.454989],[-122.71268,45.454136],[-122.712813,45.453913],[-122.712932,45.453605],[-122.712975,45.453307],[-122.712977,45.446478],[-122.713031,45.444686],[-122.712977,45.443795],[-122.712975,45.441036],[-122.713012,45.440273],[-122.71314,45.440233],[-122.715026,45.44025],[-122.715244,45.440291],[-122.72726,45.440386],[-122.727262,45.438663],[-122.72719,45.438177],[-122.726967,45.437709],[-122.726841,45.437521],[-122.726592,45.437236],[-122.726123,45.436856],[-122.725504,45.436502],[-122.724933,45.436292],[-122.724693,45.436236],[-122.724322,45.436175],[-122.720887,45.435815],[-122.720623,45.435721],[-122.72029,45.435491],[-122.720128,45.435212],[-122.71981,45.434502],[-122.719489,45.433113],[-122.719692,45.432461],[-122.719681,45.432149],[-122.719587,45.431937],[-122.719462,45.431787],[-122.71835,45.430978],[-122.718659,45.430835],[-122.718799,45.430809],[-122.719048,45.430827],[-122.719717,45.431051],[-122.720136,45.431264],[-122.720604,45.431628],[-122.720954,45.432002],[-122.7222,45.43351],[-122.722555,45.433747],[-122.72272,45.43382],[-122.723081,45.433912],[-122.724603,45.434081],[-122.72545,45.434438],[-122.725854,45.434522],[-122.726266,45.434521],[-122.72661,45.434461],[-122.730046,45.433342],[-122.730518,45.433219],[-122.733636,45.433189],[-122.736107,45.433232],[-122.743961,45.433284],[-122.743818,45.452661],[-122.743795,45.465566]]]]}},{"type":"Feature","properties":{"name":"Marysville Elementary","school_label":"Marysville K-5 Neighborhood","cluster":"Franklin","clusters":[{"name":"Franklin","share":1.0}],"level":"K-5","area_sqmi":0.76},"geometry":{"type":"MultiPolygon","coordinates":[[[[-122.57868,45.497429],[-122.578769,45.491429],[-122.578621,45.491531],[-122.576799,45.491526],[-122.57677,45.490977],[-122.576778,45.490253],[-122.574946,45.490264],[-122.574033,45.490181],[-122.574071,45.488443],[-122.574048,45.48839],[-122.574122,45.485767],[-122.574133,45.482268],[-122.574881,45.482262],[-122.574846,45.482194],[-122.574859,45.481615],[-122.577538,45.482298],[-122.578976,45.482821],[-122.579025,45.479489],[-122.581512,45.479627],[-122.588026,45.479615],[-122.589312,45.479531],[-122.589182,45.486514],[-122.589089,45.49746],[-122.57868,45.497429]]]]}},{"type":"Feature","properties":{"name":"Peninsula Elementary","school_label":"Peninsula K-5 Neighborhood","cluster":"Roosevelt","clusters":[{"name":"Roosevelt","share":1.0}],"level":"K-5","area_sqmi":1.25},"geometry":{"type":"MultiPolygon","coordinates":[[[[-122.702123,45.594546],[-122.699973,45.593969],[-122.69627,45.592783],[-122.690681,45.590786],[-122.689678,45.590378],[-122.688153,45.589943],[-122.685332,45.589417],[-122.684296,45.588972],[-122.683239,45.588565],[-122.682363,45.588376],[-122.680905,45.588305],[-122.679018,45.584118],[-122.678714,45.583202],[-122.678597,45.582671],[-122.678484,45.581644],[-122.678468,45.579975],[-122.678533,45.57723],[-122.681994,45.577149],[-122.685044,45.577137],[-122.702569,45.577145],[-122.702619,45.577045],[-122.702622,45.573211],[-122.70363,45.573771],[-122.704093,45.57396],[-122.705674,45.574441],[-122.707767,45.574972],[-122.707726,45.584042],[-122.70222,45.584026],[-122.702123,45.594546]]]]}},{"type":"Feature","properties":{"name":"Rieke Elementary","school_label":"Rieke K-5 Neighborhood","cluster":"Wells-Barnett","clusters":[{"name":"Wells-Barnett","share":1.0}],"level":"K-5","area_sqmi":2.01},"geometry":{"type":"MultiPolygon","coordinates":[[[[-122.713232,45.502195],[-122.711963,45.501595],[-122.711289,45.501555],[-122.71109,45.501436],[-122.710976,45.501294],[-122.710883,45.501113],[-122.710976,45.500981],[-122.710965,45.500075],[-122.711027,45.4997],[-122.711006,45.499411],[-122.710658,45.498488],[-122.710243,45.497817],[-122.709992,45.497471],[-122.709092,45.496871],[-122.708644,45.496469],[-122.708169,45.496234],[-122.707416,45.496096],[-122.706904,45.496045],[-122.706264,45.496034],[-122.706055,45.495947],[-122.705977,45.49588],[-122.705962,45.495773],[-122.705992,45.495712],[-122.706097,45.495595],[-122.706245,45.495509],[-122.706744,45.494912],[-122.706764,45.494858],[-122.706704,45.494715],[-122.706561,45.494641],[-122.706006,45.494576],[-122.705616,45.494583],[-122.704895,45.49475],[-122.704592,45.494748],[-122.704401,45.494576],[-122.70433,45.494402],[-122.704406,45.494126],[-122.704403,45.494027],[-122.704344,45.493899],[-122.70419,45.493826],[-122.703734,45.493812],[-122.70358,45.493761],[-122.703524,45.493709],[-122.703477,45.493603],[-122.703578,45.493098],[-122.703573,45.492961],[-122.703155,45.492497],[-122.702988,45.49237],[-122.702581,45.492226],[-122.702266,45.492194],[-122.702071,45.492205],[-122.701213,45.492465],[-122.700823,45.492465],[-122.700745,45.492413],[-122.700678,45.492346],[-122.700595,45.492172],[-122.700611,45.491989],[-122.700748,45.49159],[-122.70073,45.4914],[-122.700584,45.491258],[-122.69996,45.491072],[-122.699722,45.49081],[-122.699584,45.490591],[-122.699551,45.490264],[-122.699514,45.490143],[-122.699434,45.490038],[-122.699334,45.489948],[-122.699158,45.489875],[-122.698917,45.489827],[-122.698577,45.489711],[-122.698466,45.489645],[-122.698397,45.489539],[-122.698347,45.489357],[-122.695062,45.489344],[-122.695056,45.489481],[-122.694808,45.489524],[-122.694398,45.489563],[-122.693487,45.489565],[-122.691632,45.489509],[-122.691266,45.48928],[-122.691043,45.489429],[-122.690543,45.489385],[-122.69016,45.49049],[-122.68657,45.490444],[-122.686363,45.490417],[-122.686189,45.490101],[-122.686016,45.489517],[-122.685622,45.488801],[-122.685559,45.488543],[-122.685525,45.4882],[-122.685539,45.487994],[-122.685803,45.487181],[-122.685798,45.487059],[-122.685703,45.486833],[-122.685468,45.486616],[-122.683885,45.486014],[-122.683683,45.485819],[-122.683564,45.485524],[-122.683609,45.485257],[-122.683691,45.485126],[-122.683858,45.48494],[-122.684069,45.484775],[-122.68461,45.484445],[-122.684742,45.484214],[-122.684747,45.484038],[-122.683281,45.483967],[-122.680949,45.48392],[-122.680808,45.483626],[-122.680707,45.483224],[-122.679385,45.474423],[-122.677023,45.474438],[-122.677038,45.473035],[-122.675997,45.473032],[-122.675994,45.472933],[-122.675934,45.472781],[-122.675429,45.472303],[-122.675361,45.472205],[-122.675302,45.472069],[-122.675269,45.471765],[-122.675304,45.471528],[-122.674925,45.471215],[-122.674877,45.471094],[-122.674871,45.470927],[-122.674812,45.470798],[-122.67471,45.470678],[-122.674566,45.470574],[-122.674327,45.470266],[-122.674261,45.470237],[-122.674046,45.470272],[-122.673817,45.470253],[-122.673338,45.470171],[-122.673228,45.47012],[-122.673105,45.470015],[-122.672968,45.46953],[-122.672922,45.469462],[-122.672811,45.469373],[-122.672625,45.469338],[-122.672978,45.467967],[-122.674442,45.468305],[-122.675394,45.46828],[-122.675406,45.468005],[-122.678138,45.468014],[-122.678136,45.468289],[-122.678679,45.468301],[-122.678671,45.468385],[-122.680069,45.468389],[-122.680077,45.468305],[-122.680575,45.468303],[-122.680596,45.467983],[-122.680825,45.468009],[-122.680785,45.468116],[-122.680874,45.468465],[-122.681151,45.46865],[-122.681505,45.468552],[-122.681559,45.468833],[-122.681776,45.468852],[-122.681859,45.468446],[-122.682931,45.468129],[-122.68328,45.468473],[-122.683004,45.46863],[-122.683317,45.468899],[-122.683439,45.46898],[-122.683704,45.468808],[-122.684303,45.4692],[-122.684711,45.469406],[-122.684492,45.469631],[-122.684525,45.470263],[-122.685287,45.470363],[-122.685961,45.470411],[-122.685617,45.471088],[-122.686571,45.471108],[-122.687036,45.471091],[-122.687695,45.47101],[-122.688468,45.470828],[-122.689314,45.47053],[-122.697501,45.465861],[-122.697681,45.46604],[-122.698022,45.466171],[-122.699616,45.466209],[-122.69989,45.466303],[-122.700039,45.466506],[-122.700078,45.466711],[-122.70006,45.468296],[-122.70265,45.468292],[-122.702615,45.469734],[-122.702645,45.475968],[-122.702489,45.476153],[-122.702319,45.476256],[-122.701676,45.476764],[-122.701014,45.477325],[-122.70078,45.477444],[-122.700468,45.477526],[-122.69965,45.477664],[-122.698366,45.477848],[-122.698633,45.478041],[-122.699496,45.47852],[-122.700278,45.478863],[-122.701101,45.479442],[-122.701455,45.479649],[-122.701841,45.479824],[-122.702247,45.479969],[-122.704342,45.480355],[-122.705065,45.480555],[-122.70569,45.480764],[-122.706769,45.481208],[-122.707812,45.481584],[-122.707764,45.482652],[-122.707789,45.482736],[-122.708213,45.483375],[-122.708342,45.48364],[-122.708338,45.48383],[-122.70829,45.484006],[-122.708013,45.484454],[-122.70795,45.484806],[-122.707948,45.485049],[-122.707982,45.485095],[-122.708114,45.485145],[-122.710207,45.485166],[-122.710382,45.485193],[-122.710412,45.48722],[-122.71038,45.488745],[-122.710381,45.491443],[-122.710431,45.491648],[-122.710784,45.492091],[-122.71082,45.492204],[-122.710818,45.492433],[-122.710667,45.492756],[-122.710717,45.492961],[-122.710918,45.493102],[-122.711346,45.493238],[-122.711645,45.493438],[-122.711794,45.493634],[-122.711995,45.49411],[-122.71218,45.495021],[-122.712168,45.495295],[-122.71213,45.495433],[-122.712048,45.495565],[-122.711662,45.495976],[-122.711625,45.496152],[-122.711649,45.49622],[-122.712241,45.497017],[-122.712953,45.497803],[-122.713058,45.498007],[-122.713062,45.498106],[-122.713022,45.498213],[-122.712298,45.499767],[-122.712261,45.499958],[-122.71229,45.500445],[-122.712349,45.500574],[-122.712654,45.500918],[-122.712949,45.501576],[-122.713005,45.501628],[-122.713455,45.501779],[-122.713622,45.501883],[-122.713232,45.502195]]]]}},{"type":"Feature","properties":{"name":"Rigler Elementary","school_label":"Rigler K-5 Spanish Immersion","cluster":"McDaniel","clusters":[{"name":"McDaniel","share":1.0}],"level":"K-5","area_sqmi":3.56},"geometry":{"type":"MultiPolygon","coordinates":[[[[-122.598043,45.578082],[-122.596218,45.578695],[-122.595708,45.577126],[-122.588435,45.577167],[-122.57508,45.577143],[-122.575095,45.573424],[-122.573673,45.573426],[-122.565385,45.573302],[-122.565396,45.56975],[-122.566721,45.569764],[-122.567071,45.568561],[-122.567286,45.568512],[-122.567851,45.568532],[-122.56793,45.567006],[-122.567971,45.562738],[-122.578281,45.562689],[-122.588831,45.56268],[-122.589865,45.562768],[-122.590695,45.56292],[-122.590982,45.562748],[-122.591318,45.562719],[-122.600633,45.562769],[-122.600647,45.561291],[-122.600755,45.560961],[-122.600768,45.560702],[-122.600655,45.560262],[-122.600695,45.556687],[-122.600776,45.555557],[-122.60073,45.555474],[-122.60201,45.553896],[-122.603784,45.551813],[-122.604313,45.551118],[-122.604388,45.548258],[-122.609468,45.548287],[-122.609515,45.548378],[-122.609456,45.548562],[-122.608601,45.549248],[-122.608517,45.549341],[-122.608325,45.549756],[-122.608442,45.550013],[-122.60845,45.550219],[-122.608928,45.550576],[-122.609116,45.550664],[-122.609488,45.550748],[-122.609483,45.551541],[-122.609513,45.551792],[-122.612074,45.551798],[-122.612088,45.551882],[-122.61478,45.551901],[-122.61473,45.555468],[-122.614692,45.555629],[-122.614639,45.559098],[-122.614699,45.55928],[-122.614685,45.560438],[-122.614044,45.560435],[-122.613996,45.562791],[-122.619999,45.562825],[-122.627433,45.562763],[-122.627429,45.563907],[-122.624281,45.563912],[-122.62428,45.564506],[-122.624362,45.564672],[-122.624345,45.565122],[-122.624457,45.565204],[-122.624455,45.566416],[-122.624195,45.566421],[-122.624192,45.568196],[-122.624314,45.568278],[-122.624321,45.570046],[-122.624582,45.570056],[-122.624584,45.57136],[-122.624139,45.571665],[-122.62418,45.575041],[-122.623275,45.575248],[-122.622056,45.575461],[-122.622023,45.577641],[-122.620213,45.578665],[-122.620212,45.584587],[-122.620091,45.589238],[-122.61936,45.589153],[-122.618788,45.588614],[-122.618281,45.588388],[-122.617364,45.58826],[-122.616616,45.588289],[-122.615141,45.588659],[-122.615043,45.588661],[-122.615064,45.579858],[-122.613989,45.579862],[-122.612717,45.580755],[-122.611448,45.579863],[-122.604771,45.579864],[-122.602315,45.57885],[-122.599421,45.578057],[-122.598043,45.578082]]],[[[-122.597424,45.579968],[-122.595697,45.579962],[-122.596218,45.578695],[-122.597424,45.579968]]]]}},{"type":"Feature","properties":{"name":"Rosa Parks Elementary","school_label":"Rosa Parks K-5 Neighborhood","cluster":"Roosevelt","clusters":[{"name":"Roosevelt","share":1.0}],"level":"K-5","area_sqmi":0.56},"geometry":{"type":"MultiPolygon","coordinates":[[[[-122.712051,45.596382],[-122.710007,45.596002],[-122.70804,45.595385],[-122.706995,45.595024],[-122.705855,45.594741],[-122.704778,45.594685],[-122.703553,45.594739],[-122.70243,45.594631],[-122.702123,45.594546],[-122.70222,45.584026],[-122.713265,45.584058],[-122.714351,45.584067],[-122.715472,45.584122],[-122.718229,45.584091],[-122.71819,45.586615],[-122.718234,45.588695],[-122.717723,45.588697],[-122.717676,45.59276],[-122.717426,45.592765],[-122.717306,45.592737],[-122.716984,45.592552],[-122.716864,45.592524],[-122.716453,45.592585],[-122.716609,45.592994],[-122.716626,45.593169],[-122.716623,45.593367],[-122.716464,45.593789],[-122.71643,45.594034],[-122.715316,45.593857],[-122.714936,45.59388],[-122.714319,45.593938],[-122.713877,45.594015],[-122.713426,45.594161],[-122.712988,45.594352],[-122.712376,45.594851],[-122.712159,45.595458],[-122.712061,45.596062],[-122.712051,45.596382]]]]}},{"type":"Feature","properties":{"name":"Rose City Park Elementary","school_label":"Rose City Park K-5 Vietnamese Immersion","cluster":"McDaniel","clusters":[{"name":"McDaniel","share":1.0}],"level":"K-5","area_sqmi":0.99},"geometry":{"type":"MultiPolygon","coordinates":[[[[-122.588722,45.548362],[-122.588907,45.542018],[-122.590122,45.542018],[-122.591918,45.541848],[-122.590395,45.541747],[-122.590209,45.541704],[-122.589921,45.541527],[-122.589804,45.541285],[-122.589421,45.540232],[-122.589431,45.539889],[-122.589575,45.539353],[-122.589599,45.539094],[-122.589295,45.538451],[-122.589204,45.538019],[-122.589171,45.537349],[-122.589214,45.536395],[-122.589337,45.535859],[-122.588583,45.536026],[-122.587536,45.536174],[-122.587037,45.536199],[-122.587054,45.535718],[-122.587962,45.535633],[-122.588878,45.535464],[-122.589856,45.535164],[-122.590423,45.53494],[-122.591779,45.534291],[-122.603066,45.528414],[-122.603707,45.52812],[-122.60421,45.527928],[-122.604704,45.527782],[-122.60504,45.528401],[-122.605034,45.530131],[-122.604989,45.530406],[-122.604955,45.531931],[-122.604888,45.532199],[-122.604865,45.533731],[-122.61487,45.533783],[-122.614836,45.541603],[-122.613816,45.541599],[-122.613568,45.541642],[-122.613355,45.541737],[-122.612921,45.541753],[-122.612409,45.541694],[-122.61183,45.541567],[-122.611537,45.541573],[-122.611129,45.54171],[-122.610822,45.541929],[-122.610805,45.541739],[-122.61071,45.541512],[-122.61051,45.541371],[-122.610281,45.541329],[-122.607513,45.541311],[-122.607514,45.541029],[-122.604421,45.54226],[-122.604459,45.542419],[-122.604439,45.543723],[-122.600694,45.543708],[-122.588722,45.548362]]]]}},{"type":"Feature","properties":{"name":"Sabin Elementary","school_label":"Sabin K-5 Neighborhood","cluster":"Jefferson","clusters":[{"name":"Jefferson","share":1.0}],"level":"K-5","area_sqmi":0.77},"geometry":{"type":"MultiPolygon","coordinates":[[[[-122.651548,45.557733],[-122.642734,45.5577],[-122.642752,45.555444],[-122.633667,45.555415],[-122.633694,45.553067],[-122.638784,45.553087],[-122.63878,45.552957],[-122.640072,45.551112],[-122.640231,45.551002],[-122.640258,45.550841],[-122.640499,45.550593],[-122.640906,45.550776],[-122.64097,45.548244],[-122.64096,45.545173],[-122.655372,45.545216],[-122.655356,45.546009],[-122.654347,45.546012],[-122.654318,45.548269],[-122.66146,45.548295],[-122.66139,45.555521],[-122.651588,45.555484],[-122.651548,45.557733]]]]}},{"type":"Feature","properties":{"name":"Scott Elementary","school_label":"Scott K-5 Spanish Immersion","cluster":"McDaniel","clusters":[{"name":"McDaniel","share":1.0}],"level":"K-5","area_sqmi":1.21},"geometry":{"type":"MultiPolygon","coordinates":[[[[-122.600633,45.562769],[-122.591188,45.562721],[-122.590982,45.562748],[-122.590695,45.56292],[-122.589865,45.562768],[-122.588831,45.56268],[-122.578281,45.562689],[-122.578486,45.55245],[-122.584631,45.549953],[-122.600694,45.543708],[-122.604439,45.543723],[-122.604397,45.548182],[-122.604313,45.551118],[-122.603784,45.551813],[-122.60201,45.553896],[-122.60073,45.555474],[-122.600776,45.555557],[-122.600695,45.556687],[-122.600655,45.560262],[-122.600768,45.560702],[-122.600755,45.560961],[-122.600647,45.561291],[-122.600633,45.562769]]]]}},{"type":"Feature","properties":{"name":"Sitton Elementary","school_label":"Sitton K-5 Spanish Immersion","cluster":"Roosevelt","clusters":[{"name":"Roosevelt","share":1.0}],"level":"K-5","area_sqmi":1.94},"geometry":{"type":"MultiPolygon","coordinates":[[[[-122.753507,45.610369],[-122.752183,45.609816],[-122.751699,45.609665],[-122.751185,45.609561],[-122.74969,45.609385],[-122.749164,45.609273],[-122.748768,45.609144],[-122.748381,45.608961],[-122.747232,45.608137],[-122.74605,45.607604],[-122.744473,45.607574],[-122.743496,45.607296],[-122.740968,45.607093],[-122.740443,45.606997],[-122.740201,45.60691],[-122.739737,45.606698],[-122.739302,45.606402],[-122.738977,45.606119],[-122.737974,45.605132],[-122.736902,45.604353],[-122.736906,45.597371],[-122.73664,45.597209],[-122.738094,45.594223],[-122.748251,45.596632],[-122.748906,45.59671],[-122.749534,45.59666],[-122.749781,45.596602],[-122.750327,45.596385],[-122.756953,45.593168],[-122.757262,45.59301],[-122.757324,45.592917],[-122.763097,45.590166],[-122.76352,45.589868],[-122.765249,45.589042],[-122.767614,45.587806],[-122.772463,45.592016],[-122.777662,45.598026],[-122.779999,45.601234],[-122.78255,45.604659],[-122.783049,45.60551],[-122.780873,45.605721],[-122.779262,45.605921],[-122.779068,45.60597],[-122.778482,45.605982],[-122.776388,45.606343],[-122.775066,45.606423],[-122.767701,45.606439],[-122.767091,45.606687],[-122.766339,45.606908],[-122.766304,45.606848],[-122.765754,45.606958],[-122.765038,45.606995],[-122.763972,45.606947],[-122.763054,45.60679],[-122.762395,45.606605],[-122.760059,45.605728],[-122.759086,45.605557],[-122.758301,45.605473],[-122.757263,45.605601],[-122.7549,45.606051],[-122.754686,45.606124],[-122.755702,45.606584],[-122.755503,45.606778],[-122.755396,45.606819],[-122.754831,45.606822],[-122.754721,45.606794],[-122.755891,45.608752],[-122.753507,45.610369]]]]}},{"type":"Feature","properties":{"name":"Skyline K-8","school_label":"Skyline K-8 Neighborhood","cluster":"Lincoln","clusters":[{"name":"Lincoln","share":1.0}],"level":"K-8","area_sqmi":39.49},"geometry":{"type":"MultiPolygon","coordinates":[[[[-122.792532,45.619871],[-122.790871,45.619332],[-122.790113,45.616825],[-122.788449,45.613901],[-122.785602,45.609262],[-122.782839,45.604554],[-122.777952,45.597921],[-122.772718,45.591874],[-122.768362,45.588073],[-122.764162,45.584635],[-122.760135,45.582352],[-122.750098,45.578746],[-122.749369,45.578425],[-122.745904,45.576602],[-122.738762,45.571963],[-122.735959,45.56983],[-122.730467,45.565121],[-122.729864,45.564683],[-122.724064,45.56103],[-122.723688,45.560542],[-122.723659,45.554087],[-122.725342,45.552027],[-122.726476,45.552478],[-122.726704,45.552489],[-122.726865,45.552417],[-122.728525,45.55035],[-122.728508,45.550175],[-122.728339,45.55001],[-122.729281,45.549337],[-122.729479,45.549112],[-122.730115,45.548703],[-122.730501,45.548276],[-122.731165,45.547745],[-122.731663,45.547408],[-122.73246,45.54695],[-122.733073,45.546519],[-122.733621,45.546059],[-122.733848,45.545749],[-122.734682,45.545101],[-122.734904,45.544959],[-122.735251,45.544647],[-122.735866,45.544262],[-122.736706,45.544093],[-122.737501,45.543879],[-122.737639,45.543793],[-122.738125,45.54373],[-122.738297,45.543666],[-122.739011,45.543332],[-122.739373,45.543119],[-122.739704,45.54299],[-122.740406,45.542611],[-122.740494,45.542327],[-122.741919,45.543313],[-122.743436,45.544129],[-122.744255,45.544281],[-122.744513,45.544215],[-122.744651,45.544144],[-122.744926,45.543925],[-122.745495,45.543769],[-122.746097,45.544207],[-122.746934,45.544533],[-122.746903,45.548116],[-122.74693,45.548238],[-122.747053,45.548342],[-122.747239,45.548376],[-122.747542,45.548378],[-122.763144,45.548254],[-122.763366,45.5487],[-122.763273,45.554944],[-122.763298,45.555034],[-122.763366,45.555109],[-122.774032,45.562848],[-122.774125,45.569393],[-122.774255,45.569977],[-122.774387,45.570028],[-122.779615,45.570176],[-122.779809,45.570141],[-122.779935,45.57004],[-122.779965,45.569948],[-122.779861,45.563144],[-122.779818,45.557665],[-122.780305,45.557624],[-122.780834,45.557835],[-122.781085,45.557853],[-122.782367,45.557035],[-122.783059,45.55667],[-122.784801,45.555942],[-122.804456,45.555915],[-122.80505,45.556109],[-122.805033,45.562809],[-122.805598,45.563117],[-122.81774,45.563269],[-122.820344,45.563216],[-122.821895,45.563233],[-122.8219,45.56357],[-122.824246,45.563603],[-122.825003,45.564555],[-122.824976,45.565151],[-122.824989,45.566044],[-122.825232,45.57752],[-122.825236,45.577631],[-122.825433,45.577888],[-122.827478,45.578069],[-122.838058,45.578017],[-122.841446,45.578039],[-122.845841,45.578115],[-122.845821,45.580051],[-122.845702,45.584501],[-122.845769,45.591942],[-122.845772,45.592017],[-122.84583,45.592127],[-122.845997,45.59231],[-122.846106,45.592382],[-122.846401,45.592469],[-122.86646,45.592477],[-122.866425,45.605838],[-122.867475,45.606821],[-122.87753,45.606739],[-122.886485,45.606922],[-122.886807,45.60818],[-122.886814,45.617093],[-122.886783,45.620518],[-122.886846,45.620721],[-122.887013,45.620904],[-122.887283,45.621028],[-122.887577,45.621078],[-122.907761,45.621281],[-122.908071,45.628066],[-122.908051,45.634002],[-122.908145,45.63547],[-122.908174,45.635526],[-122.908392,45.63567],[-122.908687,45.635757],[-122.91012,45.6358],[-122.918574,45.635936],[-122.927018,45.635847],[-122.927931,45.636684],[-122.92807,45.65006],[-122.928057,45.658973],[-122.928152,45.670824],[-122.919641,45.670728],[-122.918298,45.671482],[-122.918496,45.672911],[-122.918061,45.674409],[-122.917737,45.678305],[-122.917773,45.678527],[-122.917942,45.678728],[-122.91805,45.678782],[-122.920123,45.678905],[-122.926486,45.678954],[-122.928016,45.679368],[-122.928164,45.692353],[-122.919148,45.692304],[-122.908561,45.692103],[-122.891642,45.69196],[-122.88952,45.691949],[-122.887487,45.692123],[-122.887335,45.692275],[-122.887292,45.692499],[-122.887346,45.699531],[-122.887415,45.703977],[-122.887403,45.705466],[-122.886515,45.70634],[-122.882299,45.706355],[-122.878052,45.706259],[-122.873122,45.706288],[-122.872361,45.702359],[-122.872243,45.700334],[-122.871738,45.697944],[-122.871654,45.697257],[-122.871761,45.694948],[-122.872003,45.694422],[-122.872174,45.693525],[-122.87203,45.692095],[-122.871813,45.691969],[-122.871652,45.691936],[-122.869981,45.691915],[-122.868625,45.691236],[-122.86827,45.690425],[-122.86721,45.686893],[-122.866818,45.68465],[-122.866845,45.681728],[-122.867595,45.679554],[-122.867998,45.678485],[-122.868462,45.676428],[-122.868241,45.675652],[-122.868155,45.675505],[-122.866604,45.673435],[-122.862962,45.671408],[-122.860749,45.669929],[-122.859503,45.668727],[-122.858384,45.666815],[-122.857766,45.666028],[-122.856828,45.664615],[-122.855482,45.663564],[-122.853349,45.662064],[-122.850919,45.660459],[-122.849557,45.659631],[-122.847963,45.658343],[-122.845259,45.655943],[-122.843993,45.654872],[-122.842567,45.653785],[-122.840992,45.652925],[-122.835081,45.651056],[-122.829558,45.648956],[-122.827725,45.647654],[-122.826729,45.646689],[-122.825582,45.645317],[-122.824837,45.644049],[-122.824011,45.64213],[-122.822908,45.638738],[-122.822935,45.640778],[-122.82134,45.635816],[-122.820543,45.633446],[-122.820282,45.632872],[-122.818901,45.630599],[-122.81771,45.629014],[-122.816898,45.627941],[-122.816454,45.627416],[-122.815314,45.626296],[-122.809764,45.622673],[-122.804625,45.620147],[-122.802366,45.619598],[-122.801534,45.619424],[-122.798951,45.619232],[-122.79808,45.619196],[-122.796358,45.619337],[-122.794649,45.619531],[-122.793795,45.619647],[-122.792532,45.619871]]]]}},{"type":"Feature","properties":{"name":"Stephenson Elementary","school_label":"Stephenson K-5 Neighborhood","cluster":"Wells-Barnett","clusters":[{"name":"Wells-Barnett","share":1.0}],"level":"K-5","area_sqmi":3.15},"geometry":{"type":"MultiPolygon","coordinates":[[[[-122.716141,45.433079],[-122.719489,45.433113],[-122.71981,45.434502],[-122.720128,45.435212],[-122.72029,45.435491],[-122.720623,45.435721],[-122.720887,45.435815],[-122.721061,45.435842],[-122.724322,45.436175],[-122.724693,45.436236],[-122.724933,45.436292],[-122.725504,45.436502],[-122.726024,45.43679],[-122.726324,45.437005],[-122.726671,45.437318],[-122.726967,45.437709],[-122.72719,45.438177],[-122.727262,45.438663],[-122.72726,45.440386],[-122.715244,45.440291],[-122.715026,45.44025],[-122.71314,45.440233],[-122.713012,45.440273],[-122.712975,45.441036],[-122.712977,45.443795],[-122.713031,45.444686],[-122.712977,45.446478],[-122.71297,45.453452],[-122.712883,45.453759],[-122.712732,45.454059],[-122.712525,45.45433],[-122.712034,45.454835],[-122.71192,45.454989],[-122.711641,45.455642],[-122.711498,45.455889],[-122.711362,45.456021],[-122.711235,45.456092],[-122.710414,45.456466],[-122.710276,45.456561],[-122.710194,45.456684],[-122.710132,45.457066],[-122.709542,45.45723],[-122.705228,45.458075],[-122.704742,45.458115],[-122.703582,45.458115],[-122.702627,45.458065],[-122.702633,45.455831],[-122.702595,45.455672],[-122.702405,45.455523],[-122.702251,45.45545],[-122.700691,45.455145],[-122.700403,45.454975],[-122.700257,45.454825],[-122.69991,45.454832],[-122.698246,45.45526],[-122.696653,45.454932],[-122.695968,45.454869],[-122.693733,45.454775],[-122.692548,45.454371],[-122.691496,45.453743],[-122.691456,45.453828],[-122.691189,45.453932],[-122.691048,45.453927],[-122.690206,45.453714],[-122.689952,45.45359],[-122.689722,45.453198],[-122.689521,45.453049],[-122.689458,45.453096],[-122.684202,45.453059],[-122.683965,45.453094],[-122.683698,45.453199],[-122.682608,45.453928],[-122.682201,45.453745],[-122.681424,45.453234],[-122.681115,45.453072],[-122.680884,45.452978],[-122.680611,45.452914],[-122.680361,45.452889],[-122.679874,45.452898],[-122.67856,45.453129],[-122.677934,45.453202],[-122.677424,45.453158],[-122.676844,45.453009],[-122.674978,45.452922],[-122.67294,45.451361],[-122.672759,45.451151],[-122.6727,45.451022],[-122.672852,45.447056],[-122.672895,45.44675],[-122.67359,45.432805],[-122.702231,45.432981],[-122.702376,45.432788],[-122.702603,45.432174],[-122.703975,45.432369],[-122.704206,45.432471],[-122.70443,45.432688],[-122.704718,45.432857],[-122.705858,45.433247],[-122.707216,45.433648],[-122.707628,45.43367],[-122.707929,45.433611],[-122.708164,45.433515],[-122.708493,45.433326],[-122.708947,45.433599],[-122.709331,45.433752],[-122.709594,45.43383],[-122.71027,45.433955],[-122.710964,45.433964],[-122.711514,45.433915],[-122.712307,45.433679],[-122.712619,45.43362],[-122.71289,45.433622],[-122.71338,45.433696],[-122.713765,45.433857],[-122.714342,45.434234],[-122.715264,45.43459],[-122.715663,45.434826],[-122.716419,45.434163],[-122.716622,45.433809],[-122.716597,45.433718],[-122.716234,45.433252],[-122.716141,45.433079]]]]}},{"type":"Feature","properties":{"name":"Sunnyside Environmental K-8","school_label":"Sunnyside Environmental K-8 Neighborhood","cluster":"Franklin","clusters":[{"name":"Franklin","share":1.0}],"level":"K-8","area_sqmi":0.65},"geometry":{"type":"MultiPolygon","coordinates":[[[[-122.631934,45.524108],[-122.631946,45.522584],[-122.63186,45.521983],[-122.631673,45.521911],[-122.629796,45.5219],[-122.628434,45.522024],[-122.628084,45.521947],[-122.627758,45.521922],[-122.626719,45.521987],[-122.625867,45.522125],[-122.624197,45.522469],[-122.623279,45.522569],[-122.623293,45.519551],[-122.623262,45.517722],[-122.623209,45.516496],[-122.623174,45.516421],[-122.623085,45.516354],[-122.62291,45.516311],[-122.622684,45.516361],[-122.619679,45.516356],[-122.619684,45.515258],[-122.620226,45.515241],[-122.620333,45.515193],[-122.620416,45.515085],[-122.62044,45.512646],[-122.620807,45.512288],[-122.642574,45.512318],[-122.643167,45.512513],[-122.643156,45.51284],[-122.643084,45.512948],[-122.643079,45.513116],[-122.642601,45.513384],[-122.642406,45.513388],[-122.642234,45.513452],[-122.642152,45.513568],[-122.642125,45.516221],[-122.642003,45.516757],[-122.639389,45.516744],[-122.638747,45.517008],[-122.638724,45.518837],[-122.638757,45.519447],[-122.638857,45.519521],[-122.638977,45.519557],[-122.641104,45.519563],[-122.641043,45.522155],[-122.640876,45.522654],[-122.634791,45.52266],[-122.634093,45.522879],[-122.634093,45.524114],[-122.631934,45.524108]]]]}},{"type":"Feature","properties":{"name":"Sunrise Elementary","school_label":"Sunrise K-5 Neighborhood","cluster":"McDaniel","clusters":[{"name":"McDaniel","share":1.0}],"level":"K-5","area_sqmi":1.49},"geometry":{"type":"MultiPolygon","coordinates":[[[[-122.575847,45.551111],[-122.578506,45.551116],[-122.578533,45.549987],[-122.569406,45.549962],[-122.569372,45.552813],[-122.569144,45.552817],[-122.568062,45.5526],[-122.568068,45.55212],[-122.56579,45.551178],[-122.565314,45.55092],[-122.563563,45.549526],[-122.56303,45.549162],[-122.562929,45.54905],[-122.562833,45.548777],[-122.56289,45.548555],[-122.563079,45.548346],[-122.563196,45.548275],[-122.563485,45.548178],[-122.563832,45.548172],[-122.564323,45.548232],[-122.564528,45.548205],[-122.564732,45.548133],[-122.567239,45.548141],[-122.567447,45.547871],[-122.567517,45.547709],[-122.567632,45.547258],[-122.568148,45.546471],[-122.568218,45.546287],[-122.568324,45.546209],[-122.568375,45.546109],[-122.568383,45.546025],[-122.568254,45.54541],[-122.5683,45.544845],[-122.568147,45.544512],[-122.562949,45.544499],[-122.562997,45.542387],[-122.559514,45.542366],[-122.559579,45.54206],[-122.559653,45.541343],[-122.559945,45.538098],[-122.560185,45.537164],[-122.560356,45.536757],[-122.560767,45.536072],[-122.561109,45.5356],[-122.561894,45.534763],[-122.562338,45.534412],[-122.563784,45.533525],[-122.568415,45.53348],[-122.568448,45.531566],[-122.570301,45.531502],[-122.571581,45.53151],[-122.572659,45.53162],[-122.57351,45.531764],[-122.574145,45.531928],[-122.578885,45.533496],[-122.581685,45.534497],[-122.582621,45.534899],[-122.584223,45.535427],[-122.585337,45.535643],[-122.586033,45.535699],[-122.587054,45.535718],[-122.587037,45.536199],[-122.587536,45.536174],[-122.588583,45.536026],[-122.589337,45.535859],[-122.589214,45.536395],[-122.589171,45.537349],[-122.589204,45.538019],[-122.589295,45.538451],[-122.589599,45.539094],[-122.589575,45.539353],[-122.589431,45.539889],[-122.589421,45.540232],[-122.589804,45.541285],[-122.589921,45.541527],[-122.590209,45.541704],[-122.590395,45.541747],[-122.591918,45.541848],[-122.590122,45.542018],[-122.588907,45.542018],[-122.588722,45.548362],[-122.584631,45.549953],[-122.578486,45.55245],[-122.578486,45.552762],[-122.575809,45.552849],[-122.575847,45.551111]],[[-122.564668,45.542388],[-122.564704,45.540878],[-122.563001,45.540878],[-122.562997,45.542387],[-122.564668,45.542388]]]]}},{"type":"Feature","properties":{"name":"Vernon K-8","school_label":"Vernon K-8 Neighborhood","cluster":"Jefferson","clusters":[{"name":"Jefferson","share":1.0}],"level":"K-8","area_sqmi":1.13},"geometry":{"type":"MultiPolygon","coordinates":[[[[-122.641489,45.568004],[-122.641489,45.566473],[-122.641073,45.566054],[-122.638468,45.566064],[-122.638278,45.56558],[-122.638286,45.562714],[-122.638261,45.562631],[-122.638182,45.562548],[-122.637323,45.562488],[-122.629486,45.562512],[-122.620784,45.562589],[-122.614324,45.562564],[-122.614356,45.560978],[-122.61495,45.560571],[-122.615011,45.56044],[-122.615025,45.559281],[-122.614963,45.559069],[-122.615008,45.555654],[-122.615057,45.555508],[-122.615081,45.553999],[-122.620128,45.554005],[-122.621135,45.553948],[-122.625356,45.553915],[-122.630186,45.553925],[-122.630184,45.555449],[-122.630219,45.55551],[-122.631027,45.555632],[-122.642348,45.555672],[-122.642422,45.556227],[-122.64241,45.557744],[-122.642456,45.557827],[-122.642545,45.557887],[-122.642731,45.557929],[-122.649711,45.557951],[-122.650209,45.558216],[-122.650186,45.560045],[-122.65091,45.560245],[-122.651778,45.560252],[-122.652149,45.560603],[-122.652138,45.56183],[-122.652185,45.561951],[-122.65233,45.56204],[-122.65246,45.562053],[-122.654566,45.562059],[-122.654648,45.562842],[-122.654826,45.562961],[-122.655131,45.562978],[-122.655629,45.563243],[-122.6556,45.566109],[-122.650106,45.566075],[-122.649497,45.566376],[-122.649488,45.566407],[-122.649475,45.568213],[-122.646436,45.568225],[-122.64621,45.56829],[-122.646137,45.568367],[-122.645983,45.568911],[-122.643627,45.568917],[-122.643588,45.568125],[-122.643477,45.568036],[-122.643302,45.568001],[-122.641489,45.568004]]]]}},{"type":"Feature","properties":{"name":"Vestal Elementary","school_label":"Vestal K-5 Neighborhood","cluster":"McDaniel","clusters":[{"name":"McDaniel","share":0.87},{"name":"Franklin","share":0.13}],"level":"K-5","area_sqmi":1.42},"geometry":{"type":"MultiPolygon","coordinates":[[[[-122.591831,45.523132],[-122.592461,45.523166],[-122.596941,45.523153],[-122.598428,45.522874],[-122.602214,45.522881],[-122.602139,45.528896],[-122.591779,45.534291],[-122.590423,45.53494],[-122.589856,45.535164],[-122.588878,45.535464],[-122.588437,45.535563],[-122.587497,45.535687],[-122.587054,45.535718],[-122.58574,45.535681],[-122.584988,45.535588],[-122.584223,45.535427],[-122.582621,45.534899],[-122.581685,45.534497],[-122.578885,45.533496],[-122.574145,45.531928],[-122.57351,45.531764],[-122.572659,45.53162],[-122.571581,45.53151],[-122.570301,45.531502],[-122.568448,45.531566],[-122.568589,45.522586],[-122.567364,45.522585],[-122.567405,45.520275],[-122.567796,45.520283],[-122.567978,45.520227],[-122.567996,45.52012],[-122.568626,45.520124],[-122.568647,45.519163],[-122.571248,45.519101],[-122.588563,45.519221],[-122.588478,45.519284],[-122.588467,45.519916],[-122.588562,45.520136],[-122.588553,45.520197],[-122.588501,45.520259],[-122.588372,45.520292],[-122.588111,45.520289],[-122.587984,45.520367],[-122.589793,45.521264],[-122.590807,45.521733],[-122.591532,45.522002],[-122.591852,45.522172],[-122.591831,45.523132]]]]}},{"type":"Feature","properties":{"name":"Whitman Elementary","school_label":"Whitman K-5 Neighborhood","cluster":"Cleveland","clusters":[{"name":"Cleveland","share":0.79},{"name":"Franklin","share":0.21}],"level":"K-5","area_sqmi":1.24},"geometry":{"type":"MultiPolygon","coordinates":[[[[-122.608771,45.475844],[-122.594227,45.475874],[-122.59427,45.471095],[-122.588994,45.47113],[-122.588744,45.47112],[-122.588252,45.470991],[-122.579107,45.471028],[-122.5791,45.463483],[-122.579196,45.46153],[-122.585534,45.461499],[-122.586911,45.461535],[-122.589447,45.461534],[-122.602751,45.461489],[-122.61012,45.461521],[-122.610084,45.471795],[-122.609978,45.472491],[-122.608752,45.475928],[-122.608771,45.475844]]]]}},{"type":"Feature","properties":{"name":"Woodlawn Elementary","school_label":"Woodlawn K-5 Neighborhood","cluster":"Jefferson","clusters":[{"name":"Jefferson","share":1.0}],"level":"K-5","area_sqmi":1.82},"geometry":{"type":"MultiPolygon","coordinates":[[[[-122.680905,45.588305],[-122.679282,45.588168],[-122.678056,45.587902],[-122.677177,45.587613],[-122.676326,45.587187],[-122.675682,45.586796],[-122.675208,45.586599],[-122.674718,45.586547],[-122.674285,45.586594],[-122.673469,45.586868],[-122.672607,45.587052],[-122.672238,45.587059],[-122.671305,45.586787],[-122.668592,45.585291],[-122.667846,45.585077],[-122.666899,45.585011],[-122.666156,45.585208],[-122.665517,45.585555],[-122.664801,45.586194],[-122.664545,45.58632],[-122.663638,45.586459],[-122.663158,45.586407],[-122.662673,45.586196],[-122.662229,45.585937],[-122.661064,45.585532],[-122.657883,45.58464],[-122.656837,45.584225],[-122.65318,45.583074],[-122.651878,45.582794],[-122.650691,45.582702],[-122.649642,45.582805],[-122.6492,45.582912],[-122.647901,45.582716],[-122.647883,45.58219],[-122.646351,45.582165],[-122.646382,45.57965],[-122.643689,45.579639],[-122.643756,45.576605],[-122.643729,45.576468],[-122.643729,45.575531],[-122.643626,45.575068],[-122.643636,45.574122],[-122.643267,45.574122],[-122.643289,45.572574],[-122.646437,45.572569],[-122.646444,45.568453],[-122.649842,45.56845],[-122.649802,45.568253],[-122.649813,45.566408],[-122.649864,45.566301],[-122.661069,45.566365],[-122.661223,45.56643],[-122.664567,45.566444],[-122.66453,45.569981],[-122.664139,45.56998],[-122.664139,45.571809],[-122.668601,45.571809],[-122.668587,45.57203],[-122.671563,45.572058],[-122.671573,45.571738],[-122.678577,45.57178],[-122.678533,45.57723],[-122.678468,45.579975],[-122.678484,45.581644],[-122.678538,45.582222],[-122.678597,45.582671],[-122.678714,45.583202],[-122.679018,45.584118],[-122.680905,45.588305]]]]}},{"type":"Feature","properties":{"name":"Woodmere Elementary","school_label":"Woodmere K-5 Neighborhood","cluster":"Franklin","clusters":[{"name":"Franklin","share":0.75},{"name":"Cleveland","share":0.25}],"level":"K-5","area_sqmi":0.69},"geometry":{"type":"MultiPolygon","coordinates":[[[[-122.594227,45.475874],[-122.598421,45.475843],[-122.608771,45.475844],[-122.608756,45.479175],[-122.592215,45.479135],[-122.591502,45.479544],[-122.589312,45.479531],[-122.588026,45.479615],[-122.581512,45.479627],[-122.579025,45.479489],[-122.578976,45.482821],[-122.577538,45.482298],[-122.574859,45.481615],[-122.574879,45.480601],[-122.575898,45.480613],[-122.575944,45.4794],[-122.575412,45.47938],[-122.57555,45.47578],[-122.577059,45.475829],[-122.577046,45.472262],[-122.579095,45.472286],[-122.579107,45.471028],[-122.588252,45.470991],[-122.588744,45.47112],[-122.588994,45.47113],[-122.59427,45.471095],[-122.594227,45.475874]]]]}},{"type":"Feature","properties":{"name":"Woodstock Elementary","school_label":"Woodstock K-5 Mandarin Immersion","cluster":"Cleveland","clusters":[{"name":"Cleveland","share":0.91},{"name":"Franklin","share":0.09}],"level":"K-5","area_sqmi":0.79},"geometry":{"type":"MultiPolygon","coordinates":[[[[-122.617812,45.49031],[-122.601334,45.490301],[-122.601339,45.4854],[-122.60212,45.485417],[-122.602159,45.483068],[-122.599589,45.483062],[-122.599628,45.480082],[-122.597048,45.480075],[-122.597071,45.479153],[-122.623649,45.479212],[-122.623633,45.482802],[-122.622668,45.482797],[-122.622663,45.486699],[-122.620603,45.486692],[-122.620568,45.487561],[-122.620532,45.487768],[-122.620381,45.488113],[-122.617801,45.488115],[-122.617812,45.49031]]]]}}]}